[2026-02-17T23:01:42.684+0000] {manager.py:470} INFO - Processing files using up to 2 processes at a time 
[2026-02-17T23:01:42.685+0000] {manager.py:471} INFO - Process each file at most once every 30 seconds
[2026-02-17T23:01:42.685+0000] {manager.py:472} INFO - Checking for new files in /opt/airflow/dags every 300 seconds
[2026-02-17T23:01:42.686+0000] {manager.py:737} INFO - Searching for files in /opt/airflow/dags
[2026-02-17T23:01:42.690+0000] {manager.py:740} INFO - There are 0 files in /opt/airflow/dags
[2026-02-17T23:06:43.175+0000] {manager.py:737} INFO - Searching for files in /opt/airflow/dags
[2026-02-17T23:06:43.231+0000] {manager.py:740} INFO - There are 1 files in /opt/airflow/dags
[2026-02-17T23:06:55.159+0000] {manager.py:470} INFO - Processing files using up to 2 processes at a time 
[2026-02-17T23:06:55.160+0000] {manager.py:471} INFO - Process each file at most once every 30 seconds
[2026-02-17T23:06:55.161+0000] {manager.py:472} INFO - Checking for new files in /opt/airflow/dags every 300 seconds
[2026-02-17T23:06:55.162+0000] {manager.py:737} INFO - Searching for files in /opt/airflow/dags
[2026-02-17T23:06:55.179+0000] {manager.py:740} INFO - There are 1 files in /opt/airflow/dags
[2026-02-17T23:06:55.308+0000] {manager.py:878} INFO - 
================================================================================
DAG File Processing Stats

File Path                                 PID  Runtime      # DAGs    # Errors  Last Runtime    Last Run
--------------------------------------  -----  ---------  --------  ----------  --------------  ----------
/opt/airflow/dags/lakehouse_bsg_dag.py    176  0.06s             0           0
================================================================================
[2026-02-17T23:07:28.197+0000] {manager.py:878} INFO - 
================================================================================
DAG File Processing Stats

File Path                               PID    Runtime      # DAGs    # Errors  Last Runtime    Last Run
--------------------------------------  -----  ---------  --------  ----------  --------------  -------------------
/opt/airflow/dags/lakehouse_bsg_dag.py                           1           0  0.12s           2026-02-17T23:07:26
================================================================================
[2026-02-17T23:08:01.086+0000] {manager.py:878} INFO - 
================================================================================
DAG File Processing Stats

File Path                               PID    Runtime      # DAGs    # Errors  Last Runtime    Last Run
--------------------------------------  -----  ---------  --------  ----------  --------------  -------------------
/opt/airflow/dags/lakehouse_bsg_dag.py                           1           0  0.10s           2026-02-17T23:07:57
================================================================================
[2026-02-17T23:08:34.073+0000] {manager.py:878} INFO - 
================================================================================
DAG File Processing Stats

File Path                               PID    Runtime      # DAGs    # Errors  Last Runtime    Last Run
--------------------------------------  -----  ---------  --------  ----------  --------------  -------------------
/opt/airflow/dags/lakehouse_bsg_dag.py                           1           0  0.11s           2026-02-17T23:08:28
================================================================================
[2026-02-17T23:09:06.979+0000] {manager.py:878} INFO - 
================================================================================
DAG File Processing Stats

File Path                               PID    Runtime      # DAGs    # Errors  Last Runtime    Last Run
--------------------------------------  -----  ---------  --------  ----------  --------------  -------------------
/opt/airflow/dags/lakehouse_bsg_dag.py                           1           0  0.10s           2026-02-17T23:08:59
================================================================================
[2026-02-17T23:09:39.938+0000] {manager.py:878} INFO - 
================================================================================
DAG File Processing Stats

File Path                               PID    Runtime      # DAGs    # Errors  Last Runtime    Last Run
--------------------------------------  -----  ---------  --------  ----------  --------------  -------------------
/opt/airflow/dags/lakehouse_bsg_dag.py                           1           0  0.09s           2026-02-17T23:09:29
================================================================================
[2026-02-17T23:10:12.840+0000] {manager.py:878} INFO - 
================================================================================
DAG File Processing Stats

File Path                               PID    Runtime      # DAGs    # Errors  Last Runtime    Last Run
--------------------------------------  -----  ---------  --------  ----------  --------------  -------------------
/opt/airflow/dags/lakehouse_bsg_dag.py                           1           0  0.13s           2026-02-17T23:10:00
================================================================================
[2026-02-17T23:10:45.822+0000] {manager.py:878} INFO - 
================================================================================
DAG File Processing Stats

File Path                               PID    Runtime      # DAGs    # Errors  Last Runtime    Last Run
--------------------------------------  -----  ---------  --------  ----------  --------------  -------------------
/opt/airflow/dags/lakehouse_bsg_dag.py                           1           0  0.12s           2026-02-17T23:10:31
================================================================================
[2026-02-17T23:11:18.722+0000] {manager.py:878} INFO - 
================================================================================
DAG File Processing Stats

File Path                               PID    Runtime      # DAGs    # Errors  Last Runtime    Last Run
--------------------------------------  -----  ---------  --------  ----------  --------------  -------------------
/opt/airflow/dags/lakehouse_bsg_dag.py                           1           0  0.09s           2026-02-17T23:11:02
================================================================================
[2026-02-17T23:11:51.692+0000] {manager.py:878} INFO - 
================================================================================
DAG File Processing Stats

File Path                               PID    Runtime      # DAGs    # Errors  Last Runtime    Last Run
--------------------------------------  -----  ---------  --------  ----------  --------------  -------------------
/opt/airflow/dags/lakehouse_bsg_dag.py                           1           0  0.10s           2026-02-17T23:11:33
================================================================================
[2026-02-17T23:11:55.429+0000] {manager.py:737} INFO - Searching for files in /opt/airflow/dags
[2026-02-17T23:11:55.450+0000] {manager.py:740} INFO - There are 1 files in /opt/airflow/dags
[2026-02-17T23:12:24.625+0000] {manager.py:878} INFO - 
================================================================================
DAG File Processing Stats

File Path                               PID    Runtime      # DAGs    # Errors  Last Runtime    Last Run
--------------------------------------  -----  ---------  --------  ----------  --------------  -------------------
/opt/airflow/dags/lakehouse_bsg_dag.py                           1           0  0.11s           2026-02-17T23:12:04
================================================================================
[2026-02-17T23:13:00.357+0000] {manager.py:878} INFO - 
================================================================================
DAG File Processing Stats

File Path                               PID    Runtime      # DAGs    # Errors  Last Runtime    Last Run
--------------------------------------  -----  ---------  --------  ----------  --------------  -------------------
/opt/airflow/dags/lakehouse_bsg_dag.py                           1           0  0.09s           2026-02-17T23:12:35
================================================================================
[2026-02-17T23:13:33.291+0000] {manager.py:878} INFO - 
================================================================================
DAG File Processing Stats

File Path                               PID    Runtime      # DAGs    # Errors  Last Runtime    Last Run
--------------------------------------  -----  ---------  --------  ----------  --------------  -------------------
/opt/airflow/dags/lakehouse_bsg_dag.py                           1           0  0.22s           2026-02-17T23:13:06
================================================================================
[2026-02-17T23:14:06.244+0000] {manager.py:878} INFO - 
================================================================================
DAG File Processing Stats

File Path                               PID    Runtime      # DAGs    # Errors  Last Runtime    Last Run
--------------------------------------  -----  ---------  --------  ----------  --------------  -------------------
/opt/airflow/dags/lakehouse_bsg_dag.py                           1           0  0.12s           2026-02-17T23:13:37
================================================================================
[2026-02-17T23:14:39.221+0000] {manager.py:878} INFO - 
================================================================================
DAG File Processing Stats

File Path                                 PID  Runtime      # DAGs    # Errors  Last Runtime    Last Run
--------------------------------------  -----  ---------  --------  ----------  --------------  -------------------
/opt/airflow/dags/lakehouse_bsg_dag.py    251  0.01s             1           0  0.09s           2026-02-17T23:14:08
================================================================================
[2026-02-17T23:15:12.162+0000] {manager.py:878} INFO - 
================================================================================
DAG File Processing Stats

File Path                                 PID  Runtime      # DAGs    # Errors  Last Runtime    Last Run
--------------------------------------  -----  ---------  --------  ----------  --------------  -------------------
/opt/airflow/dags/lakehouse_bsg_dag.py    256  0.00s             1           0  0.14s           2026-02-17T23:14:39
================================================================================
[2026-02-17T23:15:45.142+0000] {manager.py:878} INFO - 
================================================================================
DAG File Processing Stats

File Path                               PID    Runtime      # DAGs    # Errors  Last Runtime    Last Run
--------------------------------------  -----  ---------  --------  ----------  --------------  -------------------
/opt/airflow/dags/lakehouse_bsg_dag.py                           1           0  0.09s           2026-02-17T23:15:44
================================================================================
[2026-02-17T23:16:18.143+0000] {manager.py:878} INFO - 
================================================================================
DAG File Processing Stats

File Path                               PID    Runtime      # DAGs    # Errors  Last Runtime    Last Run
--------------------------------------  -----  ---------  --------  ----------  --------------  -------------------
/opt/airflow/dags/lakehouse_bsg_dag.py                           1           0  0.41s           2026-02-17T23:16:17
================================================================================
[2026-02-17T23:16:51.027+0000] {manager.py:878} INFO - 
================================================================================
DAG File Processing Stats

File Path                               PID    Runtime      # DAGs    # Errors  Last Runtime    Last Run
--------------------------------------  -----  ---------  --------  ----------  --------------  -------------------
/opt/airflow/dags/lakehouse_bsg_dag.py                           1           0  0.10s           2026-02-17T23:16:50
================================================================================
[2026-02-17T23:16:56.054+0000] {manager.py:737} INFO - Searching for files in /opt/airflow/dags
[2026-02-17T23:16:56.074+0000] {manager.py:740} INFO - There are 1 files in /opt/airflow/dags
[2026-02-17T23:17:23.977+0000] {manager.py:878} INFO - 
================================================================================
DAG File Processing Stats

File Path                               PID    Runtime      # DAGs    # Errors  Last Runtime    Last Run
--------------------------------------  -----  ---------  --------  ----------  --------------  -------------------
/opt/airflow/dags/lakehouse_bsg_dag.py                           1           0  0.13s           2026-02-17T23:17:23
================================================================================
[2026-02-17T23:17:56.950+0000] {manager.py:878} INFO - 
================================================================================
DAG File Processing Stats

File Path                               PID    Runtime      # DAGs    # Errors  Last Runtime    Last Run
--------------------------------------  -----  ---------  --------  ----------  --------------  -------------------
/opt/airflow/dags/lakehouse_bsg_dag.py                           1           0  0.10s           2026-02-17T23:17:55
================================================================================
[2026-02-17T23:18:29.914+0000] {manager.py:878} INFO - 
================================================================================
DAG File Processing Stats

File Path                               PID    Runtime      # DAGs    # Errors  Last Runtime    Last Run
--------------------------------------  -----  ---------  --------  ----------  --------------  -------------------
/opt/airflow/dags/lakehouse_bsg_dag.py                           1           0  0.13s           2026-02-17T23:18:27
================================================================================
[2026-02-17T23:19:02.837+0000] {manager.py:878} INFO - 
================================================================================
DAG File Processing Stats

File Path                               PID    Runtime      # DAGs    # Errors  Last Runtime    Last Run
--------------------------------------  -----  ---------  --------  ----------  --------------  -------------------
/opt/airflow/dags/lakehouse_bsg_dag.py                           1           0  0.09s           2026-02-17T23:19:00
================================================================================
[2026-02-17T23:19:35.775+0000] {manager.py:878} INFO - 
================================================================================
DAG File Processing Stats

File Path                               PID    Runtime      # DAGs    # Errors  Last Runtime    Last Run
--------------------------------------  -----  ---------  --------  ----------  --------------  -------------------
/opt/airflow/dags/lakehouse_bsg_dag.py                           1           0  0.09s           2026-02-17T23:19:33
================================================================================
[2026-02-17T23:20:08.711+0000] {manager.py:878} INFO - 
================================================================================
DAG File Processing Stats

File Path                               PID    Runtime      # DAGs    # Errors  Last Runtime    Last Run
--------------------------------------  -----  ---------  --------  ----------  --------------  -------------------
/opt/airflow/dags/lakehouse_bsg_dag.py                           1           0  0.18s           2026-02-17T23:20:06
================================================================================
[2026-02-17T23:20:41.637+0000] {manager.py:878} INFO - 
================================================================================
DAG File Processing Stats

File Path                               PID    Runtime      # DAGs    # Errors  Last Runtime    Last Run
--------------------------------------  -----  ---------  --------  ----------  --------------  -------------------
/opt/airflow/dags/lakehouse_bsg_dag.py                           1           0  0.10s           2026-02-17T23:20:38
================================================================================
[2026-02-17T23:21:14.602+0000] {manager.py:878} INFO - 
================================================================================
DAG File Processing Stats

File Path                               PID    Runtime      # DAGs    # Errors  Last Runtime    Last Run
--------------------------------------  -----  ---------  --------  ----------  --------------  -------------------
/opt/airflow/dags/lakehouse_bsg_dag.py                           1           0  0.09s           2026-02-17T23:21:11
================================================================================
[2026-02-17T23:21:47.480+0000] {manager.py:878} INFO - 
================================================================================
DAG File Processing Stats

File Path                               PID    Runtime      # DAGs    # Errors  Last Runtime    Last Run
--------------------------------------  -----  ---------  --------  ----------  --------------  -------------------
/opt/airflow/dags/lakehouse_bsg_dag.py                           1           0  0.11s           2026-02-17T23:21:44
================================================================================
[2026-02-17T23:21:56.536+0000] {manager.py:737} INFO - Searching for files in /opt/airflow/dags
[2026-02-17T23:21:56.567+0000] {manager.py:740} INFO - There are 1 files in /opt/airflow/dags
[2026-02-17T23:22:20.433+0000] {manager.py:878} INFO - 
================================================================================
DAG File Processing Stats

File Path                               PID    Runtime      # DAGs    # Errors  Last Runtime    Last Run
--------------------------------------  -----  ---------  --------  ----------  --------------  -------------------
/opt/airflow/dags/lakehouse_bsg_dag.py                           1           0  0.10s           2026-02-17T23:22:17
================================================================================
[2026-02-17T23:22:53.364+0000] {manager.py:878} INFO - 
================================================================================
DAG File Processing Stats

File Path                               PID    Runtime      # DAGs    # Errors  Last Runtime    Last Run
--------------------------------------  -----  ---------  --------  ----------  --------------  -------------------
/opt/airflow/dags/lakehouse_bsg_dag.py                           1           0  0.13s           2026-02-17T23:22:50
================================================================================
[2026-02-17T23:23:26.289+0000] {manager.py:878} INFO - 
================================================================================
DAG File Processing Stats

File Path                               PID    Runtime      # DAGs    # Errors  Last Runtime    Last Run
--------------------------------------  -----  ---------  --------  ----------  --------------  -------------------
/opt/airflow/dags/lakehouse_bsg_dag.py                           1           0  0.10s           2026-02-17T23:23:22
================================================================================
[2026-02-17T23:23:59.204+0000] {manager.py:878} INFO - 
================================================================================
DAG File Processing Stats

File Path                               PID    Runtime      # DAGs    # Errors  Last Runtime    Last Run
--------------------------------------  -----  ---------  --------  ----------  --------------  -------------------
/opt/airflow/dags/lakehouse_bsg_dag.py                           1           0  0.09s           2026-02-17T23:23:55
================================================================================
[2026-02-17T23:24:32.149+0000] {manager.py:878} INFO - 
================================================================================
DAG File Processing Stats

File Path                               PID    Runtime      # DAGs    # Errors  Last Runtime    Last Run
--------------------------------------  -----  ---------  --------  ----------  --------------  -------------------
/opt/airflow/dags/lakehouse_bsg_dag.py                           1           0  0.13s           2026-02-17T23:24:28
================================================================================
[2026-02-17T23:25:05.106+0000] {manager.py:878} INFO - 
================================================================================
DAG File Processing Stats

File Path                               PID    Runtime      # DAGs    # Errors  Last Runtime    Last Run
--------------------------------------  -----  ---------  --------  ----------  --------------  -------------------
/opt/airflow/dags/lakehouse_bsg_dag.py                           1           0  0.09s           2026-02-17T23:25:01
================================================================================
[2026-02-17T23:25:37.999+0000] {manager.py:878} INFO - 
================================================================================
DAG File Processing Stats

File Path                               PID    Runtime      # DAGs    # Errors  Last Runtime    Last Run
--------------------------------------  -----  ---------  --------  ----------  --------------  -------------------
/opt/airflow/dags/lakehouse_bsg_dag.py                           1           0  0.10s           2026-02-17T23:25:34
================================================================================
[2026-02-17T23:26:10.961+0000] {manager.py:878} INFO - 
================================================================================
DAG File Processing Stats

File Path                               PID    Runtime      # DAGs    # Errors  Last Runtime    Last Run
--------------------------------------  -----  ---------  --------  ----------  --------------  -------------------
/opt/airflow/dags/lakehouse_bsg_dag.py                           1           0  0.09s           2026-02-17T23:26:06
================================================================================
[2026-02-17T23:26:43.902+0000] {manager.py:878} INFO - 
================================================================================
DAG File Processing Stats

File Path                               PID    Runtime      # DAGs    # Errors  Last Runtime    Last Run
--------------------------------------  -----  ---------  --------  ----------  --------------  -------------------
/opt/airflow/dags/lakehouse_bsg_dag.py                           1           0  0.10s           2026-02-17T23:26:38
================================================================================
[2026-02-17T23:26:56.966+0000] {manager.py:737} INFO - Searching for files in /opt/airflow/dags
[2026-02-17T23:26:56.984+0000] {manager.py:740} INFO - There are 1 files in /opt/airflow/dags
[2026-02-17T23:27:16.844+0000] {manager.py:878} INFO - 
================================================================================
DAG File Processing Stats

File Path                               PID    Runtime      # DAGs    # Errors  Last Runtime    Last Run
--------------------------------------  -----  ---------  --------  ----------  --------------  -------------------
/opt/airflow/dags/lakehouse_bsg_dag.py                           1           0  0.14s           2026-02-17T23:27:11
================================================================================
[2026-02-17T23:27:49.751+0000] {manager.py:878} INFO - 
================================================================================
DAG File Processing Stats

File Path                               PID    Runtime      # DAGs    # Errors  Last Runtime    Last Run
--------------------------------------  -----  ---------  --------  ----------  --------------  -------------------
/opt/airflow/dags/lakehouse_bsg_dag.py                           1           0  0.11s           2026-02-17T23:27:44
================================================================================
[2026-02-17T23:28:22.708+0000] {manager.py:878} INFO - 
================================================================================
DAG File Processing Stats

File Path                               PID    Runtime      # DAGs    # Errors  Last Runtime    Last Run
--------------------------------------  -----  ---------  --------  ----------  --------------  -------------------
/opt/airflow/dags/lakehouse_bsg_dag.py                           1           0  0.10s           2026-02-17T23:28:17
================================================================================
[2026-02-17T23:28:55.599+0000] {manager.py:878} INFO - 
================================================================================
DAG File Processing Stats

File Path                               PID    Runtime      # DAGs    # Errors  Last Runtime    Last Run
--------------------------------------  -----  ---------  --------  ----------  --------------  -------------------
/opt/airflow/dags/lakehouse_bsg_dag.py                           1           0  0.09s           2026-02-17T23:28:49
================================================================================
[2026-02-17T23:29:28.473+0000] {manager.py:878} INFO - 
================================================================================
DAG File Processing Stats

File Path                               PID    Runtime      # DAGs    # Errors  Last Runtime    Last Run
--------------------------------------  -----  ---------  --------  ----------  --------------  -------------------
/opt/airflow/dags/lakehouse_bsg_dag.py                           1           0  0.09s           2026-02-17T23:29:22
================================================================================
[2026-02-17T23:30:01.485+0000] {manager.py:878} INFO - 
================================================================================
DAG File Processing Stats

File Path                               PID    Runtime      # DAGs    # Errors  Last Runtime    Last Run
--------------------------------------  -----  ---------  --------  ----------  --------------  -------------------
/opt/airflow/dags/lakehouse_bsg_dag.py                           1           0  0.11s           2026-02-17T23:29:55
================================================================================
[2026-02-17T23:30:34.368+0000] {manager.py:878} INFO - 
================================================================================
DAG File Processing Stats

File Path                               PID    Runtime      # DAGs    # Errors  Last Runtime    Last Run
--------------------------------------  -----  ---------  --------  ----------  --------------  -------------------
/opt/airflow/dags/lakehouse_bsg_dag.py                           1           0  0.13s           2026-02-17T23:30:28
================================================================================
[2026-02-17T23:31:07.275+0000] {manager.py:878} INFO - 
================================================================================
DAG File Processing Stats

File Path                               PID    Runtime      # DAGs    # Errors  Last Runtime    Last Run
--------------------------------------  -----  ---------  --------  ----------  --------------  -------------------
/opt/airflow/dags/lakehouse_bsg_dag.py                           1           0  0.10s           2026-02-17T23:31:01
================================================================================
[2026-02-17T23:31:40.267+0000] {manager.py:878} INFO - 
================================================================================
DAG File Processing Stats

File Path                               PID    Runtime      # DAGs    # Errors  Last Runtime    Last Run
--------------------------------------  -----  ---------  --------  ----------  --------------  -------------------
/opt/airflow/dags/lakehouse_bsg_dag.py                           1           0  0.13s           2026-02-17T23:31:33
================================================================================
[2026-02-17T23:31:57.371+0000] {manager.py:737} INFO - Searching for files in /opt/airflow/dags
[2026-02-17T23:31:57.389+0000] {manager.py:740} INFO - There are 1 files in /opt/airflow/dags
[2026-02-17T23:32:13.286+0000] {manager.py:878} INFO - 
================================================================================
DAG File Processing Stats

File Path                               PID    Runtime      # DAGs    # Errors  Last Runtime    Last Run
--------------------------------------  -----  ---------  --------  ----------  --------------  -------------------
/opt/airflow/dags/lakehouse_bsg_dag.py                           1           0  0.10s           2026-02-17T23:32:06
================================================================================
[2026-02-17T23:32:46.172+0000] {manager.py:878} INFO - 
================================================================================
DAG File Processing Stats

File Path                               PID    Runtime      # DAGs    # Errors  Last Runtime    Last Run
--------------------------------------  -----  ---------  --------  ----------  --------------  -------------------
/opt/airflow/dags/lakehouse_bsg_dag.py                           1           0  0.10s           2026-02-17T23:32:39
================================================================================
[2026-02-17T23:33:19.161+0000] {manager.py:878} INFO - 
================================================================================
DAG File Processing Stats

File Path                               PID    Runtime      # DAGs    # Errors  Last Runtime    Last Run
--------------------------------------  -----  ---------  --------  ----------  --------------  -------------------
/opt/airflow/dags/lakehouse_bsg_dag.py                           1           0  0.11s           2026-02-17T23:33:12
================================================================================
[2026-02-17T23:33:52.057+0000] {manager.py:878} INFO - 
================================================================================
DAG File Processing Stats

File Path                               PID    Runtime      # DAGs    # Errors  Last Runtime    Last Run
--------------------------------------  -----  ---------  --------  ----------  --------------  -------------------
/opt/airflow/dags/lakehouse_bsg_dag.py                           1           0  0.10s           2026-02-17T23:33:45
================================================================================
[2026-02-17T23:34:25.063+0000] {manager.py:878} INFO - 
================================================================================
DAG File Processing Stats

File Path                               PID    Runtime      # DAGs    # Errors  Last Runtime    Last Run
--------------------------------------  -----  ---------  --------  ----------  --------------  -------------------
/opt/airflow/dags/lakehouse_bsg_dag.py                           1           0  0.09s           2026-02-17T23:34:17
================================================================================
[2026-02-17T23:34:57.979+0000] {manager.py:878} INFO - 
================================================================================
DAG File Processing Stats

File Path                               PID    Runtime      # DAGs    # Errors  Last Runtime    Last Run
--------------------------------------  -----  ---------  --------  ----------  --------------  -------------------
/opt/airflow/dags/lakehouse_bsg_dag.py                           1           0  0.11s           2026-02-17T23:34:50
================================================================================
[2026-02-17T23:35:30.946+0000] {manager.py:878} INFO - 
================================================================================
DAG File Processing Stats

File Path                               PID    Runtime      # DAGs    # Errors  Last Runtime    Last Run
--------------------------------------  -----  ---------  --------  ----------  --------------  -------------------
/opt/airflow/dags/lakehouse_bsg_dag.py                           1           0  0.10s           2026-02-17T23:35:22
================================================================================
[2026-02-17T23:36:03.867+0000] {manager.py:878} INFO - 
================================================================================
DAG File Processing Stats

File Path                               PID    Runtime      # DAGs    # Errors  Last Runtime    Last Run
--------------------------------------  -----  ---------  --------  ----------  --------------  -------------------
/opt/airflow/dags/lakehouse_bsg_dag.py                           1           0  0.10s           2026-02-17T23:35:55
================================================================================
[2026-02-17T23:36:36.876+0000] {manager.py:878} INFO - 
================================================================================
DAG File Processing Stats

File Path                               PID    Runtime      # DAGs    # Errors  Last Runtime    Last Run
--------------------------------------  -----  ---------  --------  ----------  --------------  -------------------
/opt/airflow/dags/lakehouse_bsg_dag.py                           1           0  0.10s           2026-02-17T23:36:27
================================================================================
[2026-02-17T23:37:00.727+0000] {manager.py:737} INFO - Searching for files in /opt/airflow/dags
[2026-02-17T23:37:00.769+0000] {manager.py:740} INFO - There are 1 files in /opt/airflow/dags
[2026-02-17T23:37:09.886+0000] {manager.py:878} INFO - 
================================================================================
DAG File Processing Stats

File Path                               PID    Runtime      # DAGs    # Errors  Last Runtime    Last Run
--------------------------------------  -----  ---------  --------  ----------  --------------  -------------------
/opt/airflow/dags/lakehouse_bsg_dag.py                           1           0  0.12s           2026-02-17T23:37:00
================================================================================
[2026-02-17T23:37:42.858+0000] {manager.py:878} INFO - 
================================================================================
DAG File Processing Stats

File Path                               PID    Runtime      # DAGs    # Errors  Last Runtime    Last Run
--------------------------------------  -----  ---------  --------  ----------  --------------  -------------------
/opt/airflow/dags/lakehouse_bsg_dag.py                           1           0  0.13s           2026-02-17T23:37:33
================================================================================
[2026-02-17T23:38:15.850+0000] {manager.py:878} INFO - 
================================================================================
DAG File Processing Stats

File Path                               PID    Runtime      # DAGs    # Errors  Last Runtime    Last Run
--------------------------------------  -----  ---------  --------  ----------  --------------  -------------------
/opt/airflow/dags/lakehouse_bsg_dag.py                           1           0  0.09s           2026-02-17T23:38:06
================================================================================
[2026-02-17T23:38:48.789+0000] {manager.py:878} INFO - 
================================================================================
DAG File Processing Stats

File Path                               PID    Runtime      # DAGs    # Errors  Last Runtime    Last Run
--------------------------------------  -----  ---------  --------  ----------  --------------  -------------------
/opt/airflow/dags/lakehouse_bsg_dag.py                           1           0  0.10s           2026-02-17T23:38:39
================================================================================
[2026-02-17T23:39:21.803+0000] {manager.py:878} INFO - 
================================================================================
DAG File Processing Stats

File Path                               PID    Runtime      # DAGs    # Errors  Last Runtime    Last Run
--------------------------------------  -----  ---------  --------  ----------  --------------  -------------------
/opt/airflow/dags/lakehouse_bsg_dag.py                           1           0  0.15s           2026-02-17T23:39:11
================================================================================
[2026-02-17T23:39:54.742+0000] {manager.py:878} INFO - 
================================================================================
DAG File Processing Stats

File Path                               PID    Runtime      # DAGs    # Errors  Last Runtime    Last Run
--------------------------------------  -----  ---------  --------  ----------  --------------  -------------------
/opt/airflow/dags/lakehouse_bsg_dag.py                           1           0  0.09s           2026-02-17T23:39:44
================================================================================
[2026-02-17T23:40:27.670+0000] {manager.py:878} INFO - 
================================================================================
DAG File Processing Stats

File Path                               PID    Runtime      # DAGs    # Errors  Last Runtime    Last Run
--------------------------------------  -----  ---------  --------  ----------  --------------  -------------------
/opt/airflow/dags/lakehouse_bsg_dag.py                           1           0  0.09s           2026-02-17T23:40:17
================================================================================
[2026-02-17T23:41:00.620+0000] {manager.py:878} INFO - 
================================================================================
DAG File Processing Stats

File Path                               PID    Runtime      # DAGs    # Errors  Last Runtime    Last Run
--------------------------------------  -----  ---------  --------  ----------  --------------  -------------------
/opt/airflow/dags/lakehouse_bsg_dag.py                           1           0  0.09s           2026-02-17T23:40:50
================================================================================
[2026-02-17T23:41:33.570+0000] {manager.py:878} INFO - 
================================================================================
DAG File Processing Stats

File Path                               PID    Runtime      # DAGs    # Errors  Last Runtime    Last Run
--------------------------------------  -----  ---------  --------  ----------  --------------  -------------------
/opt/airflow/dags/lakehouse_bsg_dag.py                           1           0  0.09s           2026-02-17T23:41:22
================================================================================
[2026-02-17T23:42:01.544+0000] {manager.py:737} INFO - Searching for files in /opt/airflow/dags
[2026-02-17T23:42:01.564+0000] {manager.py:740} INFO - There are 1 files in /opt/airflow/dags
[2026-02-17T23:42:06.604+0000] {manager.py:878} INFO - 
================================================================================
DAG File Processing Stats

File Path                               PID    Runtime      # DAGs    # Errors  Last Runtime    Last Run
--------------------------------------  -----  ---------  --------  ----------  --------------  -------------------
/opt/airflow/dags/lakehouse_bsg_dag.py                           1           0  0.10s           2026-02-17T23:41:55
================================================================================
[2026-02-17T23:42:39.560+0000] {manager.py:878} INFO - 
================================================================================
DAG File Processing Stats

File Path                               PID    Runtime      # DAGs    # Errors  Last Runtime    Last Run
--------------------------------------  -----  ---------  --------  ----------  --------------  -------------------
/opt/airflow/dags/lakehouse_bsg_dag.py                           1           0  0.09s           2026-02-17T23:42:28
================================================================================
[2026-02-17T23:43:12.555+0000] {manager.py:878} INFO - 
================================================================================
DAG File Processing Stats

File Path                               PID    Runtime      # DAGs    # Errors  Last Runtime    Last Run
--------------------------------------  -----  ---------  --------  ----------  --------------  -------------------
/opt/airflow/dags/lakehouse_bsg_dag.py                           1           0  0.10s           2026-02-17T23:43:01
================================================================================
[2026-02-17T23:43:45.483+0000] {manager.py:878} INFO - 
================================================================================
DAG File Processing Stats

File Path                               PID    Runtime      # DAGs    # Errors  Last Runtime    Last Run
--------------------------------------  -----  ---------  --------  ----------  --------------  -------------------
/opt/airflow/dags/lakehouse_bsg_dag.py                           1           0  0.09s           2026-02-17T23:43:33
================================================================================
[2026-02-17T23:44:18.457+0000] {manager.py:878} INFO - 
================================================================================
DAG File Processing Stats

File Path                               PID    Runtime      # DAGs    # Errors  Last Runtime    Last Run
--------------------------------------  -----  ---------  --------  ----------  --------------  -------------------
/opt/airflow/dags/lakehouse_bsg_dag.py                           1           0  0.11s           2026-02-17T23:44:06
================================================================================
[2026-02-17T23:44:51.378+0000] {manager.py:878} INFO - 
================================================================================
DAG File Processing Stats

File Path                               PID    Runtime      # DAGs    # Errors  Last Runtime    Last Run
--------------------------------------  -----  ---------  --------  ----------  --------------  -------------------
/opt/airflow/dags/lakehouse_bsg_dag.py                           1           0  0.09s           2026-02-17T23:44:39
================================================================================
[2026-02-17T23:45:24.339+0000] {manager.py:878} INFO - 
================================================================================
DAG File Processing Stats

File Path                               PID    Runtime      # DAGs    # Errors  Last Runtime    Last Run
--------------------------------------  -----  ---------  --------  ----------  --------------  -------------------
/opt/airflow/dags/lakehouse_bsg_dag.py                           1           0  0.10s           2026-02-17T23:45:12
================================================================================
[2026-02-18T00:16:10.335+0000] {manager.py:737} INFO - Searching for files in /opt/airflow/dags
[2026-02-18T00:16:10.409+0000] {manager.py:740} INFO - There are 1 files in /opt/airflow/dags
[2026-02-18T00:16:15.126+0000] {manager.py:878} INFO - 
================================================================================
DAG File Processing Stats

File Path                               PID    Runtime      # DAGs    # Errors  Last Runtime    Last Run
--------------------------------------  -----  ---------  --------  ----------  --------------  -------------------
/opt/airflow/dags/lakehouse_bsg_dag.py                           1           0  0.66s           2026-02-18T00:16:11
================================================================================
[2026-02-18T00:16:45.565+0000] {manager.py:878} INFO - 
================================================================================
DAG File Processing Stats

File Path                               PID    Runtime      # DAGs    # Errors  Last Runtime    Last Run
--------------------------------------  -----  ---------  --------  ----------  --------------  -------------------
/opt/airflow/dags/lakehouse_bsg_dag.py                           1           0  3.13s           2026-02-18T00:16:44
================================================================================
[2026-02-18T00:17:18.580+0000] {manager.py:878} INFO - 
================================================================================
DAG File Processing Stats

File Path                               PID    Runtime      # DAGs    # Errors  Last Runtime    Last Run
--------------------------------------  -----  ---------  --------  ----------  --------------  -------------------
/opt/airflow/dags/lakehouse_bsg_dag.py                           1           0  0.14s           2026-02-18T00:17:15
================================================================================
[2026-02-18T00:17:51.562+0000] {manager.py:878} INFO - 
================================================================================
DAG File Processing Stats

File Path                               PID    Runtime      # DAGs    # Errors  Last Runtime    Last Run
--------------------------------------  -----  ---------  --------  ----------  --------------  -------------------
/opt/airflow/dags/lakehouse_bsg_dag.py                           1           0  0.15s           2026-02-18T00:17:46
================================================================================
[2026-02-18T00:18:24.511+0000] {manager.py:878} INFO - 
================================================================================
DAG File Processing Stats

File Path                               PID    Runtime      # DAGs    # Errors  Last Runtime    Last Run
--------------------------------------  -----  ---------  --------  ----------  --------------  -------------------
/opt/airflow/dags/lakehouse_bsg_dag.py                           1           0  0.11s           2026-02-18T00:18:17
================================================================================
[2026-02-18T00:18:57.500+0000] {manager.py:878} INFO - 
================================================================================
DAG File Processing Stats

File Path                               PID    Runtime      # DAGs    # Errors  Last Runtime    Last Run
--------------------------------------  -----  ---------  --------  ----------  --------------  -------------------
/opt/airflow/dags/lakehouse_bsg_dag.py                           1           0  0.10s           2026-02-18T00:18:48
================================================================================
[2026-02-18T00:19:30.420+0000] {manager.py:878} INFO - 
================================================================================
DAG File Processing Stats

File Path                               PID    Runtime      # DAGs    # Errors  Last Runtime    Last Run
--------------------------------------  -----  ---------  --------  ----------  --------------  -------------------
/opt/airflow/dags/lakehouse_bsg_dag.py                           1           0  0.10s           2026-02-18T00:19:19
================================================================================
[2026-02-18T00:20:03.413+0000] {manager.py:878} INFO - 
================================================================================
DAG File Processing Stats

File Path                               PID    Runtime      # DAGs    # Errors  Last Runtime    Last Run
--------------------------------------  -----  ---------  --------  ----------  --------------  -------------------
/opt/airflow/dags/lakehouse_bsg_dag.py                           1           0  0.09s           2026-02-18T00:19:50
================================================================================
[2026-02-18T00:20:36.322+0000] {manager.py:878} INFO - 
================================================================================
DAG File Processing Stats

File Path                               PID    Runtime      # DAGs    # Errors  Last Runtime    Last Run
--------------------------------------  -----  ---------  --------  ----------  --------------  -------------------
/opt/airflow/dags/lakehouse_bsg_dag.py                           1           0  0.09s           2026-02-18T00:20:22
================================================================================
[2026-02-18T00:21:09.289+0000] {manager.py:878} INFO - 
================================================================================
DAG File Processing Stats

File Path                               PID    Runtime      # DAGs    # Errors  Last Runtime    Last Run
--------------------------------------  -----  ---------  --------  ----------  --------------  -------------------
/opt/airflow/dags/lakehouse_bsg_dag.py                           1           0  0.09s           2026-02-18T00:20:55
================================================================================
[2026-02-18T00:21:11.298+0000] {manager.py:737} INFO - Searching for files in /opt/airflow/dags
[2026-02-18T00:21:11.317+0000] {manager.py:740} INFO - There are 1 files in /opt/airflow/dags
[2026-02-18T00:21:42.230+0000] {manager.py:878} INFO - 
================================================================================
DAG File Processing Stats

File Path                               PID    Runtime      # DAGs    # Errors  Last Runtime    Last Run
--------------------------------------  -----  ---------  --------  ----------  --------------  -------------------
/opt/airflow/dags/lakehouse_bsg_dag.py                           1           0  0.11s           2026-02-18T00:21:27
================================================================================
[2026-02-18T00:22:15.221+0000] {manager.py:878} INFO - 
================================================================================
DAG File Processing Stats

File Path                               PID    Runtime      # DAGs    # Errors  Last Runtime    Last Run
--------------------------------------  -----  ---------  --------  ----------  --------------  -------------------
/opt/airflow/dags/lakehouse_bsg_dag.py                           1           0  0.09s           2026-02-18T00:22:00
================================================================================
[2026-02-18T00:22:48.133+0000] {manager.py:878} INFO - 
================================================================================
DAG File Processing Stats

File Path                               PID    Runtime      # DAGs    # Errors  Last Runtime    Last Run
--------------------------------------  -----  ---------  --------  ----------  --------------  -------------------
/opt/airflow/dags/lakehouse_bsg_dag.py                           1           0  0.11s           2026-02-18T00:22:33
================================================================================
[2026-02-18T00:23:21.123+0000] {manager.py:878} INFO - 
================================================================================
DAG File Processing Stats

File Path                               PID    Runtime      # DAGs    # Errors  Last Runtime    Last Run
--------------------------------------  -----  ---------  --------  ----------  --------------  -------------------
/opt/airflow/dags/lakehouse_bsg_dag.py                           1           0  0.09s           2026-02-18T00:23:06
================================================================================
[2026-02-18T00:23:54.035+0000] {manager.py:878} INFO - 
================================================================================
DAG File Processing Stats

File Path                               PID    Runtime      # DAGs    # Errors  Last Runtime    Last Run
--------------------------------------  -----  ---------  --------  ----------  --------------  -------------------
/opt/airflow/dags/lakehouse_bsg_dag.py                           1           0  0.09s           2026-02-18T00:23:38
================================================================================
[2026-02-18T00:24:27.002+0000] {manager.py:878} INFO - 
================================================================================
DAG File Processing Stats

File Path                               PID    Runtime      # DAGs    # Errors  Last Runtime    Last Run
--------------------------------------  -----  ---------  --------  ----------  --------------  -------------------
/opt/airflow/dags/lakehouse_bsg_dag.py                           1           0  0.10s           2026-02-18T00:24:10
================================================================================
[2026-02-18T00:24:59.938+0000] {manager.py:878} INFO - 
================================================================================
DAG File Processing Stats

File Path                               PID    Runtime      # DAGs    # Errors  Last Runtime    Last Run
--------------------------------------  -----  ---------  --------  ----------  --------------  -------------------
/opt/airflow/dags/lakehouse_bsg_dag.py                           1           0  0.12s           2026-02-18T00:24:43
================================================================================
[2026-02-18T00:25:32.941+0000] {manager.py:878} INFO - 
================================================================================
DAG File Processing Stats

File Path                               PID    Runtime      # DAGs    # Errors  Last Runtime    Last Run
--------------------------------------  -----  ---------  --------  ----------  --------------  -------------------
/opt/airflow/dags/lakehouse_bsg_dag.py                           1           0  0.10s           2026-02-18T00:25:16
================================================================================
[2026-02-18T00:26:05.879+0000] {manager.py:878} INFO - 
================================================================================
DAG File Processing Stats

File Path                               PID    Runtime      # DAGs    # Errors  Last Runtime    Last Run
--------------------------------------  -----  ---------  --------  ----------  --------------  -------------------
/opt/airflow/dags/lakehouse_bsg_dag.py                           1           0  0.12s           2026-02-18T00:25:49
================================================================================
[2026-02-18T00:26:11.912+0000] {manager.py:737} INFO - Searching for files in /opt/airflow/dags
[2026-02-18T00:26:11.930+0000] {manager.py:740} INFO - There are 1 files in /opt/airflow/dags
[2026-02-18T00:26:38.890+0000] {manager.py:878} INFO - 
================================================================================
DAG File Processing Stats

File Path                               PID    Runtime      # DAGs    # Errors  Last Runtime    Last Run
--------------------------------------  -----  ---------  --------  ----------  --------------  -------------------
/opt/airflow/dags/lakehouse_bsg_dag.py                           1           0  0.09s           2026-02-18T00:26:21
================================================================================
[2026-02-18T00:27:11.808+0000] {manager.py:878} INFO - 
================================================================================
DAG File Processing Stats

File Path                               PID    Runtime      # DAGs    # Errors  Last Runtime    Last Run
--------------------------------------  -----  ---------  --------  ----------  --------------  -------------------
/opt/airflow/dags/lakehouse_bsg_dag.py                           1           0  0.12s           2026-02-18T00:26:54
================================================================================
[2026-02-18T00:27:45.034+0000] {manager.py:878} INFO - 
================================================================================
DAG File Processing Stats

File Path                               PID    Runtime      # DAGs    # Errors  Last Runtime    Last Run
--------------------------------------  -----  ---------  --------  ----------  --------------  -------------------
/opt/airflow/dags/lakehouse_bsg_dag.py                           1           0  0.09s           2026-02-18T00:27:28
================================================================================
[2026-02-18T00:28:17.976+0000] {manager.py:878} INFO - 
================================================================================
DAG File Processing Stats

File Path                               PID    Runtime      # DAGs    # Errors  Last Runtime    Last Run
--------------------------------------  -----  ---------  --------  ----------  --------------  -------------------
/opt/airflow/dags/lakehouse_bsg_dag.py                           1           0  0.09s           2026-02-18T00:27:59
================================================================================
[2026-02-18T00:28:50.874+0000] {manager.py:878} INFO - 
================================================================================
DAG File Processing Stats

File Path                               PID    Runtime      # DAGs    # Errors  Last Runtime    Last Run
--------------------------------------  -----  ---------  --------  ----------  --------------  -------------------
/opt/airflow/dags/lakehouse_bsg_dag.py                           1           0  0.09s           2026-02-18T00:28:32
================================================================================
[2026-02-18T00:29:23.790+0000] {manager.py:878} INFO - 
================================================================================
DAG File Processing Stats

File Path                               PID    Runtime      # DAGs    # Errors  Last Runtime    Last Run
--------------------------------------  -----  ---------  --------  ----------  --------------  -------------------
/opt/airflow/dags/lakehouse_bsg_dag.py                           1           0  0.09s           2026-02-18T00:29:05
================================================================================
[2026-02-18T00:29:56.690+0000] {manager.py:878} INFO - 
================================================================================
DAG File Processing Stats

File Path                               PID    Runtime      # DAGs    # Errors  Last Runtime    Last Run
--------------------------------------  -----  ---------  --------  ----------  --------------  -------------------
/opt/airflow/dags/lakehouse_bsg_dag.py                           1           0  0.09s           2026-02-18T00:29:38
================================================================================
[2026-02-18T00:30:29.618+0000] {manager.py:878} INFO - 
================================================================================
DAG File Processing Stats

File Path                               PID    Runtime      # DAGs    # Errors  Last Runtime    Last Run
--------------------------------------  -----  ---------  --------  ----------  --------------  -------------------
/opt/airflow/dags/lakehouse_bsg_dag.py                           1           0  0.11s           2026-02-18T00:30:11
================================================================================
[2026-02-18T00:31:02.525+0000] {manager.py:878} INFO - 
================================================================================
DAG File Processing Stats

File Path                               PID    Runtime      # DAGs    # Errors  Last Runtime    Last Run
--------------------------------------  -----  ---------  --------  ----------  --------------  -------------------
/opt/airflow/dags/lakehouse_bsg_dag.py                           1           0  0.09s           2026-02-18T00:30:43
================================================================================
[2026-02-18T00:31:12.566+0000] {manager.py:737} INFO - Searching for files in /opt/airflow/dags
[2026-02-18T00:31:12.584+0000] {manager.py:740} INFO - There are 1 files in /opt/airflow/dags
[2026-02-18T00:31:35.471+0000] {manager.py:878} INFO - 
================================================================================
DAG File Processing Stats

File Path                               PID    Runtime      # DAGs    # Errors  Last Runtime    Last Run
--------------------------------------  -----  ---------  --------  ----------  --------------  -------------------
/opt/airflow/dags/lakehouse_bsg_dag.py                           1           0  0.09s           2026-02-18T00:31:16
================================================================================
[2026-02-18T00:32:08.348+0000] {manager.py:878} INFO - 
================================================================================
DAG File Processing Stats

File Path                               PID    Runtime      # DAGs    # Errors  Last Runtime    Last Run
--------------------------------------  -----  ---------  --------  ----------  --------------  -------------------
/opt/airflow/dags/lakehouse_bsg_dag.py                           1           0  0.11s           2026-02-18T00:31:49
================================================================================
[2026-02-18T00:32:41.302+0000] {manager.py:878} INFO - 
================================================================================
DAG File Processing Stats

File Path                               PID    Runtime      # DAGs    # Errors  Last Runtime    Last Run
--------------------------------------  -----  ---------  --------  ----------  --------------  -------------------
/opt/airflow/dags/lakehouse_bsg_dag.py                           1           0  0.11s           2026-02-18T00:32:22
================================================================================
[2026-02-18T00:33:14.249+0000] {manager.py:878} INFO - 
================================================================================
DAG File Processing Stats

File Path                               PID    Runtime      # DAGs    # Errors  Last Runtime    Last Run
--------------------------------------  -----  ---------  --------  ----------  --------------  -------------------
/opt/airflow/dags/lakehouse_bsg_dag.py                           1           0  0.10s           2026-02-18T00:32:55
================================================================================
[2026-02-18T00:33:47.155+0000] {manager.py:878} INFO - 
================================================================================
DAG File Processing Stats

File Path                               PID    Runtime      # DAGs    # Errors  Last Runtime    Last Run
--------------------------------------  -----  ---------  --------  ----------  --------------  -------------------
/opt/airflow/dags/lakehouse_bsg_dag.py                           1           0  0.12s           2026-02-18T00:33:28
================================================================================
[2026-02-18T00:34:20.029+0000] {manager.py:878} INFO - 
================================================================================
DAG File Processing Stats

File Path                               PID    Runtime      # DAGs    # Errors  Last Runtime    Last Run
--------------------------------------  -----  ---------  --------  ----------  --------------  -------------------
/opt/airflow/dags/lakehouse_bsg_dag.py                           1           0  0.10s           2026-02-18T00:34:00
================================================================================
[2026-02-18T00:34:53.001+0000] {manager.py:878} INFO - 
================================================================================
DAG File Processing Stats

File Path                               PID    Runtime      # DAGs    # Errors  Last Runtime    Last Run
--------------------------------------  -----  ---------  --------  ----------  --------------  -------------------
/opt/airflow/dags/lakehouse_bsg_dag.py                           1           0  0.10s           2026-02-18T00:34:32
================================================================================
[2026-02-18T00:35:25.891+0000] {manager.py:878} INFO - 
================================================================================
DAG File Processing Stats

File Path                               PID    Runtime      # DAGs    # Errors  Last Runtime    Last Run
--------------------------------------  -----  ---------  --------  ----------  --------------  -------------------
/opt/airflow/dags/lakehouse_bsg_dag.py                           1           0  0.15s           2026-02-18T00:35:05
================================================================================
[2026-02-18T00:35:58.784+0000] {manager.py:878} INFO - 
================================================================================
DAG File Processing Stats

File Path                               PID    Runtime      # DAGs    # Errors  Last Runtime    Last Run
--------------------------------------  -----  ---------  --------  ----------  --------------  -------------------
/opt/airflow/dags/lakehouse_bsg_dag.py                           1           0  0.09s           2026-02-18T00:35:38
================================================================================
[2026-02-18T00:36:12.616+0000] {manager.py:737} INFO - Searching for files in /opt/airflow/dags
[2026-02-18T00:36:12.635+0000] {manager.py:740} INFO - There are 1 files in /opt/airflow/dags
[2026-02-18T00:36:31.741+0000] {manager.py:878} INFO - 
================================================================================
DAG File Processing Stats

File Path                               PID    Runtime      # DAGs    # Errors  Last Runtime    Last Run
--------------------------------------  -----  ---------  --------  ----------  --------------  -------------------
/opt/airflow/dags/lakehouse_bsg_dag.py                           1           0  0.13s           2026-02-18T00:36:11
================================================================================
[2026-02-18T00:37:04.644+0000] {manager.py:878} INFO - 
================================================================================
DAG File Processing Stats

File Path                               PID    Runtime      # DAGs    # Errors  Last Runtime    Last Run
--------------------------------------  -----  ---------  --------  ----------  --------------  -------------------
/opt/airflow/dags/lakehouse_bsg_dag.py                           1           0  0.09s           2026-02-18T00:36:43
================================================================================
[2026-02-18T00:54:20.950+0000] {manager.py:737} INFO - Searching for files in /opt/airflow/dags
[2026-02-18T00:54:20.965+0000] {manager.py:740} INFO - There are 1 files in /opt/airflow/dags
[2026-02-18T01:26:19.688+0000] {manager.py:737} INFO - Searching for files in /opt/airflow/dags
[2026-02-18T01:26:21.526+0000] {manager.py:740} INFO - There are 1 files in /opt/airflow/dags
[2026-02-18T03:15:29.930+0000] {manager.py:737} INFO - Searching for files in /opt/airflow/dags
[2026-02-18T03:15:30.125+0000] {manager.py:740} INFO - There are 1 files in /opt/airflow/dags
[2026-02-18T03:15:30.139+0000] {manager.py:1203} ERROR - Processor for /opt/airflow/dags/lakehouse_bsg_dag.py with PID 741 started at 2026-02-18T01:26:22.181308+00:00 has timed out, killing it.
[2026-02-18T03:15:37.581+0000] {manager.py:878} INFO - 
================================================================================
DAG File Processing Stats

File Path                               PID    Runtime      # DAGs    # Errors  Last Runtime    Last Run
--------------------------------------  -----  ---------  --------  ----------  --------------  -------------------
/opt/airflow/dags/lakehouse_bsg_dag.py                           0           1  6547.96s        2026-02-18T03:15:30
================================================================================
[2026-02-18T11:11:10.323+0000] {manager.py:737} INFO - Searching for files in /opt/airflow/dags
[2026-02-18T11:11:11.553+0000] {manager.py:740} INFO - There are 1 files in /opt/airflow/dags
[2026-02-18T11:11:39.131+0000] {manager.py:878} INFO - 
================================================================================
DAG File Processing Stats

File Path                               PID    Runtime      # DAGs    # Errors  Last Runtime    Last Run
--------------------------------------  -----  ---------  --------  ----------  --------------  -------------------
/opt/airflow/dags/lakehouse_bsg_dag.py                           1           0  5.66s           2026-02-18T11:11:18
================================================================================
[2026-02-18T11:12:09.941+0000] {manager.py:878} INFO - 
================================================================================
DAG File Processing Stats

File Path                               PID    Runtime      # DAGs    # Errors  Last Runtime    Last Run
--------------------------------------  -----  ---------  --------  ----------  --------------  -------------------
/opt/airflow/dags/lakehouse_bsg_dag.py                           1           0  1.29s           2026-02-18T11:11:50
================================================================================
[2026-02-18T11:12:40.258+0000] {manager.py:878} INFO - 
================================================================================
DAG File Processing Stats

File Path                               PID    Runtime      # DAGs    # Errors  Last Runtime    Last Run
--------------------------------------  -----  ---------  --------  ----------  --------------  -------------------
/opt/airflow/dags/lakehouse_bsg_dag.py                           1           0  1.04s           2026-02-18T11:12:22
================================================================================
[2026-02-18T11:13:11.178+0000] {manager.py:878} INFO - 
================================================================================
DAG File Processing Stats

File Path                               PID    Runtime      # DAGs    # Errors  Last Runtime    Last Run
--------------------------------------  -----  ---------  --------  ----------  --------------  -------------------
/opt/airflow/dags/lakehouse_bsg_dag.py                           1           0  0.10s           2026-02-18T11:12:53
================================================================================
[2026-02-18T11:13:44.092+0000] {manager.py:878} INFO - 
================================================================================
DAG File Processing Stats

File Path                               PID    Runtime      # DAGs    # Errors  Last Runtime    Last Run
--------------------------------------  -----  ---------  --------  ----------  --------------  -------------------
/opt/airflow/dags/lakehouse_bsg_dag.py                           1           0  0.21s           2026-02-18T11:13:24
================================================================================
[2026-02-18T11:14:17.139+0000] {manager.py:878} INFO - 
================================================================================
DAG File Processing Stats

File Path                               PID    Runtime      # DAGs    # Errors  Last Runtime    Last Run
--------------------------------------  -----  ---------  --------  ----------  --------------  -------------------
/opt/airflow/dags/lakehouse_bsg_dag.py                           1           0  0.22s           2026-02-18T11:13:55
================================================================================
[2026-02-18T11:14:50.124+0000] {manager.py:878} INFO - 
================================================================================
DAG File Processing Stats

File Path                               PID    Runtime      # DAGs    # Errors  Last Runtime    Last Run
--------------------------------------  -----  ---------  --------  ----------  --------------  -------------------
/opt/airflow/dags/lakehouse_bsg_dag.py                           1           0  0.13s           2026-02-18T11:14:26
================================================================================
[2026-02-18T11:15:23.143+0000] {manager.py:878} INFO - 
================================================================================
DAG File Processing Stats

File Path                               PID    Runtime      # DAGs    # Errors  Last Runtime    Last Run
--------------------------------------  -----  ---------  --------  ----------  --------------  -------------------
/opt/airflow/dags/lakehouse_bsg_dag.py                           1           0  0.11s           2026-02-18T11:14:59
================================================================================
[2026-02-18T11:15:56.048+0000] {manager.py:878} INFO - 
================================================================================
DAG File Processing Stats

File Path                               PID    Runtime      # DAGs    # Errors  Last Runtime    Last Run
--------------------------------------  -----  ---------  --------  ----------  --------------  -------------------
/opt/airflow/dags/lakehouse_bsg_dag.py                           1           0  0.12s           2026-02-18T11:15:32
================================================================================
[2026-02-18T11:16:10.982+0000] {manager.py:737} INFO - Searching for files in /opt/airflow/dags
[2026-02-18T11:16:11.008+0000] {manager.py:740} INFO - There are 1 files in /opt/airflow/dags
[2026-02-18T11:16:29.112+0000] {manager.py:878} INFO - 
================================================================================
DAG File Processing Stats

File Path                               PID    Runtime      # DAGs    # Errors  Last Runtime    Last Run
--------------------------------------  -----  ---------  --------  ----------  --------------  -------------------
/opt/airflow/dags/lakehouse_bsg_dag.py                           1           0  0.09s           2026-02-18T11:16:04
================================================================================
[2026-02-18T11:17:02.047+0000] {manager.py:878} INFO - 
================================================================================
DAG File Processing Stats

File Path                               PID    Runtime      # DAGs    # Errors  Last Runtime    Last Run
--------------------------------------  -----  ---------  --------  ----------  --------------  -------------------
/opt/airflow/dags/lakehouse_bsg_dag.py                           1           0  0.09s           2026-02-18T11:16:36
================================================================================
[2026-02-18T11:17:34.997+0000] {manager.py:878} INFO - 
================================================================================
DAG File Processing Stats

File Path                               PID    Runtime      # DAGs    # Errors  Last Runtime    Last Run
--------------------------------------  -----  ---------  --------  ----------  --------------  -------------------
/opt/airflow/dags/lakehouse_bsg_dag.py                           1           0  0.13s           2026-02-18T11:17:09
================================================================================
[2026-02-18T11:18:07.918+0000] {manager.py:878} INFO - 
================================================================================
DAG File Processing Stats

File Path                               PID    Runtime      # DAGs    # Errors  Last Runtime    Last Run
--------------------------------------  -----  ---------  --------  ----------  --------------  -------------------
/opt/airflow/dags/lakehouse_bsg_dag.py                           1           0  0.09s           2026-02-18T11:17:42
================================================================================
[2026-02-18T11:18:40.909+0000] {manager.py:878} INFO - 
================================================================================
DAG File Processing Stats

File Path                               PID    Runtime      # DAGs    # Errors  Last Runtime    Last Run
--------------------------------------  -----  ---------  --------  ----------  --------------  -------------------
/opt/airflow/dags/lakehouse_bsg_dag.py                           1           0  0.08s           2026-02-18T11:18:15
================================================================================
[2026-02-18T11:19:13.823+0000] {manager.py:878} INFO - 
================================================================================
DAG File Processing Stats

File Path                               PID    Runtime      # DAGs    # Errors  Last Runtime    Last Run
--------------------------------------  -----  ---------  --------  ----------  --------------  -------------------
/opt/airflow/dags/lakehouse_bsg_dag.py                           1           0  0.09s           2026-02-18T11:18:47
================================================================================
[2026-02-18T11:19:46.746+0000] {manager.py:878} INFO - 
================================================================================
DAG File Processing Stats

File Path                               PID    Runtime      # DAGs    # Errors  Last Runtime    Last Run
--------------------------------------  -----  ---------  --------  ----------  --------------  -------------------
/opt/airflow/dags/lakehouse_bsg_dag.py                           1           0  0.11s           2026-02-18T11:19:20
================================================================================
[2026-02-18T11:20:19.712+0000] {manager.py:878} INFO - 
================================================================================
DAG File Processing Stats

File Path                               PID    Runtime      # DAGs    # Errors  Last Runtime    Last Run
--------------------------------------  -----  ---------  --------  ----------  --------------  -------------------
/opt/airflow/dags/lakehouse_bsg_dag.py                           1           0  0.09s           2026-02-18T11:19:53
================================================================================
[2026-02-18T11:20:52.677+0000] {manager.py:878} INFO - 
================================================================================
DAG File Processing Stats

File Path                               PID    Runtime      # DAGs    # Errors  Last Runtime    Last Run
--------------------------------------  -----  ---------  --------  ----------  --------------  -------------------
/opt/airflow/dags/lakehouse_bsg_dag.py                           1           0  0.18s           2026-02-18T11:20:26
================================================================================
[2026-02-18T11:21:11.640+0000] {manager.py:737} INFO - Searching for files in /opt/airflow/dags
[2026-02-18T11:21:11.671+0000] {manager.py:740} INFO - There are 1 files in /opt/airflow/dags
[2026-02-18T11:21:25.767+0000] {manager.py:878} INFO - 
================================================================================
DAG File Processing Stats

File Path                               PID    Runtime      # DAGs    # Errors  Last Runtime    Last Run
--------------------------------------  -----  ---------  --------  ----------  --------------  -------------------
/opt/airflow/dags/lakehouse_bsg_dag.py                           1           0  0.13s           2026-02-18T11:20:58
================================================================================
[2026-02-18T11:21:58.817+0000] {manager.py:878} INFO - 
================================================================================
DAG File Processing Stats

File Path                               PID    Runtime      # DAGs    # Errors  Last Runtime    Last Run
--------------------------------------  -----  ---------  --------  ----------  --------------  -------------------
/opt/airflow/dags/lakehouse_bsg_dag.py                           1           0  0.10s           2026-02-18T11:21:31
================================================================================
[2026-02-18T11:22:31.686+0000] {manager.py:878} INFO - 
================================================================================
DAG File Processing Stats

File Path                               PID    Runtime      # DAGs    # Errors  Last Runtime    Last Run
--------------------------------------  -----  ---------  --------  ----------  --------------  -------------------
/opt/airflow/dags/lakehouse_bsg_dag.py                           1           0  0.10s           2026-02-18T11:22:04
================================================================================
[2026-02-18T11:23:04.713+0000] {manager.py:878} INFO - 
================================================================================
DAG File Processing Stats

File Path                               PID    Runtime      # DAGs    # Errors  Last Runtime    Last Run
--------------------------------------  -----  ---------  --------  ----------  --------------  -------------------
/opt/airflow/dags/lakehouse_bsg_dag.py                           1           0  0.09s           2026-02-18T11:22:37
================================================================================
[2026-02-18T11:23:37.641+0000] {manager.py:878} INFO - 
================================================================================
DAG File Processing Stats

File Path                               PID    Runtime      # DAGs    # Errors  Last Runtime    Last Run
--------------------------------------  -----  ---------  --------  ----------  --------------  -------------------
/opt/airflow/dags/lakehouse_bsg_dag.py                           1           0  0.09s           2026-02-18T11:23:09
================================================================================
[2026-02-18T11:24:10.601+0000] {manager.py:878} INFO - 
================================================================================
DAG File Processing Stats

File Path                               PID    Runtime      # DAGs    # Errors  Last Runtime    Last Run
--------------------------------------  -----  ---------  --------  ----------  --------------  -------------------
/opt/airflow/dags/lakehouse_bsg_dag.py                           1           0  0.09s           2026-02-18T11:23:42
================================================================================
[2026-02-18T11:24:43.506+0000] {manager.py:878} INFO - 
================================================================================
DAG File Processing Stats

File Path                               PID    Runtime      # DAGs    # Errors  Last Runtime    Last Run
--------------------------------------  -----  ---------  --------  ----------  --------------  -------------------
/opt/airflow/dags/lakehouse_bsg_dag.py                           1           0  0.09s           2026-02-18T11:24:15
================================================================================
[2026-02-18T11:25:16.513+0000] {manager.py:878} INFO - 
================================================================================
DAG File Processing Stats

File Path                               PID    Runtime      # DAGs    # Errors  Last Runtime    Last Run
--------------------------------------  -----  ---------  --------  ----------  --------------  -------------------
/opt/airflow/dags/lakehouse_bsg_dag.py                           1           0  0.09s           2026-02-18T11:24:48
================================================================================
[2026-02-18T11:25:49.412+0000] {manager.py:878} INFO - 
================================================================================
DAG File Processing Stats

File Path                               PID    Runtime      # DAGs    # Errors  Last Runtime    Last Run
--------------------------------------  -----  ---------  --------  ----------  --------------  -------------------
/opt/airflow/dags/lakehouse_bsg_dag.py                           1           0  0.11s           2026-02-18T11:25:21
================================================================================
[2026-02-18T11:26:12.333+0000] {manager.py:737} INFO - Searching for files in /opt/airflow/dags
[2026-02-18T11:26:12.361+0000] {manager.py:740} INFO - There are 1 files in /opt/airflow/dags
[2026-02-18T11:26:22.420+0000] {manager.py:878} INFO - 
================================================================================
DAG File Processing Stats

File Path                               PID    Runtime      # DAGs    # Errors  Last Runtime    Last Run
--------------------------------------  -----  ---------  --------  ----------  --------------  -------------------
/opt/airflow/dags/lakehouse_bsg_dag.py                           1           0  0.10s           2026-02-18T11:25:53
================================================================================
[2026-02-18T11:26:55.359+0000] {manager.py:878} INFO - 
================================================================================
DAG File Processing Stats

File Path                               PID    Runtime      # DAGs    # Errors  Last Runtime    Last Run
--------------------------------------  -----  ---------  --------  ----------  --------------  -------------------
/opt/airflow/dags/lakehouse_bsg_dag.py                           1           0  0.11s           2026-02-18T11:26:26
================================================================================
[2026-02-18T11:27:25.146+0000] {manager.py:878} INFO - 
================================================================================
DAG File Processing Stats

File Path                               PID    Runtime      # DAGs    # Errors  Last Runtime    Last Run
--------------------------------------  -----  ---------  --------  ----------  --------------  -------------------
/opt/airflow/dags/lakehouse_bsg_dag.py                           1           0  0.10s           2026-02-18T11:26:59
================================================================================
[2026-02-18T11:27:58.077+0000] {manager.py:878} INFO - 
================================================================================
DAG File Processing Stats

File Path                               PID    Runtime      # DAGs    # Errors  Last Runtime    Last Run
--------------------------------------  -----  ---------  --------  ----------  --------------  -------------------
/opt/airflow/dags/lakehouse_bsg_dag.py                           1           0  0.10s           2026-02-18T11:27:32
================================================================================
[2026-02-18T11:28:36.964+0000] {manager.py:878} INFO - 
================================================================================
DAG File Processing Stats

File Path                                 PID  Runtime      # DAGs    # Errors  Last Runtime    Last Run
--------------------------------------  -----  ---------  --------  ----------  --------------  -------------------
/opt/airflow/dags/lakehouse_bsg_dag.py    904  0.00s             1           0  0.12s           2026-02-18T11:28:05
================================================================================
[2026-02-18T11:29:09.897+0000] {manager.py:878} INFO - 
================================================================================
DAG File Processing Stats

File Path                                 PID  Runtime      # DAGs    # Errors  Last Runtime    Last Run
--------------------------------------  -----  ---------  --------  ----------  --------------  -------------------
/opt/airflow/dags/lakehouse_bsg_dag.py    909  0.00s             1           0  0.09s           2026-02-18T11:28:37
================================================================================
[2026-02-18T11:29:42.795+0000] {manager.py:878} INFO - 
================================================================================
DAG File Processing Stats

File Path                                 PID  Runtime      # DAGs    # Errors  Last Runtime    Last Run
--------------------------------------  -----  ---------  --------  ----------  --------------  -------------------
/opt/airflow/dags/lakehouse_bsg_dag.py    914  0.00s             1           0  0.10s           2026-02-18T11:29:09
================================================================================
[2026-02-18T11:30:15.692+0000] {manager.py:878} INFO - 
================================================================================
DAG File Processing Stats

File Path                                 PID  Runtime      # DAGs    # Errors  Last Runtime    Last Run
--------------------------------------  -----  ---------  --------  ----------  --------------  -------------------
/opt/airflow/dags/lakehouse_bsg_dag.py    919  0.01s             1           0  0.14s           2026-02-18T11:29:42
================================================================================
[2026-02-18T11:30:48.669+0000] {manager.py:878} INFO - 
================================================================================
DAG File Processing Stats

File Path                               PID    Runtime      # DAGs    # Errors  Last Runtime    Last Run
--------------------------------------  -----  ---------  --------  ----------  --------------  -------------------
/opt/airflow/dags/lakehouse_bsg_dag.py                           1           0  0.11s           2026-02-18T11:30:47
================================================================================
[2026-02-18T11:31:12.795+0000] {manager.py:737} INFO - Searching for files in /opt/airflow/dags
[2026-02-18T11:31:12.821+0000] {manager.py:740} INFO - There are 1 files in /opt/airflow/dags
[2026-02-18T11:31:21.631+0000] {manager.py:878} INFO - 
================================================================================
DAG File Processing Stats

File Path                               PID    Runtime      # DAGs    # Errors  Last Runtime    Last Run
--------------------------------------  -----  ---------  --------  ----------  --------------  -------------------
/opt/airflow/dags/lakehouse_bsg_dag.py                           1           0  0.15s           2026-02-18T11:31:20
================================================================================
[2026-02-18T11:31:54.917+0000] {manager.py:878} INFO - 
================================================================================
DAG File Processing Stats

File Path                                 PID  Runtime      # DAGs    # Errors  Last Runtime    Last Run
--------------------------------------  -----  ---------  --------  ----------  --------------  -------------------
/opt/airflow/dags/lakehouse_bsg_dag.py    934  1.22s             1           0  0.15s           2026-02-18T11:31:20
================================================================================
[2026-02-18T11:32:28.499+0000] {manager.py:878} INFO - 
================================================================================
DAG File Processing Stats

File Path                               PID    Runtime      # DAGs    # Errors  Last Runtime    Last Run
--------------------------------------  -----  ---------  --------  ----------  --------------  -------------------
/opt/airflow/dags/lakehouse_bsg_dag.py                           1           0  0.13s           2026-02-18T11:32:26
================================================================================
[2026-02-18T11:33:01.467+0000] {manager.py:878} INFO - 
================================================================================
DAG File Processing Stats

File Path                               PID    Runtime      # DAGs    # Errors  Last Runtime    Last Run
--------------------------------------  -----  ---------  --------  ----------  --------------  -------------------
/opt/airflow/dags/lakehouse_bsg_dag.py                           1           0  0.16s           2026-02-18T11:32:59
================================================================================
[2026-02-18T11:33:34.237+0000] {manager.py:878} INFO - 
================================================================================
DAG File Processing Stats

File Path                               PID    Runtime      # DAGs    # Errors  Last Runtime    Last Run
--------------------------------------  -----  ---------  --------  ----------  --------------  -------------------
/opt/airflow/dags/lakehouse_bsg_dag.py                           1           0  0.85s           2026-02-18T11:33:33
================================================================================
[2026-02-18T11:34:07.096+0000] {manager.py:878} INFO - 
================================================================================
DAG File Processing Stats

File Path                               PID    Runtime      # DAGs    # Errors  Last Runtime    Last Run
--------------------------------------  -----  ---------  --------  ----------  --------------  -------------------
/opt/airflow/dags/lakehouse_bsg_dag.py                           1           0  0.11s           2026-02-18T11:34:05
================================================================================
[2026-02-18T11:34:40.105+0000] {manager.py:878} INFO - 
================================================================================
DAG File Processing Stats

File Path                               PID    Runtime      # DAGs    # Errors  Last Runtime    Last Run
--------------------------------------  -----  ---------  --------  ----------  --------------  -------------------
/opt/airflow/dags/lakehouse_bsg_dag.py                           1           0  0.10s           2026-02-18T11:34:37
================================================================================
[2026-02-18T11:35:13.081+0000] {manager.py:878} INFO - 
================================================================================
DAG File Processing Stats

File Path                               PID    Runtime      # DAGs    # Errors  Last Runtime    Last Run
--------------------------------------  -----  ---------  --------  ----------  --------------  -------------------
/opt/airflow/dags/lakehouse_bsg_dag.py                           1           0  0.11s           2026-02-18T11:35:10
================================================================================
[2026-02-18T11:35:45.960+0000] {manager.py:878} INFO - 
================================================================================
DAG File Processing Stats

File Path                               PID    Runtime      # DAGs    # Errors  Last Runtime    Last Run
--------------------------------------  -----  ---------  --------  ----------  --------------  -------------------
/opt/airflow/dags/lakehouse_bsg_dag.py                           1           0  0.13s           2026-02-18T11:35:43
================================================================================
[2026-02-18T11:36:15.821+0000] {manager.py:737} INFO - Searching for files in /opt/airflow/dags
[2026-02-18T11:36:15.856+0000] {manager.py:740} INFO - There are 1 files in /opt/airflow/dags
[2026-02-18T11:36:18.951+0000] {manager.py:878} INFO - 
================================================================================
DAG File Processing Stats

File Path                               PID    Runtime      # DAGs    # Errors  Last Runtime    Last Run
--------------------------------------  -----  ---------  --------  ----------  --------------  -------------------
/opt/airflow/dags/lakehouse_bsg_dag.py                           1           0  0.15s           2026-02-18T11:36:16
================================================================================
[2026-02-18T11:36:51.879+0000] {manager.py:878} INFO - 
================================================================================
DAG File Processing Stats

File Path                               PID    Runtime      # DAGs    # Errors  Last Runtime    Last Run
--------------------------------------  -----  ---------  --------  ----------  --------------  -------------------
/opt/airflow/dags/lakehouse_bsg_dag.py                           1           0  0.11s           2026-02-18T11:36:48
================================================================================
[2026-02-18T11:37:24.800+0000] {manager.py:878} INFO - 
================================================================================
DAG File Processing Stats

File Path                               PID    Runtime      # DAGs    # Errors  Last Runtime    Last Run
--------------------------------------  -----  ---------  --------  ----------  --------------  -------------------
/opt/airflow/dags/lakehouse_bsg_dag.py                           1           0  0.10s           2026-02-18T11:37:20
================================================================================
[2026-02-18T11:37:57.674+0000] {manager.py:878} INFO - 
================================================================================
DAG File Processing Stats

File Path                               PID    Runtime      # DAGs    # Errors  Last Runtime    Last Run
--------------------------------------  -----  ---------  --------  ----------  --------------  -------------------
/opt/airflow/dags/lakehouse_bsg_dag.py                           1           0  0.94s           2026-02-18T11:37:54
================================================================================
[2026-02-18T11:38:30.648+0000] {manager.py:878} INFO - 
================================================================================
DAG File Processing Stats

File Path                               PID    Runtime      # DAGs    # Errors  Last Runtime    Last Run
--------------------------------------  -----  ---------  --------  ----------  --------------  -------------------
/opt/airflow/dags/lakehouse_bsg_dag.py                           1           0  0.22s           2026-02-18T11:38:26
================================================================================
[2026-02-18T11:39:03.609+0000] {manager.py:878} INFO - 
================================================================================
DAG File Processing Stats

File Path                               PID    Runtime      # DAGs    # Errors  Last Runtime    Last Run
--------------------------------------  -----  ---------  --------  ----------  --------------  -------------------
/opt/airflow/dags/lakehouse_bsg_dag.py                           1           0  0.10s           2026-02-18T11:38:59
================================================================================
[2026-02-18T11:39:36.530+0000] {manager.py:878} INFO - 
================================================================================
DAG File Processing Stats

File Path                               PID    Runtime      # DAGs    # Errors  Last Runtime    Last Run
--------------------------------------  -----  ---------  --------  ----------  --------------  -------------------
/opt/airflow/dags/lakehouse_bsg_dag.py                           1           0  0.10s           2026-02-18T11:39:32
================================================================================
[2026-02-18T11:40:09.494+0000] {manager.py:878} INFO - 
================================================================================
DAG File Processing Stats

File Path                               PID    Runtime      # DAGs    # Errors  Last Runtime    Last Run
--------------------------------------  -----  ---------  --------  ----------  --------------  -------------------
/opt/airflow/dags/lakehouse_bsg_dag.py                           1           0  0.10s           2026-02-18T11:40:04
================================================================================
[2026-02-18T11:40:42.489+0000] {manager.py:878} INFO - 
================================================================================
DAG File Processing Stats

File Path                               PID    Runtime      # DAGs    # Errors  Last Runtime    Last Run
--------------------------------------  -----  ---------  --------  ----------  --------------  -------------------
/opt/airflow/dags/lakehouse_bsg_dag.py                           1           0  0.10s           2026-02-18T11:40:37
================================================================================
[2026-02-18T11:41:15.409+0000] {manager.py:878} INFO - 
================================================================================
DAG File Processing Stats

File Path                               PID    Runtime      # DAGs    # Errors  Last Runtime    Last Run
--------------------------------------  -----  ---------  --------  ----------  --------------  -------------------
/opt/airflow/dags/lakehouse_bsg_dag.py                           1           0  0.15s           2026-02-18T11:41:10
================================================================================
[2026-02-18T11:41:16.415+0000] {manager.py:737} INFO - Searching for files in /opt/airflow/dags
[2026-02-18T11:41:16.441+0000] {manager.py:740} INFO - There are 1 files in /opt/airflow/dags
[2026-02-18T11:41:48.460+0000] {manager.py:878} INFO - 
================================================================================
DAG File Processing Stats

File Path                               PID    Runtime      # DAGs    # Errors  Last Runtime    Last Run
--------------------------------------  -----  ---------  --------  ----------  --------------  -------------------
/opt/airflow/dags/lakehouse_bsg_dag.py                           1           0  0.13s           2026-02-18T11:41:43
================================================================================
[2026-02-18T11:42:21.421+0000] {manager.py:878} INFO - 
================================================================================
DAG File Processing Stats

File Path                               PID    Runtime      # DAGs    # Errors  Last Runtime    Last Run
--------------------------------------  -----  ---------  --------  ----------  --------------  -------------------
/opt/airflow/dags/lakehouse_bsg_dag.py                           1           0  0.09s           2026-02-18T11:42:15
================================================================================
[2026-02-18T11:42:54.316+0000] {manager.py:878} INFO - 
================================================================================
DAG File Processing Stats

File Path                               PID    Runtime      # DAGs    # Errors  Last Runtime    Last Run
--------------------------------------  -----  ---------  --------  ----------  --------------  -------------------
/opt/airflow/dags/lakehouse_bsg_dag.py                           1           0  0.10s           2026-02-18T11:42:48
================================================================================
[2026-02-18T11:43:27.198+0000] {manager.py:878} INFO - 
================================================================================
DAG File Processing Stats

File Path                               PID    Runtime      # DAGs    # Errors  Last Runtime    Last Run
--------------------------------------  -----  ---------  --------  ----------  --------------  -------------------
/opt/airflow/dags/lakehouse_bsg_dag.py                           1           0  0.10s           2026-02-18T11:43:21
================================================================================
[2026-02-18T11:44:00.117+0000] {manager.py:878} INFO - 
================================================================================
DAG File Processing Stats

File Path                               PID    Runtime      # DAGs    # Errors  Last Runtime    Last Run
--------------------------------------  -----  ---------  --------  ----------  --------------  -------------------
/opt/airflow/dags/lakehouse_bsg_dag.py                           1           0  0.11s           2026-02-18T11:43:54
================================================================================
[2026-02-18T11:44:33.080+0000] {manager.py:878} INFO - 
================================================================================
DAG File Processing Stats

File Path                               PID    Runtime      # DAGs    # Errors  Last Runtime    Last Run
--------------------------------------  -----  ---------  --------  ----------  --------------  -------------------
/opt/airflow/dags/lakehouse_bsg_dag.py                           1           0  0.09s           2026-02-18T11:44:27
================================================================================
[2026-02-18T11:45:05.957+0000] {manager.py:878} INFO - 
================================================================================
DAG File Processing Stats

File Path                               PID    Runtime      # DAGs    # Errors  Last Runtime    Last Run
--------------------------------------  -----  ---------  --------  ----------  --------------  -------------------
/opt/airflow/dags/lakehouse_bsg_dag.py                           1           0  0.10s           2026-02-18T11:45:00
================================================================================
[2026-02-18T11:45:38.908+0000] {manager.py:878} INFO - 
================================================================================
DAG File Processing Stats

File Path                               PID    Runtime      # DAGs    # Errors  Last Runtime    Last Run
--------------------------------------  -----  ---------  --------  ----------  --------------  -------------------
/opt/airflow/dags/lakehouse_bsg_dag.py                           1           0  0.13s           2026-02-18T11:45:31
================================================================================
[2026-02-18T11:46:11.872+0000] {manager.py:878} INFO - 
================================================================================
DAG File Processing Stats

File Path                               PID    Runtime      # DAGs    # Errors  Last Runtime    Last Run
--------------------------------------  -----  ---------  --------  ----------  --------------  -------------------
/opt/airflow/dags/lakehouse_bsg_dag.py                           1           0  0.09s           2026-02-18T11:46:04
================================================================================
[2026-02-18T11:46:16.893+0000] {manager.py:737} INFO - Searching for files in /opt/airflow/dags
[2026-02-18T11:46:16.946+0000] {manager.py:740} INFO - There are 1 files in /opt/airflow/dags
[2026-02-18T11:46:44.839+0000] {manager.py:878} INFO - 
================================================================================
DAG File Processing Stats

File Path                               PID    Runtime      # DAGs    # Errors  Last Runtime    Last Run
--------------------------------------  -----  ---------  --------  ----------  --------------  -------------------
/opt/airflow/dags/lakehouse_bsg_dag.py                           1           0  0.10s           2026-02-18T11:46:37
================================================================================
[2026-02-18T11:47:17.806+0000] {manager.py:878} INFO - 
================================================================================
DAG File Processing Stats

File Path                               PID    Runtime      # DAGs    # Errors  Last Runtime    Last Run
--------------------------------------  -----  ---------  --------  ----------  --------------  -------------------
/opt/airflow/dags/lakehouse_bsg_dag.py                           1           0  0.11s           2026-02-18T11:47:10
================================================================================
[2026-02-18T11:47:50.806+0000] {manager.py:878} INFO - 
================================================================================
DAG File Processing Stats

File Path                               PID    Runtime      # DAGs    # Errors  Last Runtime    Last Run
--------------------------------------  -----  ---------  --------  ----------  --------------  -------------------
/opt/airflow/dags/lakehouse_bsg_dag.py                           1           0  0.46s           2026-02-18T11:47:43
================================================================================
[2026-02-18T11:48:23.667+0000] {manager.py:878} INFO - 
================================================================================
DAG File Processing Stats

File Path                               PID    Runtime      # DAGs    # Errors  Last Runtime    Last Run
--------------------------------------  -----  ---------  --------  ----------  --------------  -------------------
/opt/airflow/dags/lakehouse_bsg_dag.py                           1           0  0.11s           2026-02-18T11:48:15
================================================================================
[2026-02-18T11:48:56.692+0000] {manager.py:878} INFO - 
================================================================================
DAG File Processing Stats

File Path                               PID    Runtime      # DAGs    # Errors  Last Runtime    Last Run
--------------------------------------  -----  ---------  --------  ----------  --------------  -------------------
/opt/airflow/dags/lakehouse_bsg_dag.py                           1           0  0.18s           2026-02-18T11:48:48
================================================================================
[2026-02-18T11:49:29.643+0000] {manager.py:878} INFO - 
================================================================================
DAG File Processing Stats

File Path                               PID    Runtime      # DAGs    # Errors  Last Runtime    Last Run
--------------------------------------  -----  ---------  --------  ----------  --------------  -------------------
/opt/airflow/dags/lakehouse_bsg_dag.py                           1           0  0.10s           2026-02-18T11:49:21
================================================================================
[2026-02-18T11:50:02.656+0000] {manager.py:878} INFO - 
================================================================================
DAG File Processing Stats

File Path                               PID    Runtime      # DAGs    # Errors  Last Runtime    Last Run
--------------------------------------  -----  ---------  --------  ----------  --------------  -------------------
/opt/airflow/dags/lakehouse_bsg_dag.py                           1           0  0.13s           2026-02-18T11:49:54
================================================================================
[2026-02-18T11:50:35.571+0000] {manager.py:878} INFO - 
================================================================================
DAG File Processing Stats

File Path                               PID    Runtime      # DAGs    # Errors  Last Runtime    Last Run
--------------------------------------  -----  ---------  --------  ----------  --------------  -------------------
/opt/airflow/dags/lakehouse_bsg_dag.py                           1           0  0.10s           2026-02-18T11:50:26
================================================================================
[2026-02-18T11:51:08.574+0000] {manager.py:878} INFO - 
================================================================================
DAG File Processing Stats

File Path                               PID    Runtime      # DAGs    # Errors  Last Runtime    Last Run
--------------------------------------  -----  ---------  --------  ----------  --------------  -------------------
/opt/airflow/dags/lakehouse_bsg_dag.py                           1           0  0.12s           2026-02-18T11:50:59
================================================================================
[2026-02-18T11:51:17.614+0000] {manager.py:737} INFO - Searching for files in /opt/airflow/dags
[2026-02-18T11:51:17.636+0000] {manager.py:740} INFO - There are 1 files in /opt/airflow/dags
[2026-02-18T11:51:41.482+0000] {manager.py:878} INFO - 
================================================================================
DAG File Processing Stats

File Path                               PID    Runtime      # DAGs    # Errors  Last Runtime    Last Run
--------------------------------------  -----  ---------  --------  ----------  --------------  -------------------
/opt/airflow/dags/lakehouse_bsg_dag.py                           1           0  0.09s           2026-02-18T11:51:32
================================================================================
[2026-02-18T11:52:14.469+0000] {manager.py:878} INFO - 
================================================================================
DAG File Processing Stats

File Path                               PID    Runtime      # DAGs    # Errors  Last Runtime    Last Run
--------------------------------------  -----  ---------  --------  ----------  --------------  -------------------
/opt/airflow/dags/lakehouse_bsg_dag.py                           1           0  0.10s           2026-02-18T11:52:05
================================================================================
[2026-02-18T11:52:47.378+0000] {manager.py:878} INFO - 
================================================================================
DAG File Processing Stats

File Path                               PID    Runtime      # DAGs    # Errors  Last Runtime    Last Run
--------------------------------------  -----  ---------  --------  ----------  --------------  -------------------
/opt/airflow/dags/lakehouse_bsg_dag.py                           1           0  0.13s           2026-02-18T11:52:38
================================================================================
[2026-02-18T11:53:20.428+0000] {manager.py:878} INFO - 
================================================================================
DAG File Processing Stats

File Path                               PID    Runtime      # DAGs    # Errors  Last Runtime    Last Run
--------------------------------------  -----  ---------  --------  ----------  --------------  -------------------
/opt/airflow/dags/lakehouse_bsg_dag.py                           1           0  0.10s           2026-02-18T11:53:10
================================================================================
[2026-02-18T11:53:53.422+0000] {manager.py:878} INFO - 
================================================================================
DAG File Processing Stats

File Path                               PID    Runtime      # DAGs    # Errors  Last Runtime    Last Run
--------------------------------------  -----  ---------  --------  ----------  --------------  -------------------
/opt/airflow/dags/lakehouse_bsg_dag.py                           1           0  0.11s           2026-02-18T11:53:43
================================================================================
[2026-02-18T11:54:26.365+0000] {manager.py:878} INFO - 
================================================================================
DAG File Processing Stats

File Path                               PID    Runtime      # DAGs    # Errors  Last Runtime    Last Run
--------------------------------------  -----  ---------  --------  ----------  --------------  -------------------
/opt/airflow/dags/lakehouse_bsg_dag.py                           1           0  0.09s           2026-02-18T11:54:16
================================================================================
[2026-02-18T11:54:59.277+0000] {manager.py:878} INFO - 
================================================================================
DAG File Processing Stats

File Path                               PID    Runtime      # DAGs    # Errors  Last Runtime    Last Run
--------------------------------------  -----  ---------  --------  ----------  --------------  -------------------
/opt/airflow/dags/lakehouse_bsg_dag.py                           1           0  0.11s           2026-02-18T11:54:49
================================================================================
[2026-02-18T11:55:32.282+0000] {manager.py:878} INFO - 
================================================================================
DAG File Processing Stats

File Path                               PID    Runtime      # DAGs    # Errors  Last Runtime    Last Run
--------------------------------------  -----  ---------  --------  ----------  --------------  -------------------
/opt/airflow/dags/lakehouse_bsg_dag.py                           1           0  0.11s           2026-02-18T11:55:21
================================================================================
[2026-02-18T11:56:05.170+0000] {manager.py:878} INFO - 
================================================================================
DAG File Processing Stats

File Path                               PID    Runtime      # DAGs    # Errors  Last Runtime    Last Run
--------------------------------------  -----  ---------  --------  ----------  --------------  -------------------
/opt/airflow/dags/lakehouse_bsg_dag.py                           1           0  0.10s           2026-02-18T11:55:54
================================================================================
[2026-02-18T11:56:18.240+0000] {manager.py:737} INFO - Searching for files in /opt/airflow/dags
[2026-02-18T11:56:18.264+0000] {manager.py:740} INFO - There are 1 files in /opt/airflow/dags
[2026-02-18T11:56:38.199+0000] {manager.py:878} INFO - 
================================================================================
DAG File Processing Stats

File Path                               PID    Runtime      # DAGs    # Errors  Last Runtime    Last Run
--------------------------------------  -----  ---------  --------  ----------  --------------  -------------------
/opt/airflow/dags/lakehouse_bsg_dag.py                           1           0  0.10s           2026-02-18T11:56:27
================================================================================
[2026-02-18T11:57:11.092+0000] {manager.py:878} INFO - 
================================================================================
DAG File Processing Stats

File Path                               PID    Runtime      # DAGs    # Errors  Last Runtime    Last Run
--------------------------------------  -----  ---------  --------  ----------  --------------  -------------------
/opt/airflow/dags/lakehouse_bsg_dag.py                           1           0  0.10s           2026-02-18T11:57:00
================================================================================
[2026-02-18T11:57:44.077+0000] {manager.py:878} INFO - 
================================================================================
DAG File Processing Stats

File Path                               PID    Runtime      # DAGs    # Errors  Last Runtime    Last Run
--------------------------------------  -----  ---------  --------  ----------  --------------  -------------------
/opt/airflow/dags/lakehouse_bsg_dag.py                           1           0  0.09s           2026-02-18T11:57:33
================================================================================
[2026-02-18T11:58:17.071+0000] {manager.py:878} INFO - 
================================================================================
DAG File Processing Stats

File Path                               PID    Runtime      # DAGs    # Errors  Last Runtime    Last Run
--------------------------------------  -----  ---------  --------  ----------  --------------  -------------------
/opt/airflow/dags/lakehouse_bsg_dag.py                           1           0  0.09s           2026-02-18T11:58:05
================================================================================
[2026-02-18T11:58:50.045+0000] {manager.py:878} INFO - 
================================================================================
DAG File Processing Stats

File Path                               PID    Runtime      # DAGs    # Errors  Last Runtime    Last Run
--------------------------------------  -----  ---------  --------  ----------  --------------  -------------------
/opt/airflow/dags/lakehouse_bsg_dag.py                           1           0  0.10s           2026-02-18T11:58:38
================================================================================
[2026-02-18T11:59:22.988+0000] {manager.py:878} INFO - 
================================================================================
DAG File Processing Stats

File Path                               PID    Runtime      # DAGs    # Errors  Last Runtime    Last Run
--------------------------------------  -----  ---------  --------  ----------  --------------  -------------------
/opt/airflow/dags/lakehouse_bsg_dag.py                           1           0  0.12s           2026-02-18T11:59:10
================================================================================
[2026-02-18T11:59:55.997+0000] {manager.py:878} INFO - 
================================================================================
DAG File Processing Stats

File Path                               PID    Runtime      # DAGs    # Errors  Last Runtime    Last Run
--------------------------------------  -----  ---------  --------  ----------  --------------  -------------------
/opt/airflow/dags/lakehouse_bsg_dag.py                           1           0  0.12s           2026-02-18T11:59:43
================================================================================
[2026-02-18T12:00:28.997+0000] {manager.py:878} INFO - 
================================================================================
DAG File Processing Stats

File Path                               PID    Runtime      # DAGs    # Errors  Last Runtime    Last Run
--------------------------------------  -----  ---------  --------  ----------  --------------  -------------------
/opt/airflow/dags/lakehouse_bsg_dag.py                           1           0  0.09s           2026-02-18T12:00:16
================================================================================
[2026-02-18T12:01:01.942+0000] {manager.py:878} INFO - 
================================================================================
DAG File Processing Stats

File Path                               PID    Runtime      # DAGs    # Errors  Last Runtime    Last Run
--------------------------------------  -----  ---------  --------  ----------  --------------  -------------------
/opt/airflow/dags/lakehouse_bsg_dag.py                           1           0  0.13s           2026-02-18T12:00:48
================================================================================
[2026-02-18T12:01:21.839+0000] {manager.py:737} INFO - Searching for files in /opt/airflow/dags
[2026-02-18T12:01:21.864+0000] {manager.py:740} INFO - There are 1 files in /opt/airflow/dags
[2026-02-18T12:01:35.027+0000] {manager.py:878} INFO - 
================================================================================
DAG File Processing Stats

File Path                               PID    Runtime      # DAGs    # Errors  Last Runtime    Last Run
--------------------------------------  -----  ---------  --------  ----------  --------------  -------------------
/opt/airflow/dags/lakehouse_bsg_dag.py                           1           0  0.10s           2026-02-18T12:01:21
================================================================================
[2026-02-18T12:02:07.926+0000] {manager.py:878} INFO - 
================================================================================
DAG File Processing Stats

File Path                               PID    Runtime      # DAGs    # Errors  Last Runtime    Last Run
--------------------------------------  -----  ---------  --------  ----------  --------------  -------------------
/opt/airflow/dags/lakehouse_bsg_dag.py                           1           0  0.09s           2026-02-18T12:01:54
================================================================================
[2026-02-18T12:02:40.950+0000] {manager.py:878} INFO - 
================================================================================
DAG File Processing Stats

File Path                               PID    Runtime      # DAGs    # Errors  Last Runtime    Last Run
--------------------------------------  -----  ---------  --------  ----------  --------------  -------------------
/opt/airflow/dags/lakehouse_bsg_dag.py                           1           0  0.09s           2026-02-18T12:02:27
================================================================================
[2026-02-18T12:03:13.890+0000] {manager.py:878} INFO - 
================================================================================
DAG File Processing Stats

File Path                               PID    Runtime      # DAGs    # Errors  Last Runtime    Last Run
--------------------------------------  -----  ---------  --------  ----------  --------------  -------------------
/opt/airflow/dags/lakehouse_bsg_dag.py                           1           0  0.11s           2026-02-18T12:02:59
================================================================================
[2026-02-18T12:03:46.851+0000] {manager.py:878} INFO - 
================================================================================
DAG File Processing Stats

File Path                               PID    Runtime      # DAGs    # Errors  Last Runtime    Last Run
--------------------------------------  -----  ---------  --------  ----------  --------------  -------------------
/opt/airflow/dags/lakehouse_bsg_dag.py                           1           0  0.10s           2026-02-18T12:03:32
================================================================================
[2026-02-18T12:04:19.779+0000] {manager.py:878} INFO - 
================================================================================
DAG File Processing Stats

File Path                               PID    Runtime      # DAGs    # Errors  Last Runtime    Last Run
--------------------------------------  -----  ---------  --------  ----------  --------------  -------------------
/opt/airflow/dags/lakehouse_bsg_dag.py                           1           0  0.09s           2026-02-18T12:04:05
================================================================================
[2026-02-18T12:04:52.745+0000] {manager.py:878} INFO - 
================================================================================
DAG File Processing Stats

File Path                               PID    Runtime      # DAGs    # Errors  Last Runtime    Last Run
--------------------------------------  -----  ---------  --------  ----------  --------------  -------------------
/opt/airflow/dags/lakehouse_bsg_dag.py                           1           0  0.11s           2026-02-18T12:04:38
================================================================================
[2026-02-18T12:05:25.729+0000] {manager.py:878} INFO - 
================================================================================
DAG File Processing Stats

File Path                               PID    Runtime      # DAGs    # Errors  Last Runtime    Last Run
--------------------------------------  -----  ---------  --------  ----------  --------------  -------------------
/opt/airflow/dags/lakehouse_bsg_dag.py                           1           0  0.10s           2026-02-18T12:05:11
================================================================================
[2026-02-18T12:05:58.665+0000] {manager.py:878} INFO - 
================================================================================
DAG File Processing Stats

File Path                               PID    Runtime      # DAGs    # Errors  Last Runtime    Last Run
--------------------------------------  -----  ---------  --------  ----------  --------------  -------------------
/opt/airflow/dags/lakehouse_bsg_dag.py                           1           0  0.11s           2026-02-18T12:05:43
================================================================================
[2026-02-18T12:06:22.527+0000] {manager.py:737} INFO - Searching for files in /opt/airflow/dags
[2026-02-18T12:06:22.577+0000] {manager.py:740} INFO - There are 1 files in /opt/airflow/dags
[2026-02-18T12:06:31.640+0000] {manager.py:878} INFO - 
================================================================================
DAG File Processing Stats

File Path                               PID    Runtime      # DAGs    # Errors  Last Runtime    Last Run
--------------------------------------  -----  ---------  --------  ----------  --------------  -------------------
/opt/airflow/dags/lakehouse_bsg_dag.py                           1           0  0.11s           2026-02-18T12:06:16
================================================================================
[2026-02-18T12:07:04.561+0000] {manager.py:878} INFO - 
================================================================================
DAG File Processing Stats

File Path                               PID    Runtime      # DAGs    # Errors  Last Runtime    Last Run
--------------------------------------  -----  ---------  --------  ----------  --------------  -------------------
/opt/airflow/dags/lakehouse_bsg_dag.py                           1           0  0.10s           2026-02-18T12:06:49
================================================================================
[2026-02-18T12:07:37.562+0000] {manager.py:878} INFO - 
================================================================================
DAG File Processing Stats

File Path                               PID    Runtime      # DAGs    # Errors  Last Runtime    Last Run
--------------------------------------  -----  ---------  --------  ----------  --------------  -------------------
/opt/airflow/dags/lakehouse_bsg_dag.py                           1           0  0.36s           2026-02-18T12:07:22
================================================================================
[2026-02-18T12:08:10.760+0000] {manager.py:878} INFO - 
================================================================================
DAG File Processing Stats

File Path                               PID    Runtime      # DAGs    # Errors  Last Runtime    Last Run
--------------------------------------  -----  ---------  --------  ----------  --------------  -------------------
/opt/airflow/dags/lakehouse_bsg_dag.py                           1           0  0.09s           2026-02-18T12:07:54
================================================================================
[2026-02-18T12:08:43.718+0000] {manager.py:878} INFO - 
================================================================================
DAG File Processing Stats

File Path                               PID    Runtime      # DAGs    # Errors  Last Runtime    Last Run
--------------------------------------  -----  ---------  --------  ----------  --------------  -------------------
/opt/airflow/dags/lakehouse_bsg_dag.py                           1           0  0.11s           2026-02-18T12:08:27
================================================================================
[2026-02-18T12:09:16.620+0000] {manager.py:878} INFO - 
================================================================================
DAG File Processing Stats

File Path                               PID    Runtime      # DAGs    # Errors  Last Runtime    Last Run
--------------------------------------  -----  ---------  --------  ----------  --------------  -------------------
/opt/airflow/dags/lakehouse_bsg_dag.py                           1           0  0.11s           2026-02-18T12:09:00
================================================================================
[2026-02-18T12:09:49.553+0000] {manager.py:878} INFO - 
================================================================================
DAG File Processing Stats

File Path                               PID    Runtime      # DAGs    # Errors  Last Runtime    Last Run
--------------------------------------  -----  ---------  --------  ----------  --------------  -------------------
/opt/airflow/dags/lakehouse_bsg_dag.py                           1           0  0.11s           2026-02-18T12:09:33
================================================================================
[2026-02-18T12:10:22.491+0000] {manager.py:878} INFO - 
================================================================================
DAG File Processing Stats

File Path                               PID    Runtime      # DAGs    # Errors  Last Runtime    Last Run
--------------------------------------  -----  ---------  --------  ----------  --------------  -------------------
/opt/airflow/dags/lakehouse_bsg_dag.py                           1           0  0.11s           2026-02-18T12:10:06
================================================================================
[2026-02-18T12:10:55.438+0000] {manager.py:878} INFO - 
================================================================================
DAG File Processing Stats

File Path                               PID    Runtime      # DAGs    # Errors  Last Runtime    Last Run
--------------------------------------  -----  ---------  --------  ----------  --------------  -------------------
/opt/airflow/dags/lakehouse_bsg_dag.py                           1           0  0.12s           2026-02-18T12:10:38
================================================================================
[2026-02-18T12:11:23.342+0000] {manager.py:737} INFO - Searching for files in /opt/airflow/dags
[2026-02-18T12:11:23.375+0000] {manager.py:740} INFO - There are 1 files in /opt/airflow/dags
[2026-02-18T12:11:28.411+0000] {manager.py:878} INFO - 
================================================================================
DAG File Processing Stats

File Path                               PID    Runtime      # DAGs    # Errors  Last Runtime    Last Run
--------------------------------------  -----  ---------  --------  ----------  --------------  -------------------
/opt/airflow/dags/lakehouse_bsg_dag.py                           1           0  0.10s           2026-02-18T12:11:11
================================================================================
[2026-02-18T12:12:01.414+0000] {manager.py:878} INFO - 
================================================================================
DAG File Processing Stats

File Path                               PID    Runtime      # DAGs    # Errors  Last Runtime    Last Run
--------------------------------------  -----  ---------  --------  ----------  --------------  -------------------
/opt/airflow/dags/lakehouse_bsg_dag.py                           1           0  0.50s           2026-02-18T12:11:44
================================================================================
[2026-02-18T12:12:34.802+0000] {manager.py:878} INFO - 
================================================================================
DAG File Processing Stats

File Path                               PID    Runtime      # DAGs    # Errors  Last Runtime    Last Run
--------------------------------------  -----  ---------  --------  ----------  --------------  -------------------
/opt/airflow/dags/lakehouse_bsg_dag.py                           1           0  0.10s           2026-02-18T12:12:16
================================================================================
[2026-02-18T12:13:07.790+0000] {manager.py:878} INFO - 
================================================================================
DAG File Processing Stats

File Path                               PID    Runtime      # DAGs    # Errors  Last Runtime    Last Run
--------------------------------------  -----  ---------  --------  ----------  --------------  -------------------
/opt/airflow/dags/lakehouse_bsg_dag.py                           1           0  0.10s           2026-02-18T12:12:49
================================================================================
[2026-02-18T12:13:40.724+0000] {manager.py:878} INFO - 
================================================================================
DAG File Processing Stats

File Path                               PID    Runtime      # DAGs    # Errors  Last Runtime    Last Run
--------------------------------------  -----  ---------  --------  ----------  --------------  -------------------
/opt/airflow/dags/lakehouse_bsg_dag.py                           1           0  0.10s           2026-02-18T12:13:22
================================================================================
[2026-02-18T12:14:13.676+0000] {manager.py:878} INFO - 
================================================================================
DAG File Processing Stats

File Path                               PID    Runtime      # DAGs    # Errors  Last Runtime    Last Run
--------------------------------------  -----  ---------  --------  ----------  --------------  -------------------
/opt/airflow/dags/lakehouse_bsg_dag.py                           1           0  0.09s           2026-02-18T12:13:55
================================================================================
[2026-02-18T12:14:46.590+0000] {manager.py:878} INFO - 
================================================================================
DAG File Processing Stats

File Path                               PID    Runtime      # DAGs    # Errors  Last Runtime    Last Run
--------------------------------------  -----  ---------  --------  ----------  --------------  -------------------
/opt/airflow/dags/lakehouse_bsg_dag.py                           1           0  0.11s           2026-02-18T12:14:27
================================================================================
[2026-02-18T12:15:19.577+0000] {manager.py:878} INFO - 
================================================================================
DAG File Processing Stats

File Path                               PID    Runtime      # DAGs    # Errors  Last Runtime    Last Run
--------------------------------------  -----  ---------  --------  ----------  --------------  -------------------
/opt/airflow/dags/lakehouse_bsg_dag.py                           1           0  0.11s           2026-02-18T12:15:00
================================================================================
[2026-02-18T12:15:52.474+0000] {manager.py:878} INFO - 
================================================================================
DAG File Processing Stats

File Path                               PID    Runtime      # DAGs    # Errors  Last Runtime    Last Run
--------------------------------------  -----  ---------  --------  ----------  --------------  -------------------
/opt/airflow/dags/lakehouse_bsg_dag.py                           1           0  0.10s           2026-02-18T12:15:33
================================================================================
[2026-02-18T12:16:23.427+0000] {manager.py:737} INFO - Searching for files in /opt/airflow/dags
[2026-02-18T12:16:23.451+0000] {manager.py:740} INFO - There are 1 files in /opt/airflow/dags
[2026-02-18T12:16:25.483+0000] {manager.py:878} INFO - 
================================================================================
DAG File Processing Stats

File Path                               PID    Runtime      # DAGs    # Errors  Last Runtime    Last Run
--------------------------------------  -----  ---------  --------  ----------  --------------  -------------------
/opt/airflow/dags/lakehouse_bsg_dag.py                           1           0  0.12s           2026-02-18T12:16:06
================================================================================
[2026-02-18T12:16:58.385+0000] {manager.py:878} INFO - 
================================================================================
DAG File Processing Stats

File Path                               PID    Runtime      # DAGs    # Errors  Last Runtime    Last Run
--------------------------------------  -----  ---------  --------  ----------  --------------  -------------------
/opt/airflow/dags/lakehouse_bsg_dag.py                           1           0  0.11s           2026-02-18T12:16:39
================================================================================
[2026-02-18T12:17:31.347+0000] {manager.py:878} INFO - 
================================================================================
DAG File Processing Stats

File Path                               PID    Runtime      # DAGs    # Errors  Last Runtime    Last Run
--------------------------------------  -----  ---------  --------  ----------  --------------  -------------------
/opt/airflow/dags/lakehouse_bsg_dag.py                           1           0  0.11s           2026-02-18T12:17:12
================================================================================
[2026-02-18T12:18:04.247+0000] {manager.py:878} INFO - 
================================================================================
DAG File Processing Stats

File Path                               PID    Runtime      # DAGs    # Errors  Last Runtime    Last Run
--------------------------------------  -----  ---------  --------  ----------  --------------  -------------------
/opt/airflow/dags/lakehouse_bsg_dag.py                           1           0  0.10s           2026-02-18T12:17:44
================================================================================
[2026-02-18T12:18:37.333+0000] {manager.py:878} INFO - 
================================================================================
DAG File Processing Stats

File Path                               PID    Runtime      # DAGs    # Errors  Last Runtime    Last Run
--------------------------------------  -----  ---------  --------  ----------  --------------  -------------------
/opt/airflow/dags/lakehouse_bsg_dag.py                           1           0  0.09s           2026-02-18T12:18:17
================================================================================
[2026-02-18T12:19:10.227+0000] {manager.py:878} INFO - 
================================================================================
DAG File Processing Stats

File Path                               PID    Runtime      # DAGs    # Errors  Last Runtime    Last Run
--------------------------------------  -----  ---------  --------  ----------  --------------  -------------------
/opt/airflow/dags/lakehouse_bsg_dag.py                           1           0  0.10s           2026-02-18T12:18:50
================================================================================
[2026-02-18T12:19:43.183+0000] {manager.py:878} INFO - 
================================================================================
DAG File Processing Stats

File Path                               PID    Runtime      # DAGs    # Errors  Last Runtime    Last Run
--------------------------------------  -----  ---------  --------  ----------  --------------  -------------------
/opt/airflow/dags/lakehouse_bsg_dag.py                           1           0  0.10s           2026-02-18T12:19:23
================================================================================
[2026-02-18T12:20:16.110+0000] {manager.py:878} INFO - 
================================================================================
DAG File Processing Stats

File Path                               PID    Runtime      # DAGs    # Errors  Last Runtime    Last Run
--------------------------------------  -----  ---------  --------  ----------  --------------  -------------------
/opt/airflow/dags/lakehouse_bsg_dag.py                           1           0  0.12s           2026-02-18T12:19:55
================================================================================
[2026-02-18T12:20:49.038+0000] {manager.py:878} INFO - 
================================================================================
DAG File Processing Stats

File Path                               PID    Runtime      # DAGs    # Errors  Last Runtime    Last Run
--------------------------------------  -----  ---------  --------  ----------  --------------  -------------------
/opt/airflow/dags/lakehouse_bsg_dag.py                           1           0  0.11s           2026-02-18T12:20:27
================================================================================
[2026-02-18T12:21:22.007+0000] {manager.py:878} INFO - 
================================================================================
DAG File Processing Stats

File Path                               PID    Runtime      # DAGs    # Errors  Last Runtime    Last Run
--------------------------------------  -----  ---------  --------  ----------  --------------  -------------------
/opt/airflow/dags/lakehouse_bsg_dag.py                           1           0  0.10s           2026-02-18T12:21:00
================================================================================
[2026-02-18T12:21:24.014+0000] {manager.py:737} INFO - Searching for files in /opt/airflow/dags
[2026-02-18T12:21:24.034+0000] {manager.py:740} INFO - There are 1 files in /opt/airflow/dags
[2026-02-18T12:21:55.008+0000] {manager.py:878} INFO - 
================================================================================
DAG File Processing Stats

File Path                               PID    Runtime      # DAGs    # Errors  Last Runtime    Last Run
--------------------------------------  -----  ---------  --------  ----------  --------------  -------------------
/opt/airflow/dags/lakehouse_bsg_dag.py                           1           0  0.10s           2026-02-18T12:21:33
================================================================================
[2026-02-18T12:22:27.936+0000] {manager.py:878} INFO - 
================================================================================
DAG File Processing Stats

File Path                               PID    Runtime      # DAGs    # Errors  Last Runtime    Last Run
--------------------------------------  -----  ---------  --------  ----------  --------------  -------------------
/opt/airflow/dags/lakehouse_bsg_dag.py                           1           0  0.10s           2026-02-18T12:22:06
================================================================================
[2026-02-18T12:23:00.945+0000] {manager.py:878} INFO - 
================================================================================
DAG File Processing Stats

File Path                               PID    Runtime      # DAGs    # Errors  Last Runtime    Last Run
--------------------------------------  -----  ---------  --------  ----------  --------------  -------------------
/opt/airflow/dags/lakehouse_bsg_dag.py                           1           0  0.09s           2026-02-18T12:22:38
================================================================================
[2026-02-18T12:23:33.853+0000] {manager.py:878} INFO - 
================================================================================
DAG File Processing Stats

File Path                               PID    Runtime      # DAGs    # Errors  Last Runtime    Last Run
--------------------------------------  -----  ---------  --------  ----------  --------------  -------------------
/opt/airflow/dags/lakehouse_bsg_dag.py                           1           0  0.10s           2026-02-18T12:23:11
================================================================================
[2026-02-18T12:24:06.825+0000] {manager.py:878} INFO - 
================================================================================
DAG File Processing Stats

File Path                               PID    Runtime      # DAGs    # Errors  Last Runtime    Last Run
--------------------------------------  -----  ---------  --------  ----------  --------------  -------------------
/opt/airflow/dags/lakehouse_bsg_dag.py                           1           0  0.09s           2026-02-18T12:23:44
================================================================================
[2026-02-18T12:24:39.842+0000] {manager.py:878} INFO - 
================================================================================
DAG File Processing Stats

File Path                               PID    Runtime      # DAGs    # Errors  Last Runtime    Last Run
--------------------------------------  -----  ---------  --------  ----------  --------------  -------------------
/opt/airflow/dags/lakehouse_bsg_dag.py                           1           0  0.09s           2026-02-18T12:24:17
================================================================================
[2026-02-18T12:25:12.819+0000] {manager.py:878} INFO - 
================================================================================
DAG File Processing Stats

File Path                               PID    Runtime      # DAGs    # Errors  Last Runtime    Last Run
--------------------------------------  -----  ---------  --------  ----------  --------------  -------------------
/opt/airflow/dags/lakehouse_bsg_dag.py                           1           0  0.12s           2026-02-18T12:24:50
================================================================================
[2026-02-18T12:25:45.702+0000] {manager.py:878} INFO - 
================================================================================
DAG File Processing Stats

File Path                               PID    Runtime      # DAGs    # Errors  Last Runtime    Last Run
--------------------------------------  -----  ---------  --------  ----------  --------------  -------------------
/opt/airflow/dags/lakehouse_bsg_dag.py                           1           0  0.09s           2026-02-18T12:25:22
================================================================================
[2026-02-18T12:26:18.673+0000] {manager.py:878} INFO - 
================================================================================
DAG File Processing Stats

File Path                               PID    Runtime      # DAGs    # Errors  Last Runtime    Last Run
--------------------------------------  -----  ---------  --------  ----------  --------------  -------------------
/opt/airflow/dags/lakehouse_bsg_dag.py                           1           0  0.12s           2026-02-18T12:25:55
================================================================================
[2026-02-18T12:26:24.709+0000] {manager.py:737} INFO - Searching for files in /opt/airflow/dags
[2026-02-18T12:26:24.745+0000] {manager.py:740} INFO - There are 1 files in /opt/airflow/dags
[2026-02-18T12:26:51.713+0000] {manager.py:878} INFO - 
================================================================================
DAG File Processing Stats

File Path                               PID    Runtime      # DAGs    # Errors  Last Runtime    Last Run
--------------------------------------  -----  ---------  --------  ----------  --------------  -------------------
/opt/airflow/dags/lakehouse_bsg_dag.py                           1           0  0.10s           2026-02-18T12:26:28
================================================================================
[2026-02-18T12:27:24.643+0000] {manager.py:878} INFO - 
================================================================================
DAG File Processing Stats

File Path                               PID    Runtime      # DAGs    # Errors  Last Runtime    Last Run
--------------------------------------  -----  ---------  --------  ----------  --------------  -------------------
/opt/airflow/dags/lakehouse_bsg_dag.py                           1           0  0.10s           2026-02-18T12:27:01
================================================================================
[2026-02-18T12:27:57.628+0000] {manager.py:878} INFO - 
================================================================================
DAG File Processing Stats

File Path                               PID    Runtime      # DAGs    # Errors  Last Runtime    Last Run
--------------------------------------  -----  ---------  --------  ----------  --------------  -------------------
/opt/airflow/dags/lakehouse_bsg_dag.py                           1           0  0.09s           2026-02-18T12:27:34
================================================================================
[2026-02-18T12:28:30.578+0000] {manager.py:878} INFO - 
================================================================================
DAG File Processing Stats

File Path                               PID    Runtime      # DAGs    # Errors  Last Runtime    Last Run
--------------------------------------  -----  ---------  --------  ----------  --------------  -------------------
/opt/airflow/dags/lakehouse_bsg_dag.py                           1           0  0.10s           2026-02-18T12:28:06
================================================================================
[2026-02-18T12:29:03.536+0000] {manager.py:878} INFO - 
================================================================================
DAG File Processing Stats

File Path                               PID    Runtime      # DAGs    # Errors  Last Runtime    Last Run
--------------------------------------  -----  ---------  --------  ----------  --------------  -------------------
/opt/airflow/dags/lakehouse_bsg_dag.py                           1           0  0.12s           2026-02-18T12:28:39
================================================================================
[2026-02-18T12:29:36.498+0000] {manager.py:878} INFO - 
================================================================================
DAG File Processing Stats

File Path                               PID    Runtime      # DAGs    # Errors  Last Runtime    Last Run
--------------------------------------  -----  ---------  --------  ----------  --------------  -------------------
/opt/airflow/dags/lakehouse_bsg_dag.py                           1           0  0.11s           2026-02-18T12:29:12
================================================================================
[2026-02-18T12:30:09.382+0000] {manager.py:878} INFO - 
================================================================================
DAG File Processing Stats

File Path                               PID    Runtime      # DAGs    # Errors  Last Runtime    Last Run
--------------------------------------  -----  ---------  --------  ----------  --------------  -------------------
/opt/airflow/dags/lakehouse_bsg_dag.py                           1           0  0.10s           2026-02-18T12:29:45
================================================================================
[2026-02-18T12:30:42.332+0000] {manager.py:878} INFO - 
================================================================================
DAG File Processing Stats

File Path                               PID    Runtime      # DAGs    # Errors  Last Runtime    Last Run
--------------------------------------  -----  ---------  --------  ----------  --------------  -------------------
/opt/airflow/dags/lakehouse_bsg_dag.py                           1           0  0.10s           2026-02-18T12:30:18
================================================================================
[2026-02-18T12:31:15.353+0000] {manager.py:878} INFO - 
================================================================================
DAG File Processing Stats

File Path                               PID    Runtime      # DAGs    # Errors  Last Runtime    Last Run
--------------------------------------  -----  ---------  --------  ----------  --------------  -------------------
/opt/airflow/dags/lakehouse_bsg_dag.py                           1           0  0.10s           2026-02-18T12:30:50
================================================================================
[2026-02-18T12:31:25.167+0000] {manager.py:737} INFO - Searching for files in /opt/airflow/dags
[2026-02-18T12:31:25.192+0000] {manager.py:740} INFO - There are 1 files in /opt/airflow/dags
[2026-02-18T12:31:48.330+0000] {manager.py:878} INFO - 
================================================================================
DAG File Processing Stats

File Path                               PID    Runtime      # DAGs    # Errors  Last Runtime    Last Run
--------------------------------------  -----  ---------  --------  ----------  --------------  -------------------
/opt/airflow/dags/lakehouse_bsg_dag.py                           1           0  0.09s           2026-02-18T12:31:23
================================================================================
[2026-02-18T12:32:22.622+0000] {manager.py:878} INFO - 
================================================================================
DAG File Processing Stats

File Path                               PID    Runtime      # DAGs    # Errors  Last Runtime    Last Run
--------------------------------------  -----  ---------  --------  ----------  --------------  -------------------
/opt/airflow/dags/lakehouse_bsg_dag.py                           1           0  0.10s           2026-02-18T12:31:54
================================================================================
[2026-02-18T12:32:54.231+0000] {manager.py:878} INFO - 
================================================================================
DAG File Processing Stats

File Path                               PID    Runtime      # DAGs    # Errors  Last Runtime    Last Run
--------------------------------------  -----  ---------  --------  ----------  --------------  -------------------
/opt/airflow/dags/lakehouse_bsg_dag.py                           1           0  0.09s           2026-02-18T12:32:24
================================================================================
[2026-02-18T12:33:27.229+0000] {manager.py:878} INFO - 
================================================================================
DAG File Processing Stats

File Path                               PID    Runtime      # DAGs    # Errors  Last Runtime    Last Run
--------------------------------------  -----  ---------  --------  ----------  --------------  -------------------
/opt/airflow/dags/lakehouse_bsg_dag.py                           1           0  0.09s           2026-02-18T12:33:26
================================================================================
[2026-02-18T12:34:00.194+0000] {manager.py:878} INFO - 
================================================================================
DAG File Processing Stats

File Path                               PID    Runtime      # DAGs    # Errors  Last Runtime    Last Run
--------------------------------------  -----  ---------  --------  ----------  --------------  -------------------
/opt/airflow/dags/lakehouse_bsg_dag.py                           1           0  0.09s           2026-02-18T12:33:57
================================================================================
[2026-02-18T12:34:33.138+0000] {manager.py:878} INFO - 
================================================================================
DAG File Processing Stats

File Path                               PID    Runtime      # DAGs    # Errors  Last Runtime    Last Run
--------------------------------------  -----  ---------  --------  ----------  --------------  -------------------
/opt/airflow/dags/lakehouse_bsg_dag.py                           1           0  0.11s           2026-02-18T12:34:28
================================================================================
[2026-02-18T12:35:06.136+0000] {manager.py:878} INFO - 
================================================================================
DAG File Processing Stats

File Path                               PID    Runtime      # DAGs    # Errors  Last Runtime    Last Run
--------------------------------------  -----  ---------  --------  ----------  --------------  -------------------
/opt/airflow/dags/lakehouse_bsg_dag.py                           1           0  0.09s           2026-02-18T12:34:59
================================================================================
[2026-02-18T12:35:39.051+0000] {manager.py:878} INFO - 
================================================================================
DAG File Processing Stats

File Path                               PID    Runtime      # DAGs    # Errors  Last Runtime    Last Run
--------------------------------------  -----  ---------  --------  ----------  --------------  -------------------
/opt/airflow/dags/lakehouse_bsg_dag.py                           1           0  0.09s           2026-02-18T12:35:30
================================================================================
[2026-02-18T12:36:12.041+0000] {manager.py:878} INFO - 
================================================================================
DAG File Processing Stats

File Path                               PID    Runtime      # DAGs    # Errors  Last Runtime    Last Run
--------------------------------------  -----  ---------  --------  ----------  --------------  -------------------
/opt/airflow/dags/lakehouse_bsg_dag.py                           1           0  0.09s           2026-02-18T12:36:01
================================================================================
[2026-02-18T12:36:25.817+0000] {manager.py:737} INFO - Searching for files in /opt/airflow/dags
[2026-02-18T12:36:25.853+0000] {manager.py:740} INFO - There are 1 files in /opt/airflow/dags
[2026-02-18T12:36:44.977+0000] {manager.py:878} INFO - 
================================================================================
DAG File Processing Stats

File Path                               PID    Runtime      # DAGs    # Errors  Last Runtime    Last Run
--------------------------------------  -----  ---------  --------  ----------  --------------  -------------------
/opt/airflow/dags/lakehouse_bsg_dag.py                           1           0  0.10s           2026-02-18T12:36:32
================================================================================
[2026-02-18T12:37:18.019+0000] {manager.py:878} INFO - 
================================================================================
DAG File Processing Stats

File Path                               PID    Runtime      # DAGs    # Errors  Last Runtime    Last Run
--------------------------------------  -----  ---------  --------  ----------  --------------  -------------------
/opt/airflow/dags/lakehouse_bsg_dag.py                           1           0  0.10s           2026-02-18T12:37:02
================================================================================
[2026-02-18T12:37:50.901+0000] {manager.py:878} INFO - 
================================================================================
DAG File Processing Stats

File Path                               PID    Runtime      # DAGs    # Errors  Last Runtime    Last Run
--------------------------------------  -----  ---------  --------  ----------  --------------  -------------------
/opt/airflow/dags/lakehouse_bsg_dag.py                           1           0  0.09s           2026-02-18T12:37:33
================================================================================
[2026-02-18T12:38:25.315+0000] {manager.py:878} INFO - 
================================================================================
DAG File Processing Stats

File Path                               PID    Runtime      # DAGs    # Errors  Last Runtime    Last Run
--------------------------------------  -----  ---------  --------  ----------  --------------  -------------------
/opt/airflow/dags/lakehouse_bsg_dag.py                           1           0  0.10s           2026-02-18T12:38:04
================================================================================
[2026-02-18T12:38:56.868+0000] {manager.py:878} INFO - 
================================================================================
DAG File Processing Stats

File Path                               PID    Runtime      # DAGs    # Errors  Last Runtime    Last Run
--------------------------------------  -----  ---------  --------  ----------  --------------  -------------------
/opt/airflow/dags/lakehouse_bsg_dag.py                           1           0  0.09s           2026-02-18T12:38:35
================================================================================
[2026-02-18T12:39:29.811+0000] {manager.py:878} INFO - 
================================================================================
DAG File Processing Stats

File Path                               PID    Runtime      # DAGs    # Errors  Last Runtime    Last Run
--------------------------------------  -----  ---------  --------  ----------  --------------  -------------------
/opt/airflow/dags/lakehouse_bsg_dag.py                           1           0  0.09s           2026-02-18T12:39:06
================================================================================
[2026-02-18T12:40:02.804+0000] {manager.py:878} INFO - 
================================================================================
DAG File Processing Stats

File Path                               PID    Runtime      # DAGs    # Errors  Last Runtime    Last Run
--------------------------------------  -----  ---------  --------  ----------  --------------  -------------------
/opt/airflow/dags/lakehouse_bsg_dag.py                           1           0  0.11s           2026-02-18T12:39:37
================================================================================
[2026-02-18T12:40:35.776+0000] {manager.py:878} INFO - 
================================================================================
DAG File Processing Stats

File Path                               PID    Runtime      # DAGs    # Errors  Last Runtime    Last Run
--------------------------------------  -----  ---------  --------  ----------  --------------  -------------------
/opt/airflow/dags/lakehouse_bsg_dag.py                           1           0  0.10s           2026-02-18T12:40:08
================================================================================
[2026-02-18T12:41:08.763+0000] {manager.py:878} INFO - 
================================================================================
DAG File Processing Stats

File Path                               PID    Runtime      # DAGs    # Errors  Last Runtime    Last Run
--------------------------------------  -----  ---------  --------  ----------  --------------  -------------------
/opt/airflow/dags/lakehouse_bsg_dag.py                           1           0  0.10s           2026-02-18T12:40:39
================================================================================
[2026-02-18T12:41:26.664+0000] {manager.py:737} INFO - Searching for files in /opt/airflow/dags
[2026-02-18T12:41:26.685+0000] {manager.py:740} INFO - There are 1 files in /opt/airflow/dags
[2026-02-18T12:41:41.777+0000] {manager.py:878} INFO - 
================================================================================
DAG File Processing Stats

File Path                               PID    Runtime      # DAGs    # Errors  Last Runtime    Last Run
--------------------------------------  -----  ---------  --------  ----------  --------------  -------------------
/opt/airflow/dags/lakehouse_bsg_dag.py                           1           0  0.12s           2026-02-18T12:41:12
================================================================================
[2026-02-18T12:42:14.719+0000] {manager.py:878} INFO - 
================================================================================
DAG File Processing Stats

File Path                               PID    Runtime      # DAGs    # Errors  Last Runtime    Last Run
--------------------------------------  -----  ---------  --------  ----------  --------------  -------------------
/opt/airflow/dags/lakehouse_bsg_dag.py                           1           0  0.11s           2026-02-18T12:41:45
================================================================================
[2026-02-18T12:42:44.502+0000] {manager.py:878} INFO - 
================================================================================
DAG File Processing Stats

File Path                               PID    Runtime      # DAGs    # Errors  Last Runtime    Last Run
--------------------------------------  -----  ---------  --------  ----------  --------------  -------------------
/opt/airflow/dags/lakehouse_bsg_dag.py                           1           0  0.10s           2026-02-18T12:42:18
================================================================================
[2026-02-18T12:43:23.368+0000] {manager.py:878} INFO - 
================================================================================
DAG File Processing Stats

File Path                                 PID  Runtime      # DAGs    # Errors  Last Runtime    Last Run
--------------------------------------  -----  ---------  --------  ----------  --------------  -------------------
/opt/airflow/dags/lakehouse_bsg_dag.py   1594  0.00s             1           0  0.09s           2026-02-18T12:42:51
================================================================================
[2026-02-18T12:43:56.379+0000] {manager.py:878} INFO - 
================================================================================
DAG File Processing Stats

File Path                                 PID  Runtime      # DAGs    # Errors  Last Runtime    Last Run
--------------------------------------  -----  ---------  --------  ----------  --------------  -------------------
/opt/airflow/dags/lakehouse_bsg_dag.py   1599  0.00s             1           0  0.12s           2026-02-18T12:43:23
================================================================================
[2026-02-18T12:44:29.375+0000] {manager.py:878} INFO - 
================================================================================
DAG File Processing Stats

File Path                                 PID  Runtime      # DAGs    # Errors  Last Runtime    Last Run
--------------------------------------  -----  ---------  --------  ----------  --------------  -------------------
/opt/airflow/dags/lakehouse_bsg_dag.py   1604  0.00s             1           0  0.12s           2026-02-18T12:43:56
================================================================================
[2026-02-18T12:45:02.429+0000] {manager.py:878} INFO - 
================================================================================
DAG File Processing Stats

File Path                                 PID  Runtime      # DAGs    # Errors  Last Runtime    Last Run
--------------------------------------  -----  ---------  --------  ----------  --------------  -------------------
/opt/airflow/dags/lakehouse_bsg_dag.py   1609  0.05s             1           0  0.10s           2026-02-18T12:44:29
================================================================================
[2026-02-18T12:45:35.327+0000] {manager.py:878} INFO - 
================================================================================
DAG File Processing Stats

File Path                                 PID  Runtime      # DAGs    # Errors  Last Runtime    Last Run
--------------------------------------  -----  ---------  --------  ----------  --------------  -------------------
/opt/airflow/dags/lakehouse_bsg_dag.py   1614  0.59s             1           0  0.46s           2026-02-18T12:45:02
================================================================================
[2026-02-18T12:46:08.373+0000] {manager.py:878} INFO - 
================================================================================
DAG File Processing Stats

File Path                               PID    Runtime      # DAGs    # Errors  Last Runtime    Last Run
--------------------------------------  -----  ---------  --------  ----------  --------------  -------------------
/opt/airflow/dags/lakehouse_bsg_dag.py                           1           0  0.69s           2026-02-18T12:46:07
================================================================================
[2026-02-18T12:46:27.052+0000] {manager.py:737} INFO - Searching for files in /opt/airflow/dags
[2026-02-18T12:46:27.073+0000] {manager.py:740} INFO - There are 1 files in /opt/airflow/dags
[2026-02-18T12:46:41.305+0000] {manager.py:878} INFO - 
================================================================================
DAG File Processing Stats

File Path                               PID    Runtime      # DAGs    # Errors  Last Runtime    Last Run
--------------------------------------  -----  ---------  --------  ----------  --------------  -------------------
/opt/airflow/dags/lakehouse_bsg_dag.py                           1           0  0.51s           2026-02-18T12:46:40
================================================================================
[2026-02-18T12:47:14.310+0000] {manager.py:878} INFO - 
================================================================================
DAG File Processing Stats

File Path                               PID    Runtime      # DAGs    # Errors  Last Runtime    Last Run
--------------------------------------  -----  ---------  --------  ----------  --------------  -------------------
/opt/airflow/dags/lakehouse_bsg_dag.py                           1           0  0.16s           2026-02-18T12:47:13
================================================================================
[2026-02-18T12:47:47.287+0000] {manager.py:878} INFO - 
================================================================================
DAG File Processing Stats

File Path                               PID    Runtime      # DAGs    # Errors  Last Runtime    Last Run
--------------------------------------  -----  ---------  --------  ----------  --------------  -------------------
/opt/airflow/dags/lakehouse_bsg_dag.py                           1           0  0.10s           2026-02-18T12:47:46
================================================================================
[2026-02-18T12:48:20.188+0000] {manager.py:878} INFO - 
================================================================================
DAG File Processing Stats

File Path                               PID    Runtime      # DAGs    # Errors  Last Runtime    Last Run
--------------------------------------  -----  ---------  --------  ----------  --------------  -------------------
/opt/airflow/dags/lakehouse_bsg_dag.py                           1           0  0.09s           2026-02-18T12:48:18
================================================================================
[2026-02-18T12:48:53.209+0000] {manager.py:878} INFO - 
================================================================================
DAG File Processing Stats

File Path                               PID    Runtime      # DAGs    # Errors  Last Runtime    Last Run
--------------------------------------  -----  ---------  --------  ----------  --------------  -------------------
/opt/airflow/dags/lakehouse_bsg_dag.py                           1           0  0.10s           2026-02-18T12:48:51
================================================================================
[2026-02-18T12:49:26.108+0000] {manager.py:878} INFO - 
================================================================================
DAG File Processing Stats

File Path                               PID    Runtime      # DAGs    # Errors  Last Runtime    Last Run
--------------------------------------  -----  ---------  --------  ----------  --------------  -------------------
/opt/airflow/dags/lakehouse_bsg_dag.py                           1           0  0.10s           2026-02-18T12:49:24
================================================================================
[2026-02-18T12:49:59.064+0000] {manager.py:878} INFO - 
================================================================================
DAG File Processing Stats

File Path                               PID    Runtime      # DAGs    # Errors  Last Runtime    Last Run
--------------------------------------  -----  ---------  --------  ----------  --------------  -------------------
/opt/airflow/dags/lakehouse_bsg_dag.py                           1           0  0.13s           2026-02-18T12:49:57
================================================================================
[2026-02-18T12:50:32.005+0000] {manager.py:878} INFO - 
================================================================================
DAG File Processing Stats

File Path                               PID    Runtime      # DAGs    # Errors  Last Runtime    Last Run
--------------------------------------  -----  ---------  --------  ----------  --------------  -------------------
/opt/airflow/dags/lakehouse_bsg_dag.py                           1           0  0.09s           2026-02-18T12:50:30
================================================================================
[2026-02-18T12:51:04.954+0000] {manager.py:878} INFO - 
================================================================================
DAG File Processing Stats

File Path                               PID    Runtime      # DAGs    # Errors  Last Runtime    Last Run
--------------------------------------  -----  ---------  --------  ----------  --------------  -------------------
/opt/airflow/dags/lakehouse_bsg_dag.py                           1           0  0.53s           2026-02-18T12:51:03
================================================================================
[2026-02-18T12:51:27.566+0000] {manager.py:737} INFO - Searching for files in /opt/airflow/dags
[2026-02-18T12:51:27.594+0000] {manager.py:740} INFO - There are 1 files in /opt/airflow/dags
[2026-02-18T12:51:37.884+0000] {manager.py:878} INFO - 
================================================================================
DAG File Processing Stats

File Path                               PID    Runtime      # DAGs    # Errors  Last Runtime    Last Run
--------------------------------------  -----  ---------  --------  ----------  --------------  -------------------
/opt/airflow/dags/lakehouse_bsg_dag.py                           1           0  0.10s           2026-02-18T12:51:34
================================================================================
[2026-02-18T12:52:10.872+0000] {manager.py:878} INFO - 
================================================================================
DAG File Processing Stats

File Path                               PID    Runtime      # DAGs    # Errors  Last Runtime    Last Run
--------------------------------------  -----  ---------  --------  ----------  --------------  -------------------
/opt/airflow/dags/lakehouse_bsg_dag.py                           1           0  0.11s           2026-02-18T12:52:07
================================================================================
[2026-02-18T12:52:43.769+0000] {manager.py:878} INFO - 
================================================================================
DAG File Processing Stats

File Path                               PID    Runtime      # DAGs    # Errors  Last Runtime    Last Run
--------------------------------------  -----  ---------  --------  ----------  --------------  -------------------
/opt/airflow/dags/lakehouse_bsg_dag.py                           1           0  0.12s           2026-02-18T12:52:40
================================================================================
[2026-02-18T12:53:16.788+0000] {manager.py:878} INFO - 
================================================================================
DAG File Processing Stats

File Path                               PID    Runtime      # DAGs    # Errors  Last Runtime    Last Run
--------------------------------------  -----  ---------  --------  ----------  --------------  -------------------
/opt/airflow/dags/lakehouse_bsg_dag.py                           1           0  0.12s           2026-02-18T12:53:13
================================================================================
[2026-02-18T12:53:49.709+0000] {manager.py:878} INFO - 
================================================================================
DAG File Processing Stats

File Path                               PID    Runtime      # DAGs    # Errors  Last Runtime    Last Run
--------------------------------------  -----  ---------  --------  ----------  --------------  -------------------
/opt/airflow/dags/lakehouse_bsg_dag.py                           1           0  0.10s           2026-02-18T12:53:45
================================================================================
[2026-02-18T12:54:22.697+0000] {manager.py:878} INFO - 
================================================================================
DAG File Processing Stats

File Path                               PID    Runtime      # DAGs    # Errors  Last Runtime    Last Run
--------------------------------------  -----  ---------  --------  ----------  --------------  -------------------
/opt/airflow/dags/lakehouse_bsg_dag.py                           1           0  0.09s           2026-02-18T12:54:18
================================================================================
[2026-02-18T12:54:55.634+0000] {manager.py:878} INFO - 
================================================================================
DAG File Processing Stats

File Path                               PID    Runtime      # DAGs    # Errors  Last Runtime    Last Run
--------------------------------------  -----  ---------  --------  ----------  --------------  -------------------
/opt/airflow/dags/lakehouse_bsg_dag.py                           1           0  0.12s           2026-02-18T12:54:51
================================================================================
[2026-02-18T12:55:28.880+0000] {manager.py:878} INFO - 
================================================================================
DAG File Processing Stats

File Path                               PID    Runtime      # DAGs    # Errors  Last Runtime    Last Run
--------------------------------------  -----  ---------  --------  ----------  --------------  -------------------
/opt/airflow/dags/lakehouse_bsg_dag.py                           1           0  0.10s           2026-02-18T12:55:24
================================================================================
[2026-02-18T12:56:02.434+0000] {manager.py:878} INFO - 
================================================================================
DAG File Processing Stats

File Path                               PID    Runtime      # DAGs    # Errors  Last Runtime    Last Run
--------------------------------------  -----  ---------  --------  ----------  --------------  -------------------
/opt/airflow/dags/lakehouse_bsg_dag.py                           1           0  0.10s           2026-02-18T12:55:58
================================================================================
[2026-02-18T12:56:31.891+0000] {manager.py:737} INFO - Searching for files in /opt/airflow/dags
[2026-02-18T12:56:31.916+0000] {manager.py:740} INFO - There are 1 files in /opt/airflow/dags
[2026-02-18T12:56:35.962+0000] {manager.py:878} INFO - 
================================================================================
DAG File Processing Stats

File Path                               PID    Runtime      # DAGs    # Errors  Last Runtime    Last Run
--------------------------------------  -----  ---------  --------  ----------  --------------  -------------------
/opt/airflow/dags/lakehouse_bsg_dag.py                           1           0  0.09s           2026-02-18T12:56:32
================================================================================
[2026-02-18T12:57:09.514+0000] {manager.py:878} INFO - 
================================================================================
DAG File Processing Stats

File Path                               PID    Runtime      # DAGs    # Errors  Last Runtime    Last Run
--------------------------------------  -----  ---------  --------  ----------  --------------  -------------------
/opt/airflow/dags/lakehouse_bsg_dag.py                           1           0  0.11s           2026-02-18T12:57:04
================================================================================
[2026-02-18T12:57:43.087+0000] {manager.py:878} INFO - 
================================================================================
DAG File Processing Stats

File Path                               PID    Runtime      # DAGs    # Errors  Last Runtime    Last Run
--------------------------------------  -----  ---------  --------  ----------  --------------  -------------------
/opt/airflow/dags/lakehouse_bsg_dag.py                           1           0  0.09s           2026-02-18T12:57:38
================================================================================
[2026-02-18T12:58:16.602+0000] {manager.py:878} INFO - 
================================================================================
DAG File Processing Stats

File Path                               PID    Runtime      # DAGs    # Errors  Last Runtime    Last Run
--------------------------------------  -----  ---------  --------  ----------  --------------  -------------------
/opt/airflow/dags/lakehouse_bsg_dag.py                           1           0  0.10s           2026-02-18T12:58:11
================================================================================
[2026-02-18T12:58:50.187+0000] {manager.py:878} INFO - 
================================================================================
DAG File Processing Stats

File Path                               PID    Runtime      # DAGs    # Errors  Last Runtime    Last Run
--------------------------------------  -----  ---------  --------  ----------  --------------  -------------------
/opt/airflow/dags/lakehouse_bsg_dag.py                           1           0  0.10s           2026-02-18T12:58:45
================================================================================
[2026-02-18T12:59:23.706+0000] {manager.py:878} INFO - 
================================================================================
DAG File Processing Stats

File Path                               PID    Runtime      # DAGs    # Errors  Last Runtime    Last Run
--------------------------------------  -----  ---------  --------  ----------  --------------  -------------------
/opt/airflow/dags/lakehouse_bsg_dag.py                           1           0  0.10s           2026-02-18T12:59:17
================================================================================
[2026-02-18T12:59:57.259+0000] {manager.py:878} INFO - 
================================================================================
DAG File Processing Stats

File Path                               PID    Runtime      # DAGs    # Errors  Last Runtime    Last Run
--------------------------------------  -----  ---------  --------  ----------  --------------  -------------------
/opt/airflow/dags/lakehouse_bsg_dag.py                           1           0  0.72s           2026-02-18T12:59:51
================================================================================
[2026-02-18T13:00:31.424+0000] {manager.py:878} INFO - 
================================================================================
DAG File Processing Stats

File Path                               PID    Runtime      # DAGs    # Errors  Last Runtime    Last Run
--------------------------------------  -----  ---------  --------  ----------  --------------  -------------------
/opt/airflow/dags/lakehouse_bsg_dag.py                           1           0  0.13s           2026-02-18T13:00:24
================================================================================
[2026-02-18T13:01:04.994+0000] {manager.py:878} INFO - 
================================================================================
DAG File Processing Stats

File Path                               PID    Runtime      # DAGs    # Errors  Last Runtime    Last Run
--------------------------------------  -----  ---------  --------  ----------  --------------  -------------------
/opt/airflow/dags/lakehouse_bsg_dag.py                           1           0  0.54s           2026-02-18T13:00:58
================================================================================
[2026-02-18T13:01:32.452+0000] {manager.py:737} INFO - Searching for files in /opt/airflow/dags
[2026-02-18T13:01:32.523+0000] {manager.py:740} INFO - There are 1 files in /opt/airflow/dags
[2026-02-18T13:01:38.603+0000] {manager.py:878} INFO - 
================================================================================
DAG File Processing Stats

File Path                               PID    Runtime      # DAGs    # Errors  Last Runtime    Last Run
--------------------------------------  -----  ---------  --------  ----------  --------------  -------------------
/opt/airflow/dags/lakehouse_bsg_dag.py                           1           0  0.12s           2026-02-18T13:01:31
================================================================================
[2026-02-18T13:02:12.120+0000] {manager.py:878} INFO - 
================================================================================
DAG File Processing Stats

File Path                               PID    Runtime      # DAGs    # Errors  Last Runtime    Last Run
--------------------------------------  -----  ---------  --------  ----------  --------------  -------------------
/opt/airflow/dags/lakehouse_bsg_dag.py                           1           0  0.13s           2026-02-18T13:02:05
================================================================================
[2026-02-18T13:02:45.857+0000] {manager.py:878} INFO - 
================================================================================
DAG File Processing Stats

File Path                               PID    Runtime      # DAGs    # Errors  Last Runtime    Last Run
--------------------------------------  -----  ---------  --------  ----------  --------------  -------------------
/opt/airflow/dags/lakehouse_bsg_dag.py                           1           0  2.25s           2026-02-18T13:02:40
================================================================================
[2026-02-18T13:03:19.330+0000] {manager.py:878} INFO - 
================================================================================
DAG File Processing Stats

File Path                               PID    Runtime      # DAGs    # Errors  Last Runtime    Last Run
--------------------------------------  -----  ---------  --------  ----------  --------------  -------------------
/opt/airflow/dags/lakehouse_bsg_dag.py                           1           0  0.10s           2026-02-18T13:03:11
================================================================================
[2026-02-18T13:03:52.900+0000] {manager.py:878} INFO - 
================================================================================
DAG File Processing Stats

File Path                               PID    Runtime      # DAGs    # Errors  Last Runtime    Last Run
--------------------------------------  -----  ---------  --------  ----------  --------------  -------------------
/opt/airflow/dags/lakehouse_bsg_dag.py                           1           0  0.59s           2026-02-18T13:03:45
================================================================================
[2026-02-18T13:04:26.861+0000] {manager.py:878} INFO - 
================================================================================
DAG File Processing Stats

File Path                               PID    Runtime      # DAGs    # Errors  Last Runtime    Last Run
--------------------------------------  -----  ---------  --------  ----------  --------------  -------------------
/opt/airflow/dags/lakehouse_bsg_dag.py                           1           0  0.11s           2026-02-18T13:04:17
================================================================================
[2026-02-18T13:05:00.405+0000] {manager.py:878} INFO - 
================================================================================
DAG File Processing Stats

File Path                               PID    Runtime      # DAGs    # Errors  Last Runtime    Last Run
--------------------------------------  -----  ---------  --------  ----------  --------------  -------------------
/opt/airflow/dags/lakehouse_bsg_dag.py                           1           0  0.13s           2026-02-18T13:04:51
================================================================================
[2026-02-18T13:05:33.886+0000] {manager.py:878} INFO - 
================================================================================
DAG File Processing Stats

File Path                               PID    Runtime      # DAGs    # Errors  Last Runtime    Last Run
--------------------------------------  -----  ---------  --------  ----------  --------------  -------------------
/opt/airflow/dags/lakehouse_bsg_dag.py                           1           0  0.10s           2026-02-18T13:05:24
================================================================================
[2026-02-18T13:06:07.698+0000] {manager.py:878} INFO - 
================================================================================
DAG File Processing Stats

File Path                               PID    Runtime      # DAGs    # Errors  Last Runtime    Last Run
--------------------------------------  -----  ---------  --------  ----------  --------------  -------------------
/opt/airflow/dags/lakehouse_bsg_dag.py                           1           0  0.89s           2026-02-18T13:06:02
================================================================================
[2026-02-18T13:06:33.118+0000] {manager.py:737} INFO - Searching for files in /opt/airflow/dags
[2026-02-18T13:06:33.151+0000] {manager.py:740} INFO - There are 1 files in /opt/airflow/dags
[2026-02-18T13:06:41.224+0000] {manager.py:878} INFO - 
================================================================================
DAG File Processing Stats

File Path                               PID    Runtime      # DAGs    # Errors  Last Runtime    Last Run
--------------------------------------  -----  ---------  --------  ----------  --------------  -------------------
/opt/airflow/dags/lakehouse_bsg_dag.py                           1           0  0.09s           2026-02-18T13:06:33
================================================================================
[2026-02-18T13:07:14.815+0000] {manager.py:878} INFO - 
================================================================================
DAG File Processing Stats

File Path                               PID    Runtime      # DAGs    # Errors  Last Runtime    Last Run
--------------------------------------  -----  ---------  --------  ----------  --------------  -------------------
/opt/airflow/dags/lakehouse_bsg_dag.py                           1           0  0.11s           2026-02-18T13:07:04
================================================================================
[2026-02-18T13:07:48.331+0000] {manager.py:878} INFO - 
================================================================================
DAG File Processing Stats

File Path                               PID    Runtime      # DAGs    # Errors  Last Runtime    Last Run
--------------------------------------  -----  ---------  --------  ----------  --------------  -------------------
/opt/airflow/dags/lakehouse_bsg_dag.py                           1           0  0.10s           2026-02-18T13:07:38
================================================================================
[2026-02-18T13:08:21.917+0000] {manager.py:878} INFO - 
================================================================================
DAG File Processing Stats

File Path                               PID    Runtime      # DAGs    # Errors  Last Runtime    Last Run
--------------------------------------  -----  ---------  --------  ----------  --------------  -------------------
/opt/airflow/dags/lakehouse_bsg_dag.py                           1           0  0.21s           2026-02-18T13:08:11
================================================================================
[2026-02-18T13:08:55.525+0000] {manager.py:878} INFO - 
================================================================================
DAG File Processing Stats

File Path                               PID    Runtime      # DAGs    # Errors  Last Runtime    Last Run
--------------------------------------  -----  ---------  --------  ----------  --------------  -------------------
/opt/airflow/dags/lakehouse_bsg_dag.py                           1           0  0.13s           2026-02-18T13:08:45
================================================================================
[2026-02-18T13:35:11.726+0000] {manager.py:737} INFO - Searching for files in /opt/airflow/dags
[2026-02-18T13:35:12.097+0000] {manager.py:740} INFO - There are 1 files in /opt/airflow/dags
[2026-02-18T16:45:54.542+0000] {manager.py:737} INFO - Searching for files in /opt/airflow/dags
[2026-02-18T16:45:55.133+0000] {manager.py:740} INFO - There are 1 files in /opt/airflow/dags
[2026-02-18T16:46:01.637+0000] {manager.py:878} INFO - 
================================================================================
DAG File Processing Stats

File Path                               PID    Runtime      # DAGs    # Errors  Last Runtime    Last Run
--------------------------------------  -----  ---------  --------  ----------  --------------  -------------------
/opt/airflow/dags/lakehouse_bsg_dag.py                           1           0  1.94s           2026-02-18T16:45:57
================================================================================
[2026-02-18T16:46:34.463+0000] {manager.py:878} INFO - 
================================================================================
DAG File Processing Stats

File Path                               PID    Runtime      # DAGs    # Errors  Last Runtime    Last Run
--------------------------------------  -----  ---------  --------  ----------  --------------  -------------------
/opt/airflow/dags/lakehouse_bsg_dag.py                           1           0  0.51s           2026-02-18T16:46:28
================================================================================
[2026-02-18T16:47:07.408+0000] {manager.py:878} INFO - 
================================================================================
DAG File Processing Stats

File Path                               PID    Runtime      # DAGs    # Errors  Last Runtime    Last Run
--------------------------------------  -----  ---------  --------  ----------  --------------  -------------------
/opt/airflow/dags/lakehouse_bsg_dag.py                           1           0  3.65s           2026-02-18T16:47:02
================================================================================
[2026-02-18T16:47:40.400+0000] {manager.py:878} INFO - 
================================================================================
DAG File Processing Stats

File Path                               PID    Runtime      # DAGs    # Errors  Last Runtime    Last Run
--------------------------------------  -----  ---------  --------  ----------  --------------  -------------------
/opt/airflow/dags/lakehouse_bsg_dag.py                           1           0  1.61s           2026-02-18T16:47:34
================================================================================
[2026-02-18T16:48:13.597+0000] {manager.py:878} INFO - 
================================================================================
DAG File Processing Stats

File Path                               PID    Runtime      # DAGs    # Errors  Last Runtime    Last Run
--------------------------------------  -----  ---------  --------  ----------  --------------  -------------------
/opt/airflow/dags/lakehouse_bsg_dag.py                           1           0  2.83s           2026-02-18T16:48:08
================================================================================
[2026-02-18T16:48:47.001+0000] {manager.py:878} INFO - 
================================================================================
DAG File Processing Stats

File Path                               PID    Runtime      # DAGs    # Errors  Last Runtime    Last Run
--------------------------------------  -----  ---------  --------  ----------  --------------  -------------------
/opt/airflow/dags/lakehouse_bsg_dag.py                           1           0  0.11s           2026-02-18T16:48:39
================================================================================
[2026-02-18T16:49:19.994+0000] {manager.py:878} INFO - 
================================================================================
DAG File Processing Stats

File Path                               PID    Runtime      # DAGs    # Errors  Last Runtime    Last Run
--------------------------------------  -----  ---------  --------  ----------  --------------  -------------------
/opt/airflow/dags/lakehouse_bsg_dag.py                           1           0  0.10s           2026-02-18T16:49:09
================================================================================
[2026-02-18T16:49:52.951+0000] {manager.py:878} INFO - 
================================================================================
DAG File Processing Stats

File Path                               PID    Runtime      # DAGs    # Errors  Last Runtime    Last Run
--------------------------------------  -----  ---------  --------  ----------  --------------  -------------------
/opt/airflow/dags/lakehouse_bsg_dag.py                           1           0  0.09s           2026-02-18T16:49:40
================================================================================
[2026-02-18T16:50:25.992+0000] {manager.py:878} INFO - 
================================================================================
DAG File Processing Stats

File Path                               PID    Runtime      # DAGs    # Errors  Last Runtime    Last Run
--------------------------------------  -----  ---------  --------  ----------  --------------  -------------------
/opt/airflow/dags/lakehouse_bsg_dag.py                           1           0  0.10s           2026-02-18T16:50:12
================================================================================
[2026-02-18T16:50:54.886+0000] {manager.py:737} INFO - Searching for files in /opt/airflow/dags
[2026-02-18T16:50:54.919+0000] {manager.py:740} INFO - There are 1 files in /opt/airflow/dags
[2026-02-18T16:50:58.951+0000] {manager.py:878} INFO - 
================================================================================
DAG File Processing Stats

File Path                               PID    Runtime      # DAGs    # Errors  Last Runtime    Last Run
--------------------------------------  -----  ---------  --------  ----------  --------------  -------------------
/opt/airflow/dags/lakehouse_bsg_dag.py                           1           0  0.11s           2026-02-18T16:50:44
================================================================================
[2026-02-18T16:51:31.788+0000] {manager.py:878} INFO - 
================================================================================
DAG File Processing Stats

File Path                               PID    Runtime      # DAGs    # Errors  Last Runtime    Last Run
--------------------------------------  -----  ---------  --------  ----------  --------------  -------------------
/opt/airflow/dags/lakehouse_bsg_dag.py                           1           0  0.10s           2026-02-18T16:51:17
================================================================================
[2026-02-18T16:52:04.690+0000] {manager.py:878} INFO - 
================================================================================
DAG File Processing Stats

File Path                               PID    Runtime      # DAGs    # Errors  Last Runtime    Last Run
--------------------------------------  -----  ---------  --------  ----------  --------------  -------------------
/opt/airflow/dags/lakehouse_bsg_dag.py                           1           0  0.10s           2026-02-18T16:51:50
================================================================================
[2026-02-18T16:52:37.686+0000] {manager.py:878} INFO - 
================================================================================
DAG File Processing Stats

File Path                               PID    Runtime      # DAGs    # Errors  Last Runtime    Last Run
--------------------------------------  -----  ---------  --------  ----------  --------------  -------------------
/opt/airflow/dags/lakehouse_bsg_dag.py                           1           0  0.09s           2026-02-18T16:52:23
================================================================================
[2026-02-18T16:53:10.589+0000] {manager.py:878} INFO - 
================================================================================
DAG File Processing Stats

File Path                               PID    Runtime      # DAGs    # Errors  Last Runtime    Last Run
--------------------------------------  -----  ---------  --------  ----------  --------------  -------------------
/opt/airflow/dags/lakehouse_bsg_dag.py                           1           0  0.10s           2026-02-18T16:52:56
================================================================================
[2026-02-18T16:53:43.614+0000] {manager.py:878} INFO - 
================================================================================
DAG File Processing Stats

File Path                               PID    Runtime      # DAGs    # Errors  Last Runtime    Last Run
--------------------------------------  -----  ---------  --------  ----------  --------------  -------------------
/opt/airflow/dags/lakehouse_bsg_dag.py                           1           0  0.09s           2026-02-18T16:53:28
================================================================================
[2026-02-18T16:54:16.473+0000] {manager.py:878} INFO - 
================================================================================
DAG File Processing Stats

File Path                               PID    Runtime      # DAGs    # Errors  Last Runtime    Last Run
--------------------------------------  -----  ---------  --------  ----------  --------------  -------------------
/opt/airflow/dags/lakehouse_bsg_dag.py                           1           0  0.21s           2026-02-18T16:54:01
================================================================================
[2026-02-18T16:54:49.445+0000] {manager.py:878} INFO - 
================================================================================
DAG File Processing Stats

File Path                               PID    Runtime      # DAGs    # Errors  Last Runtime    Last Run
--------------------------------------  -----  ---------  --------  ----------  --------------  -------------------
/opt/airflow/dags/lakehouse_bsg_dag.py                           1           0  0.09s           2026-02-18T16:54:34
================================================================================
[2026-02-18T16:55:22.397+0000] {manager.py:878} INFO - 
================================================================================
DAG File Processing Stats

File Path                               PID    Runtime      # DAGs    # Errors  Last Runtime    Last Run
--------------------------------------  -----  ---------  --------  ----------  --------------  -------------------
/opt/airflow/dags/lakehouse_bsg_dag.py                           1           0  0.10s           2026-02-18T16:55:07
================================================================================
[2026-02-18T16:55:55.316+0000] {manager.py:737} INFO - Searching for files in /opt/airflow/dags
[2026-02-18T16:55:55.336+0000] {manager.py:740} INFO - There are 1 files in /opt/airflow/dags
[2026-02-18T16:55:55.346+0000] {manager.py:878} INFO - 
================================================================================
DAG File Processing Stats

File Path                               PID    Runtime      # DAGs    # Errors  Last Runtime    Last Run
--------------------------------------  -----  ---------  --------  ----------  --------------  -------------------
/opt/airflow/dags/lakehouse_bsg_dag.py                           1           0  0.10s           2026-02-18T16:55:39
================================================================================
[2026-02-18T17:06:18.752+0000] {manager.py:737} INFO - Searching for files in /opt/airflow/dags
[2026-02-18T17:06:18.961+0000] {manager.py:740} INFO - There are 1 files in /opt/airflow/dags
[2026-02-18T17:06:21.831+0000] {manager.py:878} INFO - 
================================================================================
DAG File Processing Stats

File Path                               PID    Runtime      # DAGs    # Errors  Last Runtime    Last Run
--------------------------------------  -----  ---------  --------  ----------  --------------  -------------------
/opt/airflow/dags/lakehouse_bsg_dag.py                           1           0  0.61s           2026-02-18T17:06:19
================================================================================
[2026-02-18T17:06:52.040+0000] {manager.py:878} INFO - 
================================================================================
DAG File Processing Stats

File Path                               PID    Runtime      # DAGs    # Errors  Last Runtime    Last Run
--------------------------------------  -----  ---------  --------  ----------  --------------  -------------------
/opt/airflow/dags/lakehouse_bsg_dag.py                           1           0  0.29s           2026-02-18T17:06:50
================================================================================
[2026-02-18T17:07:24.429+0000] {manager.py:878} INFO - 
================================================================================
DAG File Processing Stats

File Path                               PID    Runtime      # DAGs    # Errors  Last Runtime    Last Run
--------------------------------------  -----  ---------  --------  ----------  --------------  -------------------
/opt/airflow/dags/lakehouse_bsg_dag.py                           1           0  0.12s           2026-02-18T17:07:20
================================================================================
[2026-02-18T17:07:57.395+0000] {manager.py:878} INFO - 
================================================================================
DAG File Processing Stats

File Path                               PID    Runtime      # DAGs    # Errors  Last Runtime    Last Run
--------------------------------------  -----  ---------  --------  ----------  --------------  -------------------
/opt/airflow/dags/lakehouse_bsg_dag.py                           1           0  0.10s           2026-02-18T17:07:51
================================================================================
[2026-02-18T17:08:30.384+0000] {manager.py:878} INFO - 
================================================================================
DAG File Processing Stats

File Path                               PID    Runtime      # DAGs    # Errors  Last Runtime    Last Run
--------------------------------------  -----  ---------  --------  ----------  --------------  -------------------
/opt/airflow/dags/lakehouse_bsg_dag.py                           1           0  0.14s           2026-02-18T17:08:22
================================================================================
[2026-02-18T17:09:03.291+0000] {manager.py:878} INFO - 
================================================================================
DAG File Processing Stats

File Path                               PID    Runtime      # DAGs    # Errors  Last Runtime    Last Run
--------------------------------------  -----  ---------  --------  ----------  --------------  -------------------
/opt/airflow/dags/lakehouse_bsg_dag.py                           1           0  0.11s           2026-02-18T17:08:53
================================================================================
[2026-02-18T17:09:36.237+0000] {manager.py:878} INFO - 
================================================================================
DAG File Processing Stats

File Path                               PID    Runtime      # DAGs    # Errors  Last Runtime    Last Run
--------------------------------------  -----  ---------  --------  ----------  --------------  -------------------
/opt/airflow/dags/lakehouse_bsg_dag.py                           1           0  0.47s           2026-02-18T17:09:24
================================================================================
[2026-02-18T17:10:09.147+0000] {manager.py:878} INFO - 
================================================================================
DAG File Processing Stats

File Path                               PID    Runtime      # DAGs    # Errors  Last Runtime    Last Run
--------------------------------------  -----  ---------  --------  ----------  --------------  -------------------
/opt/airflow/dags/lakehouse_bsg_dag.py                           1           0  0.11s           2026-02-18T17:09:55
================================================================================
[2026-02-18T17:10:42.122+0000] {manager.py:878} INFO - 
================================================================================
DAG File Processing Stats

File Path                               PID    Runtime      # DAGs    # Errors  Last Runtime    Last Run
--------------------------------------  -----  ---------  --------  ----------  --------------  -------------------
/opt/airflow/dags/lakehouse_bsg_dag.py                           1           0  0.10s           2026-02-18T17:10:26
================================================================================
[2026-02-18T17:11:15.015+0000] {manager.py:878} INFO - 
================================================================================
DAG File Processing Stats

File Path                               PID    Runtime      # DAGs    # Errors  Last Runtime    Last Run
--------------------------------------  -----  ---------  --------  ----------  --------------  -------------------
/opt/airflow/dags/lakehouse_bsg_dag.py                           1           0  0.09s           2026-02-18T17:10:57
================================================================================
[2026-02-18T17:11:19.033+0000] {manager.py:737} INFO - Searching for files in /opt/airflow/dags
[2026-02-18T17:11:19.100+0000] {manager.py:740} INFO - There are 1 files in /opt/airflow/dags
[2026-02-18T17:11:48.001+0000] {manager.py:878} INFO - 
================================================================================
DAG File Processing Stats

File Path                               PID    Runtime      # DAGs    # Errors  Last Runtime    Last Run
--------------------------------------  -----  ---------  --------  ----------  --------------  -------------------
/opt/airflow/dags/lakehouse_bsg_dag.py                           1           0  0.09s           2026-02-18T17:11:30
================================================================================
[2026-02-18T17:12:20.887+0000] {manager.py:878} INFO - 
================================================================================
DAG File Processing Stats

File Path                               PID    Runtime      # DAGs    # Errors  Last Runtime    Last Run
--------------------------------------  -----  ---------  --------  ----------  --------------  -------------------
/opt/airflow/dags/lakehouse_bsg_dag.py                           1           0  0.11s           2026-02-18T17:12:02
================================================================================
[2026-02-18T17:12:53.813+0000] {manager.py:878} INFO - 
================================================================================
DAG File Processing Stats

File Path                               PID    Runtime      # DAGs    # Errors  Last Runtime    Last Run
--------------------------------------  -----  ---------  --------  ----------  --------------  -------------------
/opt/airflow/dags/lakehouse_bsg_dag.py                           1           0  0.12s           2026-02-18T17:12:35
================================================================================
[2026-02-18T17:13:26.753+0000] {manager.py:878} INFO - 
================================================================================
DAG File Processing Stats

File Path                               PID    Runtime      # DAGs    # Errors  Last Runtime    Last Run
--------------------------------------  -----  ---------  --------  ----------  --------------  -------------------
/opt/airflow/dags/lakehouse_bsg_dag.py                           1           0  0.10s           2026-02-18T17:13:07
================================================================================
[2026-02-18T17:13:59.665+0000] {manager.py:878} INFO - 
================================================================================
DAG File Processing Stats

File Path                               PID    Runtime      # DAGs    # Errors  Last Runtime    Last Run
--------------------------------------  -----  ---------  --------  ----------  --------------  -------------------
/opt/airflow/dags/lakehouse_bsg_dag.py                           1           0  0.10s           2026-02-18T17:13:40
================================================================================
[2026-02-18T17:14:32.592+0000] {manager.py:878} INFO - 
================================================================================
DAG File Processing Stats

File Path                               PID    Runtime      # DAGs    # Errors  Last Runtime    Last Run
--------------------------------------  -----  ---------  --------  ----------  --------------  -------------------
/opt/airflow/dags/lakehouse_bsg_dag.py                           1           0  0.10s           2026-02-18T17:14:13
================================================================================
[2026-02-18T17:15:05.401+0000] {manager.py:878} INFO - 
================================================================================
DAG File Processing Stats

File Path                               PID    Runtime      # DAGs    # Errors  Last Runtime    Last Run
--------------------------------------  -----  ---------  --------  ----------  --------------  -------------------
/opt/airflow/dags/lakehouse_bsg_dag.py                           1           0  0.89s           2026-02-18T17:14:47
================================================================================
[2026-02-18T17:15:38.289+0000] {manager.py:878} INFO - 
================================================================================
DAG File Processing Stats

File Path                               PID    Runtime      # DAGs    # Errors  Last Runtime    Last Run
--------------------------------------  -----  ---------  --------  ----------  --------------  -------------------
/opt/airflow/dags/lakehouse_bsg_dag.py                           1           0  0.17s           2026-02-18T17:15:19
================================================================================
[2026-02-18T17:16:11.292+0000] {manager.py:878} INFO - 
================================================================================
DAG File Processing Stats

File Path                               PID    Runtime      # DAGs    # Errors  Last Runtime    Last Run
--------------------------------------  -----  ---------  --------  ----------  --------------  -------------------
/opt/airflow/dags/lakehouse_bsg_dag.py                           1           0  0.31s           2026-02-18T17:15:52
================================================================================
[2026-02-18T17:16:19.331+0000] {manager.py:737} INFO - Searching for files in /opt/airflow/dags
[2026-02-18T17:16:19.367+0000] {manager.py:740} INFO - There are 1 files in /opt/airflow/dags
[2026-02-18T17:16:44.302+0000] {manager.py:878} INFO - 
================================================================================
DAG File Processing Stats

File Path                               PID    Runtime      # DAGs    # Errors  Last Runtime    Last Run
--------------------------------------  -----  ---------  --------  ----------  --------------  -------------------
/opt/airflow/dags/lakehouse_bsg_dag.py                           1           0  1.01s           2026-02-18T17:16:25
================================================================================
[2026-02-18T17:17:17.191+0000] {manager.py:878} INFO - 
================================================================================
DAG File Processing Stats

File Path                               PID    Runtime      # DAGs    # Errors  Last Runtime    Last Run
--------------------------------------  -----  ---------  --------  ----------  --------------  -------------------
/opt/airflow/dags/lakehouse_bsg_dag.py                           1           0  0.12s           2026-02-18T17:16:57
================================================================================
[2026-02-18T17:17:50.124+0000] {manager.py:878} INFO - 
================================================================================
DAG File Processing Stats

File Path                               PID    Runtime      # DAGs    # Errors  Last Runtime    Last Run
--------------------------------------  -----  ---------  --------  ----------  --------------  -------------------
/opt/airflow/dags/lakehouse_bsg_dag.py                           1           0  0.12s           2026-02-18T17:17:30
================================================================================
[2026-02-18T17:18:23.016+0000] {manager.py:878} INFO - 
================================================================================
DAG File Processing Stats

File Path                               PID    Runtime      # DAGs    # Errors  Last Runtime    Last Run
--------------------------------------  -----  ---------  --------  ----------  --------------  -------------------
/opt/airflow/dags/lakehouse_bsg_dag.py                           1           0  0.13s           2026-02-18T17:18:03
================================================================================
[2026-02-18T17:18:56.140+0000] {manager.py:878} INFO - 
================================================================================
DAG File Processing Stats

File Path                               PID    Runtime      # DAGs    # Errors  Last Runtime    Last Run
--------------------------------------  -----  ---------  --------  ----------  --------------  -------------------
/opt/airflow/dags/lakehouse_bsg_dag.py                           1           0  0.40s           2026-02-18T17:18:36
================================================================================
[2026-02-18T17:19:29.016+0000] {manager.py:878} INFO - 
================================================================================
DAG File Processing Stats

File Path                               PID    Runtime      # DAGs    # Errors  Last Runtime    Last Run
--------------------------------------  -----  ---------  --------  ----------  --------------  -------------------
/opt/airflow/dags/lakehouse_bsg_dag.py                           1           0  0.11s           2026-02-18T17:19:08
================================================================================
[2026-02-18T17:20:01.887+0000] {manager.py:878} INFO - 
================================================================================
DAG File Processing Stats

File Path                               PID    Runtime      # DAGs    # Errors  Last Runtime    Last Run
--------------------------------------  -----  ---------  --------  ----------  --------------  -------------------
/opt/airflow/dags/lakehouse_bsg_dag.py                           1           0  0.10s           2026-02-18T17:19:40
================================================================================
[2026-02-18T17:20:34.751+0000] {manager.py:878} INFO - 
================================================================================
DAG File Processing Stats

File Path                               PID    Runtime      # DAGs    # Errors  Last Runtime    Last Run
--------------------------------------  -----  ---------  --------  ----------  --------------  -------------------
/opt/airflow/dags/lakehouse_bsg_dag.py                           1           0  0.11s           2026-02-18T17:20:13
================================================================================
[2026-02-18T17:21:07.696+0000] {manager.py:878} INFO - 
================================================================================
DAG File Processing Stats

File Path                               PID    Runtime      # DAGs    # Errors  Last Runtime    Last Run
--------------------------------------  -----  ---------  --------  ----------  --------------  -------------------
/opt/airflow/dags/lakehouse_bsg_dag.py                           1           0  0.09s           2026-02-18T17:20:46
================================================================================
[2026-02-18T17:21:19.457+0000] {manager.py:737} INFO - Searching for files in /opt/airflow/dags
[2026-02-18T17:21:19.495+0000] {manager.py:740} INFO - There are 1 files in /opt/airflow/dags
[2026-02-18T17:21:40.620+0000] {manager.py:878} INFO - 
================================================================================
DAG File Processing Stats

File Path                               PID    Runtime      # DAGs    # Errors  Last Runtime    Last Run
--------------------------------------  -----  ---------  --------  ----------  --------------  -------------------
/opt/airflow/dags/lakehouse_bsg_dag.py                           1           0  0.10s           2026-02-18T17:21:19
================================================================================
[2026-02-18T17:22:13.591+0000] {manager.py:878} INFO - 
================================================================================
DAG File Processing Stats

File Path                               PID    Runtime      # DAGs    # Errors  Last Runtime    Last Run
--------------------------------------  -----  ---------  --------  ----------  --------------  -------------------
/opt/airflow/dags/lakehouse_bsg_dag.py                           1           0  0.10s           2026-02-18T17:21:51
================================================================================
[2026-02-18T17:22:46.453+0000] {manager.py:878} INFO - 
================================================================================
DAG File Processing Stats

File Path                               PID    Runtime      # DAGs    # Errors  Last Runtime    Last Run
--------------------------------------  -----  ---------  --------  ----------  --------------  -------------------
/opt/airflow/dags/lakehouse_bsg_dag.py                           1           0  0.11s           2026-02-18T17:22:24
================================================================================
[2026-02-18T17:23:19.538+0000] {manager.py:878} INFO - 
================================================================================
DAG File Processing Stats

File Path                               PID    Runtime      # DAGs    # Errors  Last Runtime    Last Run
--------------------------------------  -----  ---------  --------  ----------  --------------  -------------------
/opt/airflow/dags/lakehouse_bsg_dag.py                           1           0  0.24s           2026-02-18T17:22:57
================================================================================
[2026-02-18T17:23:52.447+0000] {manager.py:878} INFO - 
================================================================================
DAG File Processing Stats

File Path                               PID    Runtime      # DAGs    # Errors  Last Runtime    Last Run
--------------------------------------  -----  ---------  --------  ----------  --------------  -------------------
/opt/airflow/dags/lakehouse_bsg_dag.py                           1           0  0.10s           2026-02-18T17:23:30
================================================================================
[2026-02-18T17:24:25.350+0000] {manager.py:878} INFO - 
================================================================================
DAG File Processing Stats

File Path                               PID    Runtime      # DAGs    # Errors  Last Runtime    Last Run
--------------------------------------  -----  ---------  --------  ----------  --------------  -------------------
/opt/airflow/dags/lakehouse_bsg_dag.py                           1           0  0.10s           2026-02-18T17:24:03
================================================================================
[2026-02-18T17:24:58.260+0000] {manager.py:878} INFO - 
================================================================================
DAG File Processing Stats

File Path                               PID    Runtime      # DAGs    # Errors  Last Runtime    Last Run
--------------------------------------  -----  ---------  --------  ----------  --------------  -------------------
/opt/airflow/dags/lakehouse_bsg_dag.py                           1           0  0.10s           2026-02-18T17:24:35
================================================================================
[2026-02-18T17:25:31.113+0000] {manager.py:878} INFO - 
================================================================================
DAG File Processing Stats

File Path                               PID    Runtime      # DAGs    # Errors  Last Runtime    Last Run
--------------------------------------  -----  ---------  --------  ----------  --------------  -------------------
/opt/airflow/dags/lakehouse_bsg_dag.py                           1           0  0.08s           2026-02-18T17:25:08
================================================================================
[2026-02-18T17:26:04.031+0000] {manager.py:878} INFO - 
================================================================================
DAG File Processing Stats

File Path                               PID    Runtime      # DAGs    # Errors  Last Runtime    Last Run
--------------------------------------  -----  ---------  --------  ----------  --------------  -------------------
/opt/airflow/dags/lakehouse_bsg_dag.py                           1           0  0.12s           2026-02-18T17:25:40
================================================================================
[2026-02-18T17:26:19.899+0000] {manager.py:737} INFO - Searching for files in /opt/airflow/dags
[2026-02-18T17:26:19.917+0000] {manager.py:740} INFO - There are 1 files in /opt/airflow/dags
[2026-02-18T17:26:37.013+0000] {manager.py:878} INFO - 
================================================================================
DAG File Processing Stats

File Path                               PID    Runtime      # DAGs    # Errors  Last Runtime    Last Run
--------------------------------------  -----  ---------  --------  ----------  --------------  -------------------
/opt/airflow/dags/lakehouse_bsg_dag.py                           1           0  0.11s           2026-02-18T17:26:13
================================================================================
[2026-02-18T17:27:09.900+0000] {manager.py:878} INFO - 
================================================================================
DAG File Processing Stats

File Path                               PID    Runtime      # DAGs    # Errors  Last Runtime    Last Run
--------------------------------------  -----  ---------  --------  ----------  --------------  -------------------
/opt/airflow/dags/lakehouse_bsg_dag.py                           1           0  0.10s           2026-02-18T17:26:46
================================================================================
[2026-02-18T17:27:42.852+0000] {manager.py:878} INFO - 
================================================================================
DAG File Processing Stats

File Path                               PID    Runtime      # DAGs    # Errors  Last Runtime    Last Run
--------------------------------------  -----  ---------  --------  ----------  --------------  -------------------
/opt/airflow/dags/lakehouse_bsg_dag.py                           1           0  0.09s           2026-02-18T17:27:18
================================================================================
[2026-02-18T17:28:15.796+0000] {manager.py:878} INFO - 
================================================================================
DAG File Processing Stats

File Path                               PID    Runtime      # DAGs    # Errors  Last Runtime    Last Run
--------------------------------------  -----  ---------  --------  ----------  --------------  -------------------
/opt/airflow/dags/lakehouse_bsg_dag.py                           1           0  0.14s           2026-02-18T17:27:51
================================================================================
[2026-02-18T17:28:48.703+0000] {manager.py:878} INFO - 
================================================================================
DAG File Processing Stats

File Path                               PID    Runtime      # DAGs    # Errors  Last Runtime    Last Run
--------------------------------------  -----  ---------  --------  ----------  --------------  -------------------
/opt/airflow/dags/lakehouse_bsg_dag.py                           1           0  0.10s           2026-02-18T17:28:24
================================================================================
[2026-02-18T17:29:21.573+0000] {manager.py:878} INFO - 
================================================================================
DAG File Processing Stats

File Path                               PID    Runtime      # DAGs    # Errors  Last Runtime    Last Run
--------------------------------------  -----  ---------  --------  ----------  --------------  -------------------
/opt/airflow/dags/lakehouse_bsg_dag.py                           1           0  0.16s           2026-02-18T17:28:57
================================================================================
[2026-02-18T17:29:54.468+0000] {manager.py:878} INFO - 
================================================================================
DAG File Processing Stats

File Path                               PID    Runtime      # DAGs    # Errors  Last Runtime    Last Run
--------------------------------------  -----  ---------  --------  ----------  --------------  -------------------
/opt/airflow/dags/lakehouse_bsg_dag.py                           1           0  0.11s           2026-02-18T17:29:30
================================================================================
[2026-02-18T17:30:27.380+0000] {manager.py:878} INFO - 
================================================================================
DAG File Processing Stats

File Path                               PID    Runtime      # DAGs    # Errors  Last Runtime    Last Run
--------------------------------------  -----  ---------  --------  ----------  --------------  -------------------
/opt/airflow/dags/lakehouse_bsg_dag.py                           1           0  0.11s           2026-02-18T17:30:03
================================================================================
[2026-02-18T17:31:00.320+0000] {manager.py:878} INFO - 
================================================================================
DAG File Processing Stats

File Path                               PID    Runtime      # DAGs    # Errors  Last Runtime    Last Run
--------------------------------------  -----  ---------  --------  ----------  --------------  -------------------
/opt/airflow/dags/lakehouse_bsg_dag.py                           1           0  0.12s           2026-02-18T17:30:35
================================================================================
[2026-02-18T17:31:20.154+0000] {manager.py:737} INFO - Searching for files in /opt/airflow/dags
[2026-02-18T17:31:20.184+0000] {manager.py:740} INFO - There are 1 files in /opt/airflow/dags
[2026-02-18T17:31:33.281+0000] {manager.py:878} INFO - 
================================================================================
DAG File Processing Stats

File Path                               PID    Runtime      # DAGs    # Errors  Last Runtime    Last Run
--------------------------------------  -----  ---------  --------  ----------  --------------  -------------------
/opt/airflow/dags/lakehouse_bsg_dag.py                           1           0  0.11s           2026-02-18T17:31:08
================================================================================
[2026-02-18T17:32:06.137+0000] {manager.py:878} INFO - 
================================================================================
DAG File Processing Stats

File Path                               PID    Runtime      # DAGs    # Errors  Last Runtime    Last Run
--------------------------------------  -----  ---------  --------  ----------  --------------  -------------------
/opt/airflow/dags/lakehouse_bsg_dag.py                           1           0  0.12s           2026-02-18T17:31:41
================================================================================
[2026-02-18T17:32:39.110+0000] {manager.py:878} INFO - 
================================================================================
DAG File Processing Stats

File Path                               PID    Runtime      # DAGs    # Errors  Last Runtime    Last Run
--------------------------------------  -----  ---------  --------  ----------  --------------  -------------------
/opt/airflow/dags/lakehouse_bsg_dag.py                           1           0  0.14s           2026-02-18T17:32:14
================================================================================
[2026-02-18T17:33:12.034+0000] {manager.py:878} INFO - 
================================================================================
DAG File Processing Stats

File Path                               PID    Runtime      # DAGs    # Errors  Last Runtime    Last Run
--------------------------------------  -----  ---------  --------  ----------  --------------  -------------------
/opt/airflow/dags/lakehouse_bsg_dag.py                           1           0  0.11s           2026-02-18T17:32:46
================================================================================
[2026-02-18T17:33:44.980+0000] {manager.py:878} INFO - 
================================================================================
DAG File Processing Stats

File Path                               PID    Runtime      # DAGs    # Errors  Last Runtime    Last Run
--------------------------------------  -----  ---------  --------  ----------  --------------  -------------------
/opt/airflow/dags/lakehouse_bsg_dag.py                           1           0  0.12s           2026-02-18T17:33:18
================================================================================
[2026-02-18T17:34:17.858+0000] {manager.py:878} INFO - 
================================================================================
DAG File Processing Stats

File Path                               PID    Runtime      # DAGs    # Errors  Last Runtime    Last Run
--------------------------------------  -----  ---------  --------  ----------  --------------  -------------------
/opt/airflow/dags/lakehouse_bsg_dag.py                           1           0  0.14s           2026-02-18T17:33:51
================================================================================
[2026-02-18T17:34:50.963+0000] {manager.py:878} INFO - 
================================================================================
DAG File Processing Stats

File Path                               PID    Runtime      # DAGs    # Errors  Last Runtime    Last Run
--------------------------------------  -----  ---------  --------  ----------  --------------  -------------------
/opt/airflow/dags/lakehouse_bsg_dag.py                           1           0  0.17s           2026-02-18T17:34:24
================================================================================
[2026-02-18T17:35:24.020+0000] {manager.py:878} INFO - 
================================================================================
DAG File Processing Stats

File Path                               PID    Runtime      # DAGs    # Errors  Last Runtime    Last Run
--------------------------------------  -----  ---------  --------  ----------  --------------  -------------------
/opt/airflow/dags/lakehouse_bsg_dag.py                           1           0  0.10s           2026-02-18T17:34:58
================================================================================
[2026-02-18T17:35:57.218+0000] {manager.py:878} INFO - 
================================================================================
DAG File Processing Stats

File Path                               PID    Runtime      # DAGs    # Errors  Last Runtime    Last Run
--------------------------------------  -----  ---------  --------  ----------  --------------  -------------------
/opt/airflow/dags/lakehouse_bsg_dag.py                           1           0  0.11s           2026-02-18T17:35:31
================================================================================
[2026-02-18T17:36:20.211+0000] {manager.py:737} INFO - Searching for files in /opt/airflow/dags
[2026-02-18T17:36:20.231+0000] {manager.py:740} INFO - There are 1 files in /opt/airflow/dags
[2026-02-18T17:36:30.291+0000] {manager.py:878} INFO - 
================================================================================
DAG File Processing Stats

File Path                               PID    Runtime      # DAGs    # Errors  Last Runtime    Last Run
--------------------------------------  -----  ---------  --------  ----------  --------------  -------------------
/opt/airflow/dags/lakehouse_bsg_dag.py                           1           0  0.11s           2026-02-18T17:36:04
================================================================================
[2026-02-18T17:37:03.489+0000] {manager.py:878} INFO - 
================================================================================
DAG File Processing Stats

File Path                               PID    Runtime      # DAGs    # Errors  Last Runtime    Last Run
--------------------------------------  -----  ---------  --------  ----------  --------------  -------------------
/opt/airflow/dags/lakehouse_bsg_dag.py                           1           0  0.16s           2026-02-18T17:36:36
================================================================================
[2026-02-18T17:37:36.675+0000] {manager.py:878} INFO - 
================================================================================
DAG File Processing Stats

File Path                               PID    Runtime      # DAGs    # Errors  Last Runtime    Last Run
--------------------------------------  -----  ---------  --------  ----------  --------------  -------------------
/opt/airflow/dags/lakehouse_bsg_dag.py                           1           0  0.11s           2026-02-18T17:37:09
================================================================================
[2026-02-18T17:38:09.785+0000] {manager.py:878} INFO - 
================================================================================
DAG File Processing Stats

File Path                               PID    Runtime      # DAGs    # Errors  Last Runtime    Last Run
--------------------------------------  -----  ---------  --------  ----------  --------------  -------------------
/opt/airflow/dags/lakehouse_bsg_dag.py                           1           0  0.09s           2026-02-18T17:37:42
================================================================================
[2026-02-18T17:38:42.999+0000] {manager.py:878} INFO - 
================================================================================
DAG File Processing Stats

File Path                               PID    Runtime      # DAGs    # Errors  Last Runtime    Last Run
--------------------------------------  -----  ---------  --------  ----------  --------------  -------------------
/opt/airflow/dags/lakehouse_bsg_dag.py                           1           0  0.08s           2026-02-18T17:38:15
================================================================================
[2026-02-18T17:39:16.010+0000] {manager.py:878} INFO - 
================================================================================
DAG File Processing Stats

File Path                               PID    Runtime      # DAGs    # Errors  Last Runtime    Last Run
--------------------------------------  -----  ---------  --------  ----------  --------------  -------------------
/opt/airflow/dags/lakehouse_bsg_dag.py                           1           0  0.10s           2026-02-18T17:38:48
================================================================================
[2026-02-18T17:39:49.159+0000] {manager.py:878} INFO - 
================================================================================
DAG File Processing Stats

File Path                               PID    Runtime      # DAGs    # Errors  Last Runtime    Last Run
--------------------------------------  -----  ---------  --------  ----------  --------------  -------------------
/opt/airflow/dags/lakehouse_bsg_dag.py                           1           0  0.08s           2026-02-18T17:39:21
================================================================================
[2026-02-18T17:40:22.263+0000] {manager.py:878} INFO - 
================================================================================
DAG File Processing Stats

File Path                               PID    Runtime      # DAGs    # Errors  Last Runtime    Last Run
--------------------------------------  -----  ---------  --------  ----------  --------------  -------------------
/opt/airflow/dags/lakehouse_bsg_dag.py                           1           0  0.09s           2026-02-18T17:39:54
================================================================================
[2026-02-18T17:40:55.423+0000] {manager.py:878} INFO - 
================================================================================
DAG File Processing Stats

File Path                               PID    Runtime      # DAGs    # Errors  Last Runtime    Last Run
--------------------------------------  -----  ---------  --------  ----------  --------------  -------------------
/opt/airflow/dags/lakehouse_bsg_dag.py                           1           0  0.11s           2026-02-18T17:40:27
================================================================================
[2026-02-18T17:41:20.542+0000] {manager.py:737} INFO - Searching for files in /opt/airflow/dags
[2026-02-18T17:41:20.562+0000] {manager.py:740} INFO - There are 1 files in /opt/airflow/dags
[2026-02-18T17:41:28.605+0000] {manager.py:878} INFO - 
================================================================================
DAG File Processing Stats

File Path                               PID    Runtime      # DAGs    # Errors  Last Runtime    Last Run
--------------------------------------  -----  ---------  --------  ----------  --------------  -------------------
/opt/airflow/dags/lakehouse_bsg_dag.py                           1           0  0.10s           2026-02-18T17:41:00
================================================================================
[2026-02-18T17:42:01.690+0000] {manager.py:878} INFO - 
================================================================================
DAG File Processing Stats

File Path                               PID    Runtime      # DAGs    # Errors  Last Runtime    Last Run
--------------------------------------  -----  ---------  --------  ----------  --------------  -------------------
/opt/airflow/dags/lakehouse_bsg_dag.py                           1           0  0.09s           2026-02-18T17:41:32
================================================================================
[2026-02-18T17:42:34.784+0000] {manager.py:878} INFO - 
================================================================================
DAG File Processing Stats

File Path                               PID    Runtime      # DAGs    # Errors  Last Runtime    Last Run
--------------------------------------  -----  ---------  --------  ----------  --------------  -------------------
/opt/airflow/dags/lakehouse_bsg_dag.py                           1           0  0.10s           2026-02-18T17:42:05
================================================================================
[2026-02-18T17:43:07.940+0000] {manager.py:878} INFO - 
================================================================================
DAG File Processing Stats

File Path                               PID    Runtime      # DAGs    # Errors  Last Runtime    Last Run
--------------------------------------  -----  ---------  --------  ----------  --------------  -------------------
/opt/airflow/dags/lakehouse_bsg_dag.py                           1           0  0.13s           2026-02-18T17:42:38
================================================================================
[2026-02-18T17:43:41.128+0000] {manager.py:878} INFO - 
================================================================================
DAG File Processing Stats

File Path                               PID    Runtime      # DAGs    # Errors  Last Runtime    Last Run
--------------------------------------  -----  ---------  --------  ----------  --------------  -------------------
/opt/airflow/dags/lakehouse_bsg_dag.py                           1           0  0.09s           2026-02-18T17:43:12
================================================================================
[2026-02-18T17:44:10.600+0000] {manager.py:878} INFO - 
================================================================================
DAG File Processing Stats

File Path                               PID    Runtime      # DAGs    # Errors  Last Runtime    Last Run
--------------------------------------  -----  ---------  --------  ----------  --------------  -------------------
/opt/airflow/dags/lakehouse_bsg_dag.py                           1           0  0.09s           2026-02-18T17:43:45
================================================================================
[2026-02-18T17:44:50.342+0000] {manager.py:878} INFO - 
================================================================================
DAG File Processing Stats

File Path                                 PID  Runtime      # DAGs    # Errors  Last Runtime    Last Run
--------------------------------------  -----  ---------  --------  ----------  --------------  -------------------
/opt/airflow/dags/lakehouse_bsg_dag.py   2289  0.01s             1           0  0.10s           2026-02-18T17:44:18
================================================================================
[2026-02-18T17:46:25.789+0000] {manager.py:737} INFO - Searching for files in /opt/airflow/dags
[2026-02-18T17:46:25.918+0000] {manager.py:740} INFO - There are 1 files in /opt/airflow/dags
[2026-02-18T17:46:45.883+0000] {manager.py:878} INFO - 
================================================================================
DAG File Processing Stats

File Path                               PID    Runtime      # DAGs    # Errors  Last Runtime    Last Run
--------------------------------------  -----  ---------  --------  ----------  --------------  -------------------
/opt/airflow/dags/lakehouse_bsg_dag.py                           1           0  0.59s           2026-02-18T17:46:26
================================================================================
[2026-02-18T17:47:17.975+0000] {manager.py:878} INFO - 
================================================================================
DAG File Processing Stats

File Path                               PID    Runtime      # DAGs    # Errors  Last Runtime    Last Run
--------------------------------------  -----  ---------  --------  ----------  --------------  -------------------
/opt/airflow/dags/lakehouse_bsg_dag.py                           1           0  0.77s           2026-02-18T17:46:57
================================================================================
[2026-02-18T17:47:51.250+0000] {manager.py:878} INFO - 
================================================================================
DAG File Processing Stats

File Path                               PID    Runtime      # DAGs    # Errors  Last Runtime    Last Run
--------------------------------------  -----  ---------  --------  ----------  --------------  -------------------
/opt/airflow/dags/lakehouse_bsg_dag.py                           1           0  0.34s           2026-02-18T17:47:28
================================================================================
[2026-02-18T17:48:24.502+0000] {manager.py:878} INFO - 
================================================================================
DAG File Processing Stats

File Path                               PID    Runtime      # DAGs    # Errors  Last Runtime    Last Run
--------------------------------------  -----  ---------  --------  ----------  --------------  -------------------
/opt/airflow/dags/lakehouse_bsg_dag.py                           1           0  0.15s           2026-02-18T17:47:58
================================================================================
[2026-02-18T17:48:57.756+0000] {manager.py:878} INFO - 
================================================================================
DAG File Processing Stats

File Path                               PID    Runtime      # DAGs    # Errors  Last Runtime    Last Run
--------------------------------------  -----  ---------  --------  ----------  --------------  -------------------
/opt/airflow/dags/lakehouse_bsg_dag.py                           1           0  0.45s           2026-02-18T17:48:29
================================================================================
[2026-02-18T17:49:31.389+0000] {manager.py:878} INFO - 
================================================================================
DAG File Processing Stats

File Path                               PID    Runtime      # DAGs    # Errors  Last Runtime    Last Run
--------------------------------------  -----  ---------  --------  ----------  --------------  -------------------
/opt/airflow/dags/lakehouse_bsg_dag.py                           1           0  0.12s           2026-02-18T17:49:29
================================================================================
[2026-02-18T17:50:04.544+0000] {manager.py:878} INFO - 
================================================================================
DAG File Processing Stats

File Path                               PID    Runtime      # DAGs    # Errors  Last Runtime    Last Run
--------------------------------------  -----  ---------  --------  ----------  --------------  -------------------
/opt/airflow/dags/lakehouse_bsg_dag.py                           1           0  0.10s           2026-02-18T17:50:02
================================================================================
[2026-02-18T17:50:37.648+0000] {manager.py:878} INFO - 
================================================================================
DAG File Processing Stats

File Path                               PID    Runtime      # DAGs    # Errors  Last Runtime    Last Run
--------------------------------------  -----  ---------  --------  ----------  --------------  -------------------
/opt/airflow/dags/lakehouse_bsg_dag.py                           1           0  0.10s           2026-02-18T17:50:35
================================================================================
[2026-02-18T17:51:10.781+0000] {manager.py:878} INFO - 
================================================================================
DAG File Processing Stats

File Path                               PID    Runtime      # DAGs    # Errors  Last Runtime    Last Run
--------------------------------------  -----  ---------  --------  ----------  --------------  -------------------
/opt/airflow/dags/lakehouse_bsg_dag.py                           1           0  0.11s           2026-02-18T17:51:07
================================================================================
[2026-02-18T17:51:25.857+0000] {manager.py:737} INFO - Searching for files in /opt/airflow/dags
[2026-02-18T17:51:25.888+0000] {manager.py:740} INFO - There are 1 files in /opt/airflow/dags
[2026-02-18T17:51:43.951+0000] {manager.py:878} INFO - 
================================================================================
DAG File Processing Stats

File Path                               PID    Runtime      # DAGs    # Errors  Last Runtime    Last Run
--------------------------------------  -----  ---------  --------  ----------  --------------  -------------------
/opt/airflow/dags/lakehouse_bsg_dag.py                           1           0  0.11s           2026-02-18T17:51:41
================================================================================
[2026-02-18T17:52:17.112+0000] {manager.py:878} INFO - 
================================================================================
DAG File Processing Stats

File Path                               PID    Runtime      # DAGs    # Errors  Last Runtime    Last Run
--------------------------------------  -----  ---------  --------  ----------  --------------  -------------------
/opt/airflow/dags/lakehouse_bsg_dag.py                           1           0  0.11s           2026-02-18T17:52:14
================================================================================
[2026-02-18T17:52:50.278+0000] {manager.py:878} INFO - 
================================================================================
DAG File Processing Stats

File Path                               PID    Runtime      # DAGs    # Errors  Last Runtime    Last Run
--------------------------------------  -----  ---------  --------  ----------  --------------  -------------------
/opt/airflow/dags/lakehouse_bsg_dag.py                           1           0  0.15s           2026-02-18T17:52:47
================================================================================
[2026-02-18T17:53:23.410+0000] {manager.py:878} INFO - 
================================================================================
DAG File Processing Stats

File Path                               PID    Runtime      # DAGs    # Errors  Last Runtime    Last Run
--------------------------------------  -----  ---------  --------  ----------  --------------  -------------------
/opt/airflow/dags/lakehouse_bsg_dag.py                           1           0  0.11s           2026-02-18T17:53:20
================================================================================
[2026-02-18T17:53:56.534+0000] {manager.py:878} INFO - 
================================================================================
DAG File Processing Stats

File Path                               PID    Runtime      # DAGs    # Errors  Last Runtime    Last Run
--------------------------------------  -----  ---------  --------  ----------  --------------  -------------------
/opt/airflow/dags/lakehouse_bsg_dag.py                           1           0  0.10s           2026-02-18T17:53:52
================================================================================
[2026-02-18T17:54:29.630+0000] {manager.py:878} INFO - 
================================================================================
DAG File Processing Stats

File Path                               PID    Runtime      # DAGs    # Errors  Last Runtime    Last Run
--------------------------------------  -----  ---------  --------  ----------  --------------  -------------------
/opt/airflow/dags/lakehouse_bsg_dag.py                           1           0  0.11s           2026-02-18T17:54:25
================================================================================
[2026-02-18T17:55:02.791+0000] {manager.py:878} INFO - 
================================================================================
DAG File Processing Stats

File Path                               PID    Runtime      # DAGs    # Errors  Last Runtime    Last Run
--------------------------------------  -----  ---------  --------  ----------  --------------  -------------------
/opt/airflow/dags/lakehouse_bsg_dag.py                           1           0  0.12s           2026-02-18T17:54:58
================================================================================
[2026-02-18T17:55:35.927+0000] {manager.py:878} INFO - 
================================================================================
DAG File Processing Stats

File Path                               PID    Runtime      # DAGs    # Errors  Last Runtime    Last Run
--------------------------------------  -----  ---------  --------  ----------  --------------  -------------------
/opt/airflow/dags/lakehouse_bsg_dag.py                           1           0  0.10s           2026-02-18T17:55:31
================================================================================
[2026-02-18T17:56:09.020+0000] {manager.py:878} INFO - 
================================================================================
DAG File Processing Stats

File Path                               PID    Runtime      # DAGs    # Errors  Last Runtime    Last Run
--------------------------------------  -----  ---------  --------  ----------  --------------  -------------------
/opt/airflow/dags/lakehouse_bsg_dag.py                           1           0  0.10s           2026-02-18T17:56:05
================================================================================
[2026-02-18T17:56:26.116+0000] {manager.py:737} INFO - Searching for files in /opt/airflow/dags
[2026-02-18T17:56:26.227+0000] {manager.py:740} INFO - There are 1 files in /opt/airflow/dags
[2026-02-18T17:56:42.714+0000] {manager.py:878} INFO - 
================================================================================
DAG File Processing Stats

File Path                               PID    Runtime      # DAGs    # Errors  Last Runtime    Last Run
--------------------------------------  -----  ---------  --------  ----------  --------------  -------------------
/opt/airflow/dags/lakehouse_bsg_dag.py                           1           0  1.35s           2026-02-18T17:56:38
================================================================================
[2026-02-18T17:57:15.876+0000] {manager.py:878} INFO - 
================================================================================
DAG File Processing Stats

File Path                               PID    Runtime      # DAGs    # Errors  Last Runtime    Last Run
--------------------------------------  -----  ---------  --------  ----------  --------------  -------------------
/opt/airflow/dags/lakehouse_bsg_dag.py                           1           0  0.12s           2026-02-18T17:57:10
================================================================================
[2026-02-18T17:57:48.952+0000] {manager.py:878} INFO - 
================================================================================
DAG File Processing Stats

File Path                               PID    Runtime      # DAGs    # Errors  Last Runtime    Last Run
--------------------------------------  -----  ---------  --------  ----------  --------------  -------------------
/opt/airflow/dags/lakehouse_bsg_dag.py                           1           0  0.18s           2026-02-18T17:57:44
================================================================================
[2026-02-18T17:58:22.180+0000] {manager.py:878} INFO - 
================================================================================
DAG File Processing Stats

File Path                               PID    Runtime      # DAGs    # Errors  Last Runtime    Last Run
--------------------------------------  -----  ---------  --------  ----------  --------------  -------------------
/opt/airflow/dags/lakehouse_bsg_dag.py                           1           0  0.09s           2026-02-18T17:58:16
================================================================================
[2026-02-18T17:58:55.291+0000] {manager.py:878} INFO - 
================================================================================
DAG File Processing Stats

File Path                               PID    Runtime      # DAGs    # Errors  Last Runtime    Last Run
--------------------------------------  -----  ---------  --------  ----------  --------------  -------------------
/opt/airflow/dags/lakehouse_bsg_dag.py                           1           0  0.10s           2026-02-18T17:58:49
================================================================================
[2026-02-18T17:59:28.389+0000] {manager.py:878} INFO - 
================================================================================
DAG File Processing Stats

File Path                               PID    Runtime      # DAGs    # Errors  Last Runtime    Last Run
--------------------------------------  -----  ---------  --------  ----------  --------------  -------------------
/opt/airflow/dags/lakehouse_bsg_dag.py                           1           0  0.10s           2026-02-18T17:59:22
================================================================================
[2026-02-18T18:00:01.536+0000] {manager.py:878} INFO - 
================================================================================
DAG File Processing Stats

File Path                               PID    Runtime      # DAGs    # Errors  Last Runtime    Last Run
--------------------------------------  -----  ---------  --------  ----------  --------------  -------------------
/opt/airflow/dags/lakehouse_bsg_dag.py                           1           0  0.15s           2026-02-18T17:59:55
================================================================================
[2026-02-18T18:00:34.608+0000] {manager.py:878} INFO - 
================================================================================
DAG File Processing Stats

File Path                               PID    Runtime      # DAGs    # Errors  Last Runtime    Last Run
--------------------------------------  -----  ---------  --------  ----------  --------------  -------------------
/opt/airflow/dags/lakehouse_bsg_dag.py                           1           0  0.09s           2026-02-18T18:00:28
================================================================================
[2026-02-18T18:01:07.770+0000] {manager.py:878} INFO - 
================================================================================
DAG File Processing Stats

File Path                               PID    Runtime      # DAGs    # Errors  Last Runtime    Last Run
--------------------------------------  -----  ---------  --------  ----------  --------------  -------------------
/opt/airflow/dags/lakehouse_bsg_dag.py                           1           0  0.10s           2026-02-18T18:01:00
================================================================================
[2026-02-18T18:01:26.846+0000] {manager.py:737} INFO - Searching for files in /opt/airflow/dags
[2026-02-18T18:01:26.867+0000] {manager.py:740} INFO - There are 1 files in /opt/airflow/dags
[2026-02-18T18:01:40.899+0000] {manager.py:878} INFO - 
================================================================================
DAG File Processing Stats

File Path                               PID    Runtime      # DAGs    # Errors  Last Runtime    Last Run
--------------------------------------  -----  ---------  --------  ----------  --------------  -------------------
/opt/airflow/dags/lakehouse_bsg_dag.py                           1           0  0.17s           2026-02-18T18:01:34
================================================================================
[2026-02-18T18:02:13.992+0000] {manager.py:878} INFO - 
================================================================================
DAG File Processing Stats

File Path                               PID    Runtime      # DAGs    # Errors  Last Runtime    Last Run
--------------------------------------  -----  ---------  --------  ----------  --------------  -------------------
/opt/airflow/dags/lakehouse_bsg_dag.py                           1           0  0.12s           2026-02-18T18:02:07
================================================================================
[2026-02-18T18:02:47.183+0000] {manager.py:878} INFO - 
================================================================================
DAG File Processing Stats

File Path                               PID    Runtime      # DAGs    # Errors  Last Runtime    Last Run
--------------------------------------  -----  ---------  --------  ----------  --------------  -------------------
/opt/airflow/dags/lakehouse_bsg_dag.py                           1           0  0.10s           2026-02-18T18:02:40
================================================================================
[2026-02-18T18:03:20.271+0000] {manager.py:878} INFO - 
================================================================================
DAG File Processing Stats

File Path                               PID    Runtime      # DAGs    # Errors  Last Runtime    Last Run
--------------------------------------  -----  ---------  --------  ----------  --------------  -------------------
/opt/airflow/dags/lakehouse_bsg_dag.py                           1           0  0.13s           2026-02-18T18:03:13
================================================================================
[2026-02-18T18:03:53.464+0000] {manager.py:878} INFO - 
================================================================================
DAG File Processing Stats

File Path                               PID    Runtime      # DAGs    # Errors  Last Runtime    Last Run
--------------------------------------  -----  ---------  --------  ----------  --------------  -------------------
/opt/airflow/dags/lakehouse_bsg_dag.py                           1           0  0.13s           2026-02-18T18:03:46
================================================================================
[2026-02-18T18:04:26.591+0000] {manager.py:878} INFO - 
================================================================================
DAG File Processing Stats

File Path                               PID    Runtime      # DAGs    # Errors  Last Runtime    Last Run
--------------------------------------  -----  ---------  --------  ----------  --------------  -------------------
/opt/airflow/dags/lakehouse_bsg_dag.py                           1           0  0.09s           2026-02-18T18:04:18
================================================================================
[2026-02-18T18:04:59.696+0000] {manager.py:878} INFO - 
================================================================================
DAG File Processing Stats

File Path                               PID    Runtime      # DAGs    # Errors  Last Runtime    Last Run
--------------------------------------  -----  ---------  --------  ----------  --------------  -------------------
/opt/airflow/dags/lakehouse_bsg_dag.py                           1           0  0.17s           2026-02-18T18:04:51
================================================================================
[2026-02-18T18:05:32.886+0000] {manager.py:878} INFO - 
================================================================================
DAG File Processing Stats

File Path                               PID    Runtime      # DAGs    # Errors  Last Runtime    Last Run
--------------------------------------  -----  ---------  --------  ----------  --------------  -------------------
/opt/airflow/dags/lakehouse_bsg_dag.py                           1           0  0.13s           2026-02-18T18:05:24
================================================================================
[2026-02-18T18:05:59.412+0000] {manager.py:878} INFO - 
================================================================================
DAG File Processing Stats

File Path                               PID    Runtime      # DAGs    # Errors  Last Runtime    Last Run
--------------------------------------  -----  ---------  --------  ----------  --------------  -------------------
/opt/airflow/dags/lakehouse_bsg_dag.py                           1           0  0.12s           2026-02-18T18:05:55
================================================================================
[2026-02-18T18:06:27.670+0000] {manager.py:737} INFO - Searching for files in /opt/airflow/dags
[2026-02-18T18:06:27.691+0000] {manager.py:740} INFO - There are 1 files in /opt/airflow/dags
[2026-02-18T18:06:39.212+0000] {manager.py:878} INFO - 
================================================================================
DAG File Processing Stats

File Path                               PID    Runtime      # DAGs    # Errors  Last Runtime    Last Run
--------------------------------------  -----  ---------  --------  ----------  --------------  -------------------
/opt/airflow/dags/lakehouse_bsg_dag.py                           1           0  0.10s           2026-02-18T18:06:25
================================================================================
[2026-02-18T18:07:12.296+0000] {manager.py:878} INFO - 
================================================================================
DAG File Processing Stats

File Path                               PID    Runtime      # DAGs    # Errors  Last Runtime    Last Run
--------------------------------------  -----  ---------  --------  ----------  --------------  -------------------
/opt/airflow/dags/lakehouse_bsg_dag.py                           1           0  0.10s           2026-02-18T18:06:56
================================================================================
[2026-02-18T18:07:45.464+0000] {manager.py:878} INFO - 
================================================================================
DAG File Processing Stats

File Path                               PID    Runtime      # DAGs    # Errors  Last Runtime    Last Run
--------------------------------------  -----  ---------  --------  ----------  --------------  -------------------
/opt/airflow/dags/lakehouse_bsg_dag.py                           1           0  0.12s           2026-02-18T18:07:26
================================================================================
[2026-02-18T18:08:18.638+0000] {manager.py:878} INFO - 
================================================================================
DAG File Processing Stats

File Path                               PID    Runtime      # DAGs    # Errors  Last Runtime    Last Run
--------------------------------------  -----  ---------  --------  ----------  --------------  -------------------
/opt/airflow/dags/lakehouse_bsg_dag.py                           1           0  0.10s           2026-02-18T18:07:56
================================================================================
[2026-02-18T18:08:51.781+0000] {manager.py:878} INFO - 
================================================================================
DAG File Processing Stats

File Path                               PID    Runtime      # DAGs    # Errors  Last Runtime    Last Run
--------------------------------------  -----  ---------  --------  ----------  --------------  -------------------
/opt/airflow/dags/lakehouse_bsg_dag.py                           1           0  0.12s           2026-02-18T18:08:26
================================================================================
[2026-02-18T18:09:25.094+0000] {manager.py:878} INFO - 
================================================================================
DAG File Processing Stats

File Path                               PID    Runtime      # DAGs    # Errors  Last Runtime    Last Run
--------------------------------------  -----  ---------  --------  ----------  --------------  -------------------
/opt/airflow/dags/lakehouse_bsg_dag.py                           1           0  0.10s           2026-02-18T18:08:57
================================================================================
[2026-02-18T18:09:58.303+0000] {manager.py:878} INFO - 
================================================================================
DAG File Processing Stats

File Path                               PID    Runtime      # DAGs    # Errors  Last Runtime    Last Run
--------------------------------------  -----  ---------  --------  ----------  --------------  -------------------
/opt/airflow/dags/lakehouse_bsg_dag.py                           1           0  0.15s           2026-02-18T18:09:57
================================================================================
[2026-02-18T18:10:31.530+0000] {manager.py:878} INFO - 
================================================================================
DAG File Processing Stats

File Path                               PID    Runtime      # DAGs    # Errors  Last Runtime    Last Run
--------------------------------------  -----  ---------  --------  ----------  --------------  -------------------
/opt/airflow/dags/lakehouse_bsg_dag.py                           1           0  0.37s           2026-02-18T18:10:27
================================================================================
[2026-02-18T18:11:04.631+0000] {manager.py:878} INFO - 
================================================================================
DAG File Processing Stats

File Path                               PID    Runtime      # DAGs    # Errors  Last Runtime    Last Run
--------------------------------------  -----  ---------  --------  ----------  --------------  -------------------
/opt/airflow/dags/lakehouse_bsg_dag.py                           1           0  0.82s           2026-02-18T18:10:58
================================================================================
[2026-02-18T18:11:27.702+0000] {manager.py:737} INFO - Searching for files in /opt/airflow/dags
[2026-02-18T18:11:27.748+0000] {manager.py:740} INFO - There are 1 files in /opt/airflow/dags
[2026-02-18T18:11:37.922+0000] {manager.py:878} INFO - 
================================================================================
DAG File Processing Stats

File Path                               PID    Runtime      # DAGs    # Errors  Last Runtime    Last Run
--------------------------------------  -----  ---------  --------  ----------  --------------  -------------------
/opt/airflow/dags/lakehouse_bsg_dag.py                           1           0  0.12s           2026-02-18T18:11:28
================================================================================
[2026-02-18T18:12:11.105+0000] {manager.py:878} INFO - 
================================================================================
DAG File Processing Stats

File Path                               PID    Runtime      # DAGs    # Errors  Last Runtime    Last Run
--------------------------------------  -----  ---------  --------  ----------  --------------  -------------------
/opt/airflow/dags/lakehouse_bsg_dag.py                           1           0  0.11s           2026-02-18T18:12:00
================================================================================
[2026-02-18T18:12:44.223+0000] {manager.py:878} INFO - 
================================================================================
DAG File Processing Stats

File Path                               PID    Runtime      # DAGs    # Errors  Last Runtime    Last Run
--------------------------------------  -----  ---------  --------  ----------  --------------  -------------------
/opt/airflow/dags/lakehouse_bsg_dag.py                           1           0  0.11s           2026-02-18T18:12:33
================================================================================
[2026-02-18T18:13:17.414+0000] {manager.py:878} INFO - 
================================================================================
DAG File Processing Stats

File Path                               PID    Runtime      # DAGs    # Errors  Last Runtime    Last Run
--------------------------------------  -----  ---------  --------  ----------  --------------  -------------------
/opt/airflow/dags/lakehouse_bsg_dag.py                           1           0  0.10s           2026-02-18T18:13:06
================================================================================
[2026-02-18T18:13:50.560+0000] {manager.py:878} INFO - 
================================================================================
DAG File Processing Stats

File Path                               PID    Runtime      # DAGs    # Errors  Last Runtime    Last Run
--------------------------------------  -----  ---------  --------  ----------  --------------  -------------------
/opt/airflow/dags/lakehouse_bsg_dag.py                           1           0  0.10s           2026-02-18T18:13:39
================================================================================
[2026-02-18T18:14:23.759+0000] {manager.py:878} INFO - 
================================================================================
DAG File Processing Stats

File Path                               PID    Runtime      # DAGs    # Errors  Last Runtime    Last Run
--------------------------------------  -----  ---------  --------  ----------  --------------  -------------------
/opt/airflow/dags/lakehouse_bsg_dag.py                           1           0  0.10s           2026-02-18T18:14:11
================================================================================
[2026-02-18T18:14:56.842+0000] {manager.py:878} INFO - 
================================================================================
DAG File Processing Stats

File Path                               PID    Runtime      # DAGs    # Errors  Last Runtime    Last Run
--------------------------------------  -----  ---------  --------  ----------  --------------  -------------------
/opt/airflow/dags/lakehouse_bsg_dag.py                           1           0  0.12s           2026-02-18T18:14:44
================================================================================
[2026-02-18T18:15:30.059+0000] {manager.py:878} INFO - 
================================================================================
DAG File Processing Stats

File Path                               PID    Runtime      # DAGs    # Errors  Last Runtime    Last Run
--------------------------------------  -----  ---------  --------  ----------  --------------  -------------------
/opt/airflow/dags/lakehouse_bsg_dag.py                           1           0  0.09s           2026-02-18T18:15:18
================================================================================
[2026-02-18T18:16:03.187+0000] {manager.py:878} INFO - 
================================================================================
DAG File Processing Stats

File Path                               PID    Runtime      # DAGs    # Errors  Last Runtime    Last Run
--------------------------------------  -----  ---------  --------  ----------  --------------  -------------------
/opt/airflow/dags/lakehouse_bsg_dag.py                           1           0  0.09s           2026-02-18T18:15:51
================================================================================
[2026-02-18T18:16:28.352+0000] {manager.py:737} INFO - Searching for files in /opt/airflow/dags
[2026-02-18T18:16:28.375+0000] {manager.py:740} INFO - There are 1 files in /opt/airflow/dags
[2026-02-18T18:16:36.443+0000] {manager.py:878} INFO - 
================================================================================
DAG File Processing Stats

File Path                               PID    Runtime      # DAGs    # Errors  Last Runtime    Last Run
--------------------------------------  -----  ---------  --------  ----------  --------------  -------------------
/opt/airflow/dags/lakehouse_bsg_dag.py                           1           0  0.18s           2026-02-18T18:16:23
================================================================================
[2026-02-18T18:17:09.628+0000] {manager.py:878} INFO - 
================================================================================
DAG File Processing Stats

File Path                               PID    Runtime      # DAGs    # Errors  Last Runtime    Last Run
--------------------------------------  -----  ---------  --------  ----------  --------------  -------------------
/opt/airflow/dags/lakehouse_bsg_dag.py                           1           0  0.09s           2026-02-18T18:16:56
================================================================================
[2026-02-18T18:17:42.777+0000] {manager.py:878} INFO - 
================================================================================
DAG File Processing Stats

File Path                               PID    Runtime      # DAGs    # Errors  Last Runtime    Last Run
--------------------------------------  -----  ---------  --------  ----------  --------------  -------------------
/opt/airflow/dags/lakehouse_bsg_dag.py                           1           0  0.14s           2026-02-18T18:17:29
================================================================================
[2026-02-18T18:18:16.022+0000] {manager.py:878} INFO - 
================================================================================
DAG File Processing Stats

File Path                               PID    Runtime      # DAGs    # Errors  Last Runtime    Last Run
--------------------------------------  -----  ---------  --------  ----------  --------------  -------------------
/opt/airflow/dags/lakehouse_bsg_dag.py                           1           0  0.11s           2026-02-18T18:18:02
================================================================================
[2026-02-18T18:18:49.149+0000] {manager.py:878} INFO - 
================================================================================
DAG File Processing Stats

File Path                               PID    Runtime      # DAGs    # Errors  Last Runtime    Last Run
--------------------------------------  -----  ---------  --------  ----------  --------------  -------------------
/opt/airflow/dags/lakehouse_bsg_dag.py                           1           0  0.09s           2026-02-18T18:18:35
================================================================================
[2026-02-18T18:19:22.294+0000] {manager.py:878} INFO - 
================================================================================
DAG File Processing Stats

File Path                               PID    Runtime      # DAGs    # Errors  Last Runtime    Last Run
--------------------------------------  -----  ---------  --------  ----------  --------------  -------------------
/opt/airflow/dags/lakehouse_bsg_dag.py                           1           0  0.09s           2026-02-18T18:19:08
================================================================================
[2026-02-18T18:19:55.466+0000] {manager.py:878} INFO - 
================================================================================
DAG File Processing Stats

File Path                               PID    Runtime      # DAGs    # Errors  Last Runtime    Last Run
--------------------------------------  -----  ---------  --------  ----------  --------------  -------------------
/opt/airflow/dags/lakehouse_bsg_dag.py                           1           0  0.11s           2026-02-18T18:19:41
================================================================================
[2026-02-18T18:20:28.631+0000] {manager.py:878} INFO - 
================================================================================
DAG File Processing Stats

File Path                               PID    Runtime      # DAGs    # Errors  Last Runtime    Last Run
--------------------------------------  -----  ---------  --------  ----------  --------------  -------------------
/opt/airflow/dags/lakehouse_bsg_dag.py                           1           0  0.08s           2026-02-18T18:20:14
================================================================================
[2026-02-18T18:21:01.768+0000] {manager.py:878} INFO - 
================================================================================
DAG File Processing Stats

File Path                               PID    Runtime      # DAGs    # Errors  Last Runtime    Last Run
--------------------------------------  -----  ---------  --------  ----------  --------------  -------------------
/opt/airflow/dags/lakehouse_bsg_dag.py                           1           0  0.09s           2026-02-18T18:20:47
================================================================================
[2026-02-18T18:21:28.858+0000] {manager.py:737} INFO - Searching for files in /opt/airflow/dags
[2026-02-18T18:21:28.880+0000] {manager.py:740} INFO - There are 1 files in /opt/airflow/dags
[2026-02-18T18:21:34.926+0000] {manager.py:878} INFO - 
================================================================================
DAG File Processing Stats

File Path                               PID    Runtime      # DAGs    # Errors  Last Runtime    Last Run
--------------------------------------  -----  ---------  --------  ----------  --------------  -------------------
/opt/airflow/dags/lakehouse_bsg_dag.py                           1           0  0.10s           2026-02-18T18:21:19
================================================================================
[2026-02-18T18:22:08.038+0000] {manager.py:878} INFO - 
================================================================================
DAG File Processing Stats

File Path                               PID    Runtime      # DAGs    # Errors  Last Runtime    Last Run
--------------------------------------  -----  ---------  --------  ----------  --------------  -------------------
/opt/airflow/dags/lakehouse_bsg_dag.py                           1           0  0.10s           2026-02-18T18:21:53
================================================================================
[2026-02-18T18:22:41.225+0000] {manager.py:878} INFO - 
================================================================================
DAG File Processing Stats

File Path                               PID    Runtime      # DAGs    # Errors  Last Runtime    Last Run
--------------------------------------  -----  ---------  --------  ----------  --------------  -------------------
/opt/airflow/dags/lakehouse_bsg_dag.py                           1           0  0.10s           2026-02-18T18:22:26
================================================================================
[2026-02-18T18:23:14.329+0000] {manager.py:878} INFO - 
================================================================================
DAG File Processing Stats

File Path                               PID    Runtime      # DAGs    # Errors  Last Runtime    Last Run
--------------------------------------  -----  ---------  --------  ----------  --------------  -------------------
/opt/airflow/dags/lakehouse_bsg_dag.py                           1           0  0.09s           2026-02-18T18:22:59
================================================================================
[2026-02-18T18:23:47.570+0000] {manager.py:878} INFO - 
================================================================================
DAG File Processing Stats

File Path                               PID    Runtime      # DAGs    # Errors  Last Runtime    Last Run
--------------------------------------  -----  ---------  --------  ----------  --------------  -------------------
/opt/airflow/dags/lakehouse_bsg_dag.py                           1           0  0.09s           2026-02-18T18:23:32
================================================================================
[2026-02-18T18:24:20.711+0000] {manager.py:878} INFO - 
================================================================================
DAG File Processing Stats

File Path                               PID    Runtime      # DAGs    # Errors  Last Runtime    Last Run
--------------------------------------  -----  ---------  --------  ----------  --------------  -------------------
/opt/airflow/dags/lakehouse_bsg_dag.py                           1           0  0.09s           2026-02-18T18:24:04
================================================================================
[2026-02-18T18:24:53.941+0000] {manager.py:878} INFO - 
================================================================================
DAG File Processing Stats

File Path                               PID    Runtime      # DAGs    # Errors  Last Runtime    Last Run
--------------------------------------  -----  ---------  --------  ----------  --------------  -------------------
/opt/airflow/dags/lakehouse_bsg_dag.py                           1           0  0.09s           2026-02-18T18:24:37
================================================================================
[2026-02-18T18:25:27.067+0000] {manager.py:878} INFO - 
================================================================================
DAG File Processing Stats

File Path                               PID    Runtime      # DAGs    # Errors  Last Runtime    Last Run
--------------------------------------  -----  ---------  --------  ----------  --------------  -------------------
/opt/airflow/dags/lakehouse_bsg_dag.py                           1           0  0.10s           2026-02-18T18:25:11
================================================================================
[2026-02-18T18:26:00.224+0000] {manager.py:878} INFO - 
================================================================================
DAG File Processing Stats

File Path                               PID    Runtime      # DAGs    # Errors  Last Runtime    Last Run
--------------------------------------  -----  ---------  --------  ----------  --------------  -------------------
/opt/airflow/dags/lakehouse_bsg_dag.py                           1           0  0.10s           2026-02-18T18:25:44
================================================================================
[2026-02-18T18:26:29.333+0000] {manager.py:737} INFO - Searching for files in /opt/airflow/dags
[2026-02-18T18:26:29.360+0000] {manager.py:740} INFO - There are 1 files in /opt/airflow/dags
[2026-02-18T18:26:33.392+0000] {manager.py:878} INFO - 
================================================================================
DAG File Processing Stats

File Path                               PID    Runtime      # DAGs    # Errors  Last Runtime    Last Run
--------------------------------------  -----  ---------  --------  ----------  --------------  -------------------
/opt/airflow/dags/lakehouse_bsg_dag.py                           1           0  0.09s           2026-02-18T18:26:16
================================================================================
[2026-02-18T18:27:06.544+0000] {manager.py:878} INFO - 
================================================================================
DAG File Processing Stats

File Path                               PID    Runtime      # DAGs    # Errors  Last Runtime    Last Run
--------------------------------------  -----  ---------  --------  ----------  --------------  -------------------
/opt/airflow/dags/lakehouse_bsg_dag.py                           1           0  0.70s           2026-02-18T18:26:50
================================================================================
[2026-02-18T18:27:40.327+0000] {manager.py:878} INFO - 
================================================================================
DAG File Processing Stats

File Path                               PID    Runtime      # DAGs    # Errors  Last Runtime    Last Run
--------------------------------------  -----  ---------  --------  ----------  --------------  -------------------
/opt/airflow/dags/lakehouse_bsg_dag.py                           1           0  0.10s           2026-02-18T18:27:22
================================================================================
[2026-02-18T18:28:13.483+0000] {manager.py:878} INFO - 
================================================================================
DAG File Processing Stats

File Path                               PID    Runtime      # DAGs    # Errors  Last Runtime    Last Run
--------------------------------------  -----  ---------  --------  ----------  --------------  -------------------
/opt/airflow/dags/lakehouse_bsg_dag.py                           1           0  0.10s           2026-02-18T18:27:55
================================================================================
[2026-02-18T18:28:46.624+0000] {manager.py:878} INFO - 
================================================================================
DAG File Processing Stats

File Path                               PID    Runtime      # DAGs    # Errors  Last Runtime    Last Run
--------------------------------------  -----  ---------  --------  ----------  --------------  -------------------
/opt/airflow/dags/lakehouse_bsg_dag.py                           1           0  0.10s           2026-02-18T18:28:28
================================================================================
[2026-02-18T18:29:19.862+0000] {manager.py:878} INFO - 
================================================================================
DAG File Processing Stats

File Path                               PID    Runtime      # DAGs    # Errors  Last Runtime    Last Run
--------------------------------------  -----  ---------  --------  ----------  --------------  -------------------
/opt/airflow/dags/lakehouse_bsg_dag.py                           1           0  0.11s           2026-02-18T18:29:01
================================================================================
[2026-02-18T18:29:52.966+0000] {manager.py:878} INFO - 
================================================================================
DAG File Processing Stats

File Path                               PID    Runtime      # DAGs    # Errors  Last Runtime    Last Run
--------------------------------------  -----  ---------  --------  ----------  --------------  -------------------
/opt/airflow/dags/lakehouse_bsg_dag.py                           1           0  0.12s           2026-02-18T18:29:34
================================================================================
[2026-02-18T18:30:26.118+0000] {manager.py:878} INFO - 
================================================================================
DAG File Processing Stats

File Path                               PID    Runtime      # DAGs    # Errors  Last Runtime    Last Run
--------------------------------------  -----  ---------  --------  ----------  --------------  -------------------
/opt/airflow/dags/lakehouse_bsg_dag.py                           1           0  0.10s           2026-02-18T18:30:07
================================================================================
[2026-02-18T18:30:59.292+0000] {manager.py:878} INFO - 
================================================================================
DAG File Processing Stats

File Path                               PID    Runtime      # DAGs    # Errors  Last Runtime    Last Run
--------------------------------------  -----  ---------  --------  ----------  --------------  -------------------
/opt/airflow/dags/lakehouse_bsg_dag.py                           1           0  0.10s           2026-02-18T18:30:40
================================================================================
[2026-02-18T18:31:29.367+0000] {manager.py:737} INFO - Searching for files in /opt/airflow/dags
[2026-02-18T18:31:29.396+0000] {manager.py:740} INFO - There are 1 files in /opt/airflow/dags
[2026-02-18T18:31:32.425+0000] {manager.py:878} INFO - 
================================================================================
DAG File Processing Stats

File Path                               PID    Runtime      # DAGs    # Errors  Last Runtime    Last Run
--------------------------------------  -----  ---------  --------  ----------  --------------  -------------------
/opt/airflow/dags/lakehouse_bsg_dag.py                           1           0  0.10s           2026-02-18T18:31:13
================================================================================
[2026-02-18T18:32:05.547+0000] {manager.py:878} INFO - 
================================================================================
DAG File Processing Stats

File Path                               PID    Runtime      # DAGs    # Errors  Last Runtime    Last Run
--------------------------------------  -----  ---------  --------  ----------  --------------  -------------------
/opt/airflow/dags/lakehouse_bsg_dag.py                           1           0  0.10s           2026-02-18T18:31:46
================================================================================
[2026-02-18T18:32:38.789+0000] {manager.py:878} INFO - 
================================================================================
DAG File Processing Stats

File Path                               PID    Runtime      # DAGs    # Errors  Last Runtime    Last Run
--------------------------------------  -----  ---------  --------  ----------  --------------  -------------------
/opt/airflow/dags/lakehouse_bsg_dag.py                           1           0  0.26s           2026-02-18T18:32:19
================================================================================
[2026-02-18T18:33:11.967+0000] {manager.py:878} INFO - 
================================================================================
DAG File Processing Stats

File Path                               PID    Runtime      # DAGs    # Errors  Last Runtime    Last Run
--------------------------------------  -----  ---------  --------  ----------  --------------  -------------------
/opt/airflow/dags/lakehouse_bsg_dag.py                           1           0  0.59s           2026-02-18T18:32:52
================================================================================
[2026-02-18T18:33:45.633+0000] {manager.py:878} INFO - 
================================================================================
DAG File Processing Stats

File Path                               PID    Runtime      # DAGs    # Errors  Last Runtime    Last Run
--------------------------------------  -----  ---------  --------  ----------  --------------  -------------------
/opt/airflow/dags/lakehouse_bsg_dag.py                           1           0  0.20s           2026-02-18T18:33:24
================================================================================
[2026-02-18T18:34:18.728+0000] {manager.py:878} INFO - 
================================================================================
DAG File Processing Stats

File Path                               PID    Runtime      # DAGs    # Errors  Last Runtime    Last Run
--------------------------------------  -----  ---------  --------  ----------  --------------  -------------------
/opt/airflow/dags/lakehouse_bsg_dag.py                           1           0  0.12s           2026-02-18T18:33:57
================================================================================
[2026-02-18T18:34:51.943+0000] {manager.py:878} INFO - 
================================================================================
DAG File Processing Stats

File Path                               PID    Runtime      # DAGs    # Errors  Last Runtime    Last Run
--------------------------------------  -----  ---------  --------  ----------  --------------  -------------------
/opt/airflow/dags/lakehouse_bsg_dag.py                           1           0  0.19s           2026-02-18T18:34:30
================================================================================
[2026-02-18T18:35:25.105+0000] {manager.py:878} INFO - 
================================================================================
DAG File Processing Stats

File Path                               PID    Runtime      # DAGs    # Errors  Last Runtime    Last Run
--------------------------------------  -----  ---------  --------  ----------  --------------  -------------------
/opt/airflow/dags/lakehouse_bsg_dag.py                           1           0  0.11s           2026-02-18T18:35:04
================================================================================
[2026-02-18T18:35:58.252+0000] {manager.py:878} INFO - 
================================================================================
DAG File Processing Stats

File Path                               PID    Runtime      # DAGs    # Errors  Last Runtime    Last Run
--------------------------------------  -----  ---------  --------  ----------  --------------  -------------------
/opt/airflow/dags/lakehouse_bsg_dag.py                           1           0  0.10s           2026-02-18T18:35:37
================================================================================
[2026-02-18T18:36:29.392+0000] {manager.py:737} INFO - Searching for files in /opt/airflow/dags
[2026-02-18T18:36:29.422+0000] {manager.py:740} INFO - There are 1 files in /opt/airflow/dags
[2026-02-18T18:36:31.448+0000] {manager.py:878} INFO - 
================================================================================
DAG File Processing Stats

File Path                               PID    Runtime      # DAGs    # Errors  Last Runtime    Last Run
--------------------------------------  -----  ---------  --------  ----------  --------------  -------------------
/opt/airflow/dags/lakehouse_bsg_dag.py                           1           0  0.09s           2026-02-18T18:36:09
================================================================================
[2026-02-18T18:37:04.596+0000] {manager.py:878} INFO - 
================================================================================
DAG File Processing Stats

File Path                               PID    Runtime      # DAGs    # Errors  Last Runtime    Last Run
--------------------------------------  -----  ---------  --------  ----------  --------------  -------------------
/opt/airflow/dags/lakehouse_bsg_dag.py                           1           0  0.22s           2026-02-18T18:36:42
================================================================================
[2026-02-18T18:37:37.648+0000] {manager.py:878} INFO - 
================================================================================
DAG File Processing Stats

File Path                               PID    Runtime      # DAGs    # Errors  Last Runtime    Last Run
--------------------------------------  -----  ---------  --------  ----------  --------------  -------------------
/opt/airflow/dags/lakehouse_bsg_dag.py                           1           0  0.10s           2026-02-18T18:37:15
================================================================================
[2026-02-18T18:38:10.986+0000] {manager.py:878} INFO - 
================================================================================
DAG File Processing Stats

File Path                               PID    Runtime      # DAGs    # Errors  Last Runtime    Last Run
--------------------------------------  -----  ---------  --------  ----------  --------------  -------------------
/opt/airflow/dags/lakehouse_bsg_dag.py                           1           0  1.52s           2026-02-18T18:37:50
================================================================================
[2026-02-18T18:38:44.534+0000] {manager.py:878} INFO - 
================================================================================
DAG File Processing Stats

File Path                               PID    Runtime      # DAGs    # Errors  Last Runtime    Last Run
--------------------------------------  -----  ---------  --------  ----------  --------------  -------------------
/opt/airflow/dags/lakehouse_bsg_dag.py                           1           0  0.14s           2026-02-18T18:38:21
================================================================================
[2026-02-18T18:39:17.710+0000] {manager.py:878} INFO - 
================================================================================
DAG File Processing Stats

File Path                               PID    Runtime      # DAGs    # Errors  Last Runtime    Last Run
--------------------------------------  -----  ---------  --------  ----------  --------------  -------------------
/opt/airflow/dags/lakehouse_bsg_dag.py                           1           0  0.62s           2026-02-18T18:38:55
================================================================================
[2026-02-18T18:39:51.375+0000] {manager.py:878} INFO - 
================================================================================
DAG File Processing Stats

File Path                               PID    Runtime      # DAGs    # Errors  Last Runtime    Last Run
--------------------------------------  -----  ---------  --------  ----------  --------------  -------------------
/opt/airflow/dags/lakehouse_bsg_dag.py                           1           0  0.10s           2026-02-18T18:39:27
================================================================================
[2026-02-18T18:40:24.515+0000] {manager.py:878} INFO - 
================================================================================
DAG File Processing Stats

File Path                               PID    Runtime      # DAGs    # Errors  Last Runtime    Last Run
--------------------------------------  -----  ---------  --------  ----------  --------------  -------------------
/opt/airflow/dags/lakehouse_bsg_dag.py                           1           0  0.12s           2026-02-18T18:40:00
================================================================================
[2026-02-18T18:40:57.658+0000] {manager.py:878} INFO - 
================================================================================
DAG File Processing Stats

File Path                               PID    Runtime      # DAGs    # Errors  Last Runtime    Last Run
--------------------------------------  -----  ---------  --------  ----------  --------------  -------------------
/opt/airflow/dags/lakehouse_bsg_dag.py                           1           0  0.10s           2026-02-18T18:40:33
================================================================================
[2026-02-18T18:41:29.826+0000] {manager.py:737} INFO - Searching for files in /opt/airflow/dags
[2026-02-18T18:41:29.846+0000] {manager.py:740} INFO - There are 1 files in /opt/airflow/dags
[2026-02-18T18:41:30.888+0000] {manager.py:878} INFO - 
================================================================================
DAG File Processing Stats

File Path                               PID    Runtime      # DAGs    # Errors  Last Runtime    Last Run
--------------------------------------  -----  ---------  --------  ----------  --------------  -------------------
/opt/airflow/dags/lakehouse_bsg_dag.py                           1           0  0.12s           2026-02-18T18:41:06
================================================================================
[2026-02-18T18:42:04.046+0000] {manager.py:878} INFO - 
================================================================================
DAG File Processing Stats

File Path                               PID    Runtime      # DAGs    # Errors  Last Runtime    Last Run
--------------------------------------  -----  ---------  --------  ----------  --------------  -------------------
/opt/airflow/dags/lakehouse_bsg_dag.py                           1           0  0.09s           2026-02-18T18:41:38
================================================================================
[2026-02-18T18:42:37.171+0000] {manager.py:878} INFO - 
================================================================================
DAG File Processing Stats

File Path                               PID    Runtime      # DAGs    # Errors  Last Runtime    Last Run
--------------------------------------  -----  ---------  --------  ----------  --------------  -------------------
/opt/airflow/dags/lakehouse_bsg_dag.py                           1           0  0.10s           2026-02-18T18:42:12
================================================================================
[2026-02-18T18:43:10.430+0000] {manager.py:878} INFO - 
================================================================================
DAG File Processing Stats

File Path                               PID    Runtime      # DAGs    # Errors  Last Runtime    Last Run
--------------------------------------  -----  ---------  --------  ----------  --------------  -------------------
/opt/airflow/dags/lakehouse_bsg_dag.py                           1           0  0.15s           2026-02-18T18:42:45
================================================================================
[2026-02-18T18:43:43.544+0000] {manager.py:878} INFO - 
================================================================================
DAG File Processing Stats

File Path                               PID    Runtime      # DAGs    # Errors  Last Runtime    Last Run
--------------------------------------  -----  ---------  --------  ----------  --------------  -------------------
/opt/airflow/dags/lakehouse_bsg_dag.py                           1           0  0.11s           2026-02-18T18:43:18
================================================================================
[2026-02-18T18:44:16.715+0000] {manager.py:878} INFO - 
================================================================================
DAG File Processing Stats

File Path                               PID    Runtime      # DAGs    # Errors  Last Runtime    Last Run
--------------------------------------  -----  ---------  --------  ----------  --------------  -------------------
/opt/airflow/dags/lakehouse_bsg_dag.py                           1           0  0.12s           2026-02-18T18:43:50
================================================================================
[2026-02-18T18:44:49.960+0000] {manager.py:878} INFO - 
================================================================================
DAG File Processing Stats

File Path                               PID    Runtime      # DAGs    # Errors  Last Runtime    Last Run
--------------------------------------  -----  ---------  --------  ----------  --------------  -------------------
/opt/airflow/dags/lakehouse_bsg_dag.py                           1           0  0.17s           2026-02-18T18:44:23
================================================================================
[2026-02-18T18:45:23.205+0000] {manager.py:878} INFO - 
================================================================================
DAG File Processing Stats

File Path                               PID    Runtime      # DAGs    # Errors  Last Runtime    Last Run
--------------------------------------  -----  ---------  --------  ----------  --------------  -------------------
/opt/airflow/dags/lakehouse_bsg_dag.py                           1           0  0.78s           2026-02-18T18:44:57
================================================================================
[2026-02-18T18:45:57.002+0000] {manager.py:878} INFO - 
================================================================================
DAG File Processing Stats

File Path                               PID    Runtime      # DAGs    # Errors  Last Runtime    Last Run
--------------------------------------  -----  ---------  --------  ----------  --------------  -------------------
/opt/airflow/dags/lakehouse_bsg_dag.py                           1           0  0.12s           2026-02-18T18:45:29
================================================================================
[2026-02-18T18:46:30.148+0000] {manager.py:737} INFO - Searching for files in /opt/airflow/dags
[2026-02-18T18:46:30.192+0000] {manager.py:740} INFO - There are 1 files in /opt/airflow/dags
[2026-02-18T18:46:30.256+0000] {manager.py:878} INFO - 
================================================================================
DAG File Processing Stats

File Path                               PID    Runtime      # DAGs    # Errors  Last Runtime    Last Run
--------------------------------------  -----  ---------  --------  ----------  --------------  -------------------
/opt/airflow/dags/lakehouse_bsg_dag.py                           1           0  0.10s           2026-02-18T18:46:03
================================================================================
[2026-02-18T18:47:03.419+0000] {manager.py:878} INFO - 
================================================================================
DAG File Processing Stats

File Path                               PID    Runtime      # DAGs    # Errors  Last Runtime    Last Run
--------------------------------------  -----  ---------  --------  ----------  --------------  -------------------
/opt/airflow/dags/lakehouse_bsg_dag.py                           1           0  0.30s           2026-02-18T18:46:36
================================================================================
[2026-02-18T18:47:36.515+0000] {manager.py:878} INFO - 
================================================================================
DAG File Processing Stats

File Path                               PID    Runtime      # DAGs    # Errors  Last Runtime    Last Run
--------------------------------------  -----  ---------  --------  ----------  --------------  -------------------
/opt/airflow/dags/lakehouse_bsg_dag.py                           1           0  0.10s           2026-02-18T18:47:08
================================================================================
[2026-02-18T18:48:09.736+0000] {manager.py:878} INFO - 
================================================================================
DAG File Processing Stats

File Path                               PID    Runtime      # DAGs    # Errors  Last Runtime    Last Run
--------------------------------------  -----  ---------  --------  ----------  --------------  -------------------
/opt/airflow/dags/lakehouse_bsg_dag.py                           1           0  0.09s           2026-02-18T18:47:41
================================================================================
[2026-02-18T18:48:42.841+0000] {manager.py:878} INFO - 
================================================================================
DAG File Processing Stats

File Path                               PID    Runtime      # DAGs    # Errors  Last Runtime    Last Run
--------------------------------------  -----  ---------  --------  ----------  --------------  -------------------
/opt/airflow/dags/lakehouse_bsg_dag.py                           1           0  0.10s           2026-02-18T18:48:14
================================================================================
[2026-02-18T18:49:16.106+0000] {manager.py:878} INFO - 
================================================================================
DAG File Processing Stats

File Path                               PID    Runtime      # DAGs    # Errors  Last Runtime    Last Run
--------------------------------------  -----  ---------  --------  ----------  --------------  -------------------
/opt/airflow/dags/lakehouse_bsg_dag.py                           1           0  0.10s           2026-02-18T18:48:47
================================================================================
[2026-02-18T18:49:49.207+0000] {manager.py:878} INFO - 
================================================================================
DAG File Processing Stats

File Path                               PID    Runtime      # DAGs    # Errors  Last Runtime    Last Run
--------------------------------------  -----  ---------  --------  ----------  --------------  -------------------
/opt/airflow/dags/lakehouse_bsg_dag.py                           1           0  0.09s           2026-02-18T18:49:21
================================================================================
[2026-02-18T18:50:22.390+0000] {manager.py:878} INFO - 
================================================================================
DAG File Processing Stats

File Path                               PID    Runtime      # DAGs    # Errors  Last Runtime    Last Run
--------------------------------------  -----  ---------  --------  ----------  --------------  -------------------
/opt/airflow/dags/lakehouse_bsg_dag.py                           1           0  0.10s           2026-02-18T18:49:53
================================================================================
[2026-02-18T18:50:55.472+0000] {manager.py:878} INFO - 
================================================================================
DAG File Processing Stats

File Path                               PID    Runtime      # DAGs    # Errors  Last Runtime    Last Run
--------------------------------------  -----  ---------  --------  ----------  --------------  -------------------
/opt/airflow/dags/lakehouse_bsg_dag.py                           1           0  0.10s           2026-02-18T18:50:26
================================================================================
[2026-02-18T18:51:25.145+0000] {manager.py:878} INFO - 
================================================================================
DAG File Processing Stats

File Path                               PID    Runtime      # DAGs    # Errors  Last Runtime    Last Run
--------------------------------------  -----  ---------  --------  ----------  --------------  -------------------
/opt/airflow/dags/lakehouse_bsg_dag.py                           1           0  0.10s           2026-02-18T18:50:59
================================================================================
[2026-02-18T18:51:32.774+0000] {manager.py:737} INFO - Searching for files in /opt/airflow/dags
[2026-02-18T18:51:32.799+0000] {manager.py:740} INFO - There are 1 files in /opt/airflow/dags
[2026-02-18T18:52:04.935+0000] {manager.py:878} INFO - 
================================================================================
DAG File Processing Stats

File Path                                 PID  Runtime      # DAGs    # Errors  Last Runtime    Last Run
--------------------------------------  -----  ---------  --------  ----------  --------------  -------------------
/opt/airflow/dags/lakehouse_bsg_dag.py   2899  0.00s             1           0  0.09s           2026-02-18T18:51:32
================================================================================
[2026-02-18T18:52:38.144+0000] {manager.py:878} INFO - 
================================================================================
DAG File Processing Stats

File Path                                 PID  Runtime      # DAGs    # Errors  Last Runtime    Last Run
--------------------------------------  -----  ---------  --------  ----------  --------------  -------------------
/opt/airflow/dags/lakehouse_bsg_dag.py   2904  0.00s             1           0  0.09s           2026-02-18T18:52:05
================================================================================
[2026-02-18T18:53:11.299+0000] {manager.py:878} INFO - 
================================================================================
DAG File Processing Stats

File Path                                 PID  Runtime      # DAGs    # Errors  Last Runtime    Last Run
--------------------------------------  -----  ---------  --------  ----------  --------------  -------------------
/opt/airflow/dags/lakehouse_bsg_dag.py   2909  0.00s             1           0  0.09s           2026-02-18T18:52:38
================================================================================
[2026-02-18T18:53:44.489+0000] {manager.py:878} INFO - 
================================================================================
DAG File Processing Stats

File Path                                 PID  Runtime      # DAGs    # Errors  Last Runtime    Last Run
--------------------------------------  -----  ---------  --------  ----------  --------------  -------------------
/opt/airflow/dags/lakehouse_bsg_dag.py   2914  0.00s             1           0  0.10s           2026-02-18T18:53:11
================================================================================
[2026-02-18T18:54:17.646+0000] {manager.py:878} INFO - 
================================================================================
DAG File Processing Stats

File Path                               PID    Runtime      # DAGs    # Errors  Last Runtime    Last Run
--------------------------------------  -----  ---------  --------  ----------  --------------  -------------------
/opt/airflow/dags/lakehouse_bsg_dag.py                           1           0  0.15s           2026-02-18T18:54:16
================================================================================
[2026-02-18T18:54:50.629+0000] {manager.py:878} INFO - 
================================================================================
DAG File Processing Stats

File Path                               PID    Runtime      # DAGs    # Errors  Last Runtime    Last Run
--------------------------------------  -----  ---------  --------  ----------  --------------  -------------------
/opt/airflow/dags/lakehouse_bsg_dag.py                           1           0  0.83s           2026-02-18T18:54:50
================================================================================
[2026-02-18T18:55:23.706+0000] {manager.py:878} INFO - 
================================================================================
DAG File Processing Stats

File Path                               PID    Runtime      # DAGs    # Errors  Last Runtime    Last Run
--------------------------------------  -----  ---------  --------  ----------  --------------  -------------------
/opt/airflow/dags/lakehouse_bsg_dag.py                           1           0  0.09s           2026-02-18T18:55:22
================================================================================
[2026-02-18T18:55:56.865+0000] {manager.py:878} INFO - 
================================================================================
DAG File Processing Stats

File Path                               PID    Runtime      # DAGs    # Errors  Last Runtime    Last Run
--------------------------------------  -----  ---------  --------  ----------  --------------  -------------------
/opt/airflow/dags/lakehouse_bsg_dag.py                           1           0  0.13s           2026-02-18T18:55:55
================================================================================
[2026-02-18T18:56:29.965+0000] {manager.py:878} INFO - 
================================================================================
DAG File Processing Stats

File Path                               PID    Runtime      # DAGs    # Errors  Last Runtime    Last Run
--------------------------------------  -----  ---------  --------  ----------  --------------  -------------------
/opt/airflow/dags/lakehouse_bsg_dag.py                           1           0  0.11s           2026-02-18T18:56:29
================================================================================
[2026-02-18T18:56:32.978+0000] {manager.py:737} INFO - Searching for files in /opt/airflow/dags
[2026-02-18T18:56:33.013+0000] {manager.py:740} INFO - There are 1 files in /opt/airflow/dags
[2026-02-18T18:57:03.104+0000] {manager.py:878} INFO - 
================================================================================
DAG File Processing Stats

File Path                               PID    Runtime      # DAGs    # Errors  Last Runtime    Last Run
--------------------------------------  -----  ---------  --------  ----------  --------------  -------------------
/opt/airflow/dags/lakehouse_bsg_dag.py                           1           0  0.10s           2026-02-18T18:57:02
================================================================================
[2026-02-18T18:57:36.253+0000] {manager.py:878} INFO - 
================================================================================
DAG File Processing Stats

File Path                               PID    Runtime      # DAGs    # Errors  Last Runtime    Last Run
--------------------------------------  -----  ---------  --------  ----------  --------------  -------------------
/opt/airflow/dags/lakehouse_bsg_dag.py                           1           0  0.10s           2026-02-18T18:57:35
================================================================================
[2026-02-18T18:58:09.377+0000] {manager.py:878} INFO - 
================================================================================
DAG File Processing Stats

File Path                               PID    Runtime      # DAGs    # Errors  Last Runtime    Last Run
--------------------------------------  -----  ---------  --------  ----------  --------------  -------------------
/opt/airflow/dags/lakehouse_bsg_dag.py                           1           0  0.11s           2026-02-18T18:58:07
================================================================================
[2026-02-18T18:58:42.548+0000] {manager.py:878} INFO - 
================================================================================
DAG File Processing Stats

File Path                               PID    Runtime      # DAGs    # Errors  Last Runtime    Last Run
--------------------------------------  -----  ---------  --------  ----------  --------------  -------------------
/opt/airflow/dags/lakehouse_bsg_dag.py                           1           0  0.10s           2026-02-18T18:58:40
================================================================================
[2026-02-18T18:59:15.692+0000] {manager.py:878} INFO - 
================================================================================
DAG File Processing Stats

File Path                               PID    Runtime      # DAGs    # Errors  Last Runtime    Last Run
--------------------------------------  -----  ---------  --------  ----------  --------------  -------------------
/opt/airflow/dags/lakehouse_bsg_dag.py                           1           0  0.09s           2026-02-18T18:59:13
================================================================================
[2026-02-18T18:59:48.876+0000] {manager.py:878} INFO - 
================================================================================
DAG File Processing Stats

File Path                               PID    Runtime      # DAGs    # Errors  Last Runtime    Last Run
--------------------------------------  -----  ---------  --------  ----------  --------------  -------------------
/opt/airflow/dags/lakehouse_bsg_dag.py                           1           0  0.10s           2026-02-18T18:59:46
================================================================================
[2026-02-18T19:00:22.002+0000] {manager.py:878} INFO - 
================================================================================
DAG File Processing Stats

File Path                               PID    Runtime      # DAGs    # Errors  Last Runtime    Last Run
--------------------------------------  -----  ---------  --------  ----------  --------------  -------------------
/opt/airflow/dags/lakehouse_bsg_dag.py                           1           0  0.10s           2026-02-18T19:00:19
================================================================================
[2026-02-18T19:00:55.186+0000] {manager.py:878} INFO - 
================================================================================
DAG File Processing Stats

File Path                               PID    Runtime      # DAGs    # Errors  Last Runtime    Last Run
--------------------------------------  -----  ---------  --------  ----------  --------------  -------------------
/opt/airflow/dags/lakehouse_bsg_dag.py                           1           0  0.10s           2026-02-18T19:00:52
================================================================================
[2026-02-18T19:01:28.332+0000] {manager.py:878} INFO - 
================================================================================
DAG File Processing Stats

File Path                               PID    Runtime      # DAGs    # Errors  Last Runtime    Last Run
--------------------------------------  -----  ---------  --------  ----------  --------------  -------------------
/opt/airflow/dags/lakehouse_bsg_dag.py                           1           0  0.10s           2026-02-18T19:01:25
================================================================================
[2026-02-18T19:01:33.354+0000] {manager.py:737} INFO - Searching for files in /opt/airflow/dags
[2026-02-18T19:01:33.373+0000] {manager.py:740} INFO - There are 1 files in /opt/airflow/dags
[2026-02-18T19:02:01.508+0000] {manager.py:878} INFO - 
================================================================================
DAG File Processing Stats

File Path                               PID    Runtime      # DAGs    # Errors  Last Runtime    Last Run
--------------------------------------  -----  ---------  --------  ----------  --------------  -------------------
/opt/airflow/dags/lakehouse_bsg_dag.py                           1           0  0.11s           2026-02-18T19:01:58
================================================================================
[2026-02-18T19:02:34.701+0000] {manager.py:878} INFO - 
================================================================================
DAG File Processing Stats

File Path                               PID    Runtime      # DAGs    # Errors  Last Runtime    Last Run
--------------------------------------  -----  ---------  --------  ----------  --------------  -------------------
/opt/airflow/dags/lakehouse_bsg_dag.py                           1           0  0.10s           2026-02-18T19:02:31
================================================================================
[2026-02-18T19:03:07.795+0000] {manager.py:878} INFO - 
================================================================================
DAG File Processing Stats

File Path                               PID    Runtime      # DAGs    # Errors  Last Runtime    Last Run
--------------------------------------  -----  ---------  --------  ----------  --------------  -------------------
/opt/airflow/dags/lakehouse_bsg_dag.py                           1           0  0.09s           2026-02-18T19:03:03
================================================================================
[2026-02-18T19:03:41.072+0000] {manager.py:878} INFO - 
================================================================================
DAG File Processing Stats

File Path                               PID    Runtime      # DAGs    # Errors  Last Runtime    Last Run
--------------------------------------  -----  ---------  --------  ----------  --------------  -------------------
/opt/airflow/dags/lakehouse_bsg_dag.py                           1           0  0.11s           2026-02-18T19:03:37
================================================================================
[2026-02-18T19:04:14.176+0000] {manager.py:878} INFO - 
================================================================================
DAG File Processing Stats

File Path                               PID    Runtime      # DAGs    # Errors  Last Runtime    Last Run
--------------------------------------  -----  ---------  --------  ----------  --------------  -------------------
/opt/airflow/dags/lakehouse_bsg_dag.py                           1           0  0.09s           2026-02-18T19:04:10
================================================================================
[2026-02-18T19:04:47.426+0000] {manager.py:878} INFO - 
================================================================================
DAG File Processing Stats

File Path                               PID    Runtime      # DAGs    # Errors  Last Runtime    Last Run
--------------------------------------  -----  ---------  --------  ----------  --------------  -------------------
/opt/airflow/dags/lakehouse_bsg_dag.py                           1           0  0.09s           2026-02-18T19:04:43
================================================================================
[2026-02-18T19:05:20.555+0000] {manager.py:878} INFO - 
================================================================================
DAG File Processing Stats

File Path                               PID    Runtime      # DAGs    # Errors  Last Runtime    Last Run
--------------------------------------  -----  ---------  --------  ----------  --------------  -------------------
/opt/airflow/dags/lakehouse_bsg_dag.py                           1           0  0.09s           2026-02-18T19:05:15
================================================================================
[2026-02-18T19:05:53.708+0000] {manager.py:878} INFO - 
================================================================================
DAG File Processing Stats

File Path                               PID    Runtime      # DAGs    # Errors  Last Runtime    Last Run
--------------------------------------  -----  ---------  --------  ----------  --------------  -------------------
/opt/airflow/dags/lakehouse_bsg_dag.py                           1           0  0.10s           2026-02-18T19:05:48
================================================================================
[2026-02-18T19:06:26.858+0000] {manager.py:878} INFO - 
================================================================================
DAG File Processing Stats

File Path                               PID    Runtime      # DAGs    # Errors  Last Runtime    Last Run
--------------------------------------  -----  ---------  --------  ----------  --------------  -------------------
/opt/airflow/dags/lakehouse_bsg_dag.py                           1           0  0.10s           2026-02-18T19:06:21
================================================================================
[2026-02-18T19:06:33.900+0000] {manager.py:737} INFO - Searching for files in /opt/airflow/dags
[2026-02-18T19:06:33.917+0000] {manager.py:740} INFO - There are 1 files in /opt/airflow/dags
[2026-02-18T19:07:00.004+0000] {manager.py:878} INFO - 
================================================================================
DAG File Processing Stats

File Path                               PID    Runtime      # DAGs    # Errors  Last Runtime    Last Run
--------------------------------------  -----  ---------  --------  ----------  --------------  -------------------
/opt/airflow/dags/lakehouse_bsg_dag.py                           1           0  0.09s           2026-02-18T19:06:55
================================================================================
[2026-02-18T19:07:33.185+0000] {manager.py:878} INFO - 
================================================================================
DAG File Processing Stats

File Path                               PID    Runtime      # DAGs    # Errors  Last Runtime    Last Run
--------------------------------------  -----  ---------  --------  ----------  --------------  -------------------
/opt/airflow/dags/lakehouse_bsg_dag.py                           1           0  0.09s           2026-02-18T19:07:28
================================================================================
[2026-02-18T19:08:06.297+0000] {manager.py:878} INFO - 
================================================================================
DAG File Processing Stats

File Path                               PID    Runtime      # DAGs    # Errors  Last Runtime    Last Run
--------------------------------------  -----  ---------  --------  ----------  --------------  -------------------
/opt/airflow/dags/lakehouse_bsg_dag.py                           1           0  0.09s           2026-02-18T19:08:00
================================================================================
[2026-02-18T19:08:39.442+0000] {manager.py:878} INFO - 
================================================================================
DAG File Processing Stats

File Path                               PID    Runtime      # DAGs    # Errors  Last Runtime    Last Run
--------------------------------------  -----  ---------  --------  ----------  --------------  -------------------
/opt/airflow/dags/lakehouse_bsg_dag.py                           1           0  0.09s           2026-02-18T19:08:33
================================================================================
[2026-02-18T19:09:12.620+0000] {manager.py:878} INFO - 
================================================================================
DAG File Processing Stats

File Path                               PID    Runtime      # DAGs    # Errors  Last Runtime    Last Run
--------------------------------------  -----  ---------  --------  ----------  --------------  -------------------
/opt/airflow/dags/lakehouse_bsg_dag.py                           1           0  0.09s           2026-02-18T19:09:06
================================================================================
[2026-02-18T19:09:45.776+0000] {manager.py:878} INFO - 
================================================================================
DAG File Processing Stats

File Path                               PID    Runtime      # DAGs    # Errors  Last Runtime    Last Run
--------------------------------------  -----  ---------  --------  ----------  --------------  -------------------
/opt/airflow/dags/lakehouse_bsg_dag.py                           1           0  0.09s           2026-02-18T19:09:39
================================================================================
[2026-02-18T19:10:18.967+0000] {manager.py:878} INFO - 
================================================================================
DAG File Processing Stats

File Path                               PID    Runtime      # DAGs    # Errors  Last Runtime    Last Run
--------------------------------------  -----  ---------  --------  ----------  --------------  -------------------
/opt/airflow/dags/lakehouse_bsg_dag.py                           1           0  0.11s           2026-02-18T19:10:13
================================================================================
[2026-02-18T19:10:52.084+0000] {manager.py:878} INFO - 
================================================================================
DAG File Processing Stats

File Path                               PID    Runtime      # DAGs    # Errors  Last Runtime    Last Run
--------------------------------------  -----  ---------  --------  ----------  --------------  -------------------
/opt/airflow/dags/lakehouse_bsg_dag.py                           1           0  0.09s           2026-02-18T19:10:45
================================================================================
[2026-02-18T19:11:25.251+0000] {manager.py:878} INFO - 
================================================================================
DAG File Processing Stats

File Path                               PID    Runtime      # DAGs    # Errors  Last Runtime    Last Run
--------------------------------------  -----  ---------  --------  ----------  --------------  -------------------
/opt/airflow/dags/lakehouse_bsg_dag.py                           1           0  0.10s           2026-02-18T19:11:18
================================================================================
[2026-02-18T19:11:34.292+0000] {manager.py:737} INFO - Searching for files in /opt/airflow/dags
[2026-02-18T19:11:34.317+0000] {manager.py:740} INFO - There are 1 files in /opt/airflow/dags
[2026-02-18T19:11:58.395+0000] {manager.py:878} INFO - 
================================================================================
DAG File Processing Stats

File Path                               PID    Runtime      # DAGs    # Errors  Last Runtime    Last Run
--------------------------------------  -----  ---------  --------  ----------  --------------  -------------------
/opt/airflow/dags/lakehouse_bsg_dag.py                           1           0  0.09s           2026-02-18T19:11:51
================================================================================
[2026-02-18T19:12:31.626+0000] {manager.py:878} INFO - 
================================================================================
DAG File Processing Stats

File Path                               PID    Runtime      # DAGs    # Errors  Last Runtime    Last Run
--------------------------------------  -----  ---------  --------  ----------  --------------  -------------------
/opt/airflow/dags/lakehouse_bsg_dag.py                           1           0  0.10s           2026-02-18T19:12:24
================================================================================
[2026-02-18T19:13:04.760+0000] {manager.py:878} INFO - 
================================================================================
DAG File Processing Stats

File Path                               PID    Runtime      # DAGs    # Errors  Last Runtime    Last Run
--------------------------------------  -----  ---------  --------  ----------  --------------  -------------------
/opt/airflow/dags/lakehouse_bsg_dag.py                           1           0  0.09s           2026-02-18T19:12:56
================================================================================
[2026-02-18T19:13:37.931+0000] {manager.py:878} INFO - 
================================================================================
DAG File Processing Stats

File Path                               PID    Runtime      # DAGs    # Errors  Last Runtime    Last Run
--------------------------------------  -----  ---------  --------  ----------  --------------  -------------------
/opt/airflow/dags/lakehouse_bsg_dag.py                           1           0  0.09s           2026-02-18T19:13:29
================================================================================
[2026-02-18T19:14:11.344+0000] {manager.py:878} INFO - 
================================================================================
DAG File Processing Stats

File Path                               PID    Runtime      # DAGs    # Errors  Last Runtime    Last Run
--------------------------------------  -----  ---------  --------  ----------  --------------  -------------------
/opt/airflow/dags/lakehouse_bsg_dag.py                           1           0  0.09s           2026-02-18T19:14:03
================================================================================
[2026-02-18T19:14:44.916+0000] {manager.py:878} INFO - 
================================================================================
DAG File Processing Stats

File Path                               PID    Runtime      # DAGs    # Errors  Last Runtime    Last Run
--------------------------------------  -----  ---------  --------  ----------  --------------  -------------------
/opt/airflow/dags/lakehouse_bsg_dag.py                           1           0  0.09s           2026-02-18T19:14:36
================================================================================
[2026-02-18T19:15:18.477+0000] {manager.py:878} INFO - 
================================================================================
DAG File Processing Stats

File Path                               PID    Runtime      # DAGs    # Errors  Last Runtime    Last Run
--------------------------------------  -----  ---------  --------  ----------  --------------  -------------------
/opt/airflow/dags/lakehouse_bsg_dag.py                           1           0  0.09s           2026-02-18T19:15:10
================================================================================
[2026-02-18T19:15:52.082+0000] {manager.py:878} INFO - 
================================================================================
DAG File Processing Stats

File Path                               PID    Runtime      # DAGs    # Errors  Last Runtime    Last Run
--------------------------------------  -----  ---------  --------  ----------  --------------  -------------------
/opt/airflow/dags/lakehouse_bsg_dag.py                           1           0  0.10s           2026-02-18T19:15:43
================================================================================
[2026-02-18T19:16:25.562+0000] {manager.py:878} INFO - 
================================================================================
DAG File Processing Stats

File Path                               PID    Runtime      # DAGs    # Errors  Last Runtime    Last Run
--------------------------------------  -----  ---------  --------  ----------  --------------  -------------------
/opt/airflow/dags/lakehouse_bsg_dag.py                           1           0  0.09s           2026-02-18T19:16:16
================================================================================
[2026-02-18T19:16:34.610+0000] {manager.py:737} INFO - Searching for files in /opt/airflow/dags
[2026-02-18T19:16:34.627+0000] {manager.py:740} INFO - There are 1 files in /opt/airflow/dags
[2026-02-18T19:16:59.130+0000] {manager.py:878} INFO - 
================================================================================
DAG File Processing Stats

File Path                               PID    Runtime      # DAGs    # Errors  Last Runtime    Last Run
--------------------------------------  -----  ---------  --------  ----------  --------------  -------------------
/opt/airflow/dags/lakehouse_bsg_dag.py                           1           0  0.10s           2026-02-18T19:16:50
================================================================================
[2026-02-18T19:17:32.693+0000] {manager.py:878} INFO - 
================================================================================
DAG File Processing Stats

File Path                               PID    Runtime      # DAGs    # Errors  Last Runtime    Last Run
--------------------------------------  -----  ---------  --------  ----------  --------------  -------------------
/opt/airflow/dags/lakehouse_bsg_dag.py                           1           0  0.22s           2026-02-18T19:17:23
================================================================================
[2026-02-18T19:18:06.334+0000] {manager.py:878} INFO - 
================================================================================
DAG File Processing Stats

File Path                               PID    Runtime      # DAGs    # Errors  Last Runtime    Last Run
--------------------------------------  -----  ---------  --------  ----------  --------------  -------------------
/opt/airflow/dags/lakehouse_bsg_dag.py                           1           0  0.10s           2026-02-18T19:17:56
================================================================================
[2026-02-18T19:18:39.899+0000] {manager.py:878} INFO - 
================================================================================
DAG File Processing Stats

File Path                               PID    Runtime      # DAGs    # Errors  Last Runtime    Last Run
--------------------------------------  -----  ---------  --------  ----------  --------------  -------------------
/opt/airflow/dags/lakehouse_bsg_dag.py                           1           0  0.09s           2026-02-18T19:18:29
================================================================================
[2026-02-18T19:19:13.428+0000] {manager.py:878} INFO - 
================================================================================
DAG File Processing Stats

File Path                               PID    Runtime      # DAGs    # Errors  Last Runtime    Last Run
--------------------------------------  -----  ---------  --------  ----------  --------------  -------------------
/opt/airflow/dags/lakehouse_bsg_dag.py                           1           0  0.11s           2026-02-18T19:19:03
================================================================================
[2026-02-18T19:19:46.993+0000] {manager.py:878} INFO - 
================================================================================
DAG File Processing Stats

File Path                               PID    Runtime      # DAGs    # Errors  Last Runtime    Last Run
--------------------------------------  -----  ---------  --------  ----------  --------------  -------------------
/opt/airflow/dags/lakehouse_bsg_dag.py                           1           0  0.10s           2026-02-18T19:19:36
================================================================================
[2026-02-18T19:20:20.561+0000] {manager.py:878} INFO - 
================================================================================
DAG File Processing Stats

File Path                               PID    Runtime      # DAGs    # Errors  Last Runtime    Last Run
--------------------------------------  -----  ---------  --------  ----------  --------------  -------------------
/opt/airflow/dags/lakehouse_bsg_dag.py                           1           0  0.09s           2026-02-18T19:20:10
================================================================================
[2026-02-18T19:20:54.089+0000] {manager.py:878} INFO - 
================================================================================
DAG File Processing Stats

File Path                               PID    Runtime      # DAGs    # Errors  Last Runtime    Last Run
--------------------------------------  -----  ---------  --------  ----------  --------------  -------------------
/opt/airflow/dags/lakehouse_bsg_dag.py                           1           0  0.09s           2026-02-18T19:20:43
================================================================================
[2026-02-18T19:21:27.617+0000] {manager.py:878} INFO - 
================================================================================
DAG File Processing Stats

File Path                               PID    Runtime      # DAGs    # Errors  Last Runtime    Last Run
--------------------------------------  -----  ---------  --------  ----------  --------------  -------------------
/opt/airflow/dags/lakehouse_bsg_dag.py                           1           0  0.09s           2026-02-18T19:21:16
================================================================================
[2026-02-18T19:21:34.659+0000] {manager.py:737} INFO - Searching for files in /opt/airflow/dags
[2026-02-18T19:21:34.691+0000] {manager.py:740} INFO - There are 1 files in /opt/airflow/dags
[2026-02-18T19:22:01.209+0000] {manager.py:878} INFO - 
================================================================================
DAG File Processing Stats

File Path                               PID    Runtime      # DAGs    # Errors  Last Runtime    Last Run
--------------------------------------  -----  ---------  --------  ----------  --------------  -------------------
/opt/airflow/dags/lakehouse_bsg_dag.py                           1           0  0.09s           2026-02-18T19:21:50
================================================================================
[2026-02-18T19:22:34.778+0000] {manager.py:878} INFO - 
================================================================================
DAG File Processing Stats

File Path                               PID    Runtime      # DAGs    # Errors  Last Runtime    Last Run
--------------------------------------  -----  ---------  --------  ----------  --------------  -------------------
/opt/airflow/dags/lakehouse_bsg_dag.py                           1           0  0.09s           2026-02-18T19:22:23
================================================================================
[2026-02-18T19:23:08.266+0000] {manager.py:878} INFO - 
================================================================================
DAG File Processing Stats

File Path                               PID    Runtime      # DAGs    # Errors  Last Runtime    Last Run
--------------------------------------  -----  ---------  --------  ----------  --------------  -------------------
/opt/airflow/dags/lakehouse_bsg_dag.py                           1           0  0.09s           2026-02-18T19:22:57
================================================================================
[2026-02-18T19:23:41.880+0000] {manager.py:878} INFO - 
================================================================================
DAG File Processing Stats

File Path                               PID    Runtime      # DAGs    # Errors  Last Runtime    Last Run
--------------------------------------  -----  ---------  --------  ----------  --------------  -------------------
/opt/airflow/dags/lakehouse_bsg_dag.py                           1           0  0.10s           2026-02-18T19:23:29
================================================================================
[2026-02-18T19:24:15.348+0000] {manager.py:878} INFO - 
================================================================================
DAG File Processing Stats

File Path                               PID    Runtime      # DAGs    # Errors  Last Runtime    Last Run
--------------------------------------  -----  ---------  --------  ----------  --------------  -------------------
/opt/airflow/dags/lakehouse_bsg_dag.py                           1           0  0.09s           2026-02-18T19:24:03
================================================================================
[2026-02-18T19:24:48.930+0000] {manager.py:878} INFO - 
================================================================================
DAG File Processing Stats

File Path                               PID    Runtime      # DAGs    # Errors  Last Runtime    Last Run
--------------------------------------  -----  ---------  --------  ----------  --------------  -------------------
/opt/airflow/dags/lakehouse_bsg_dag.py                           1           0  0.10s           2026-02-18T19:24:36
================================================================================
[2026-02-18T19:25:22.495+0000] {manager.py:878} INFO - 
================================================================================
DAG File Processing Stats

File Path                               PID    Runtime      # DAGs    # Errors  Last Runtime    Last Run
--------------------------------------  -----  ---------  --------  ----------  --------------  -------------------
/opt/airflow/dags/lakehouse_bsg_dag.py                           1           0  0.10s           2026-02-18T19:25:10
================================================================================
[2026-02-18T19:25:56.036+0000] {manager.py:878} INFO - 
================================================================================
DAG File Processing Stats

File Path                               PID    Runtime      # DAGs    # Errors  Last Runtime    Last Run
--------------------------------------  -----  ---------  --------  ----------  --------------  -------------------
/opt/airflow/dags/lakehouse_bsg_dag.py                           1           0  0.09s           2026-02-18T19:25:43
================================================================================
[2026-02-18T19:26:29.596+0000] {manager.py:878} INFO - 
================================================================================
DAG File Processing Stats

File Path                               PID    Runtime      # DAGs    # Errors  Last Runtime    Last Run
--------------------------------------  -----  ---------  --------  ----------  --------------  -------------------
/opt/airflow/dags/lakehouse_bsg_dag.py                           1           0  0.11s           2026-02-18T19:26:16
================================================================================
[2026-02-18T19:26:34.666+0000] {manager.py:737} INFO - Searching for files in /opt/airflow/dags
[2026-02-18T19:26:34.681+0000] {manager.py:740} INFO - There are 1 files in /opt/airflow/dags
[2026-02-18T19:27:03.128+0000] {manager.py:878} INFO - 
================================================================================
DAG File Processing Stats

File Path                               PID    Runtime      # DAGs    # Errors  Last Runtime    Last Run
--------------------------------------  -----  ---------  --------  ----------  --------------  -------------------
/opt/airflow/dags/lakehouse_bsg_dag.py                           1           0  0.10s           2026-02-18T19:26:50
================================================================================
[2026-02-18T19:27:36.665+0000] {manager.py:878} INFO - 
================================================================================
DAG File Processing Stats

File Path                               PID    Runtime      # DAGs    # Errors  Last Runtime    Last Run
--------------------------------------  -----  ---------  --------  ----------  --------------  -------------------
/opt/airflow/dags/lakehouse_bsg_dag.py                           1           0  0.15s           2026-02-18T19:27:23
================================================================================
[2026-02-18T19:28:10.311+0000] {manager.py:878} INFO - 
================================================================================
DAG File Processing Stats

File Path                               PID    Runtime      # DAGs    # Errors  Last Runtime    Last Run
--------------------------------------  -----  ---------  --------  ----------  --------------  -------------------
/opt/airflow/dags/lakehouse_bsg_dag.py                           1           0  1.05s           2026-02-18T19:27:58
================================================================================
[2026-02-18T19:28:43.830+0000] {manager.py:878} INFO - 
================================================================================
DAG File Processing Stats

File Path                               PID    Runtime      # DAGs    # Errors  Last Runtime    Last Run
--------------------------------------  -----  ---------  --------  ----------  --------------  -------------------
/opt/airflow/dags/lakehouse_bsg_dag.py                           1           0  0.10s           2026-02-18T19:28:29
================================================================================
[2026-02-18T19:29:17.424+0000] {manager.py:878} INFO - 
================================================================================
DAG File Processing Stats

File Path                               PID    Runtime      # DAGs    # Errors  Last Runtime    Last Run
--------------------------------------  -----  ---------  --------  ----------  --------------  -------------------
/opt/airflow/dags/lakehouse_bsg_dag.py                           1           0  0.14s           2026-02-18T19:29:03
================================================================================
[2026-02-18T19:29:51.056+0000] {manager.py:878} INFO - 
================================================================================
DAG File Processing Stats

File Path                               PID    Runtime      # DAGs    # Errors  Last Runtime    Last Run
--------------------------------------  -----  ---------  --------  ----------  --------------  -------------------
/opt/airflow/dags/lakehouse_bsg_dag.py                           1           0  0.11s           2026-02-18T19:29:36
================================================================================
[2026-02-18T19:30:24.603+0000] {manager.py:878} INFO - 
================================================================================
DAG File Processing Stats

File Path                               PID    Runtime      # DAGs    # Errors  Last Runtime    Last Run
--------------------------------------  -----  ---------  --------  ----------  --------------  -------------------
/opt/airflow/dags/lakehouse_bsg_dag.py                           1           0  0.08s           2026-02-18T19:30:10
================================================================================
[2026-02-18T19:30:58.159+0000] {manager.py:878} INFO - 
================================================================================
DAG File Processing Stats

File Path                               PID    Runtime      # DAGs    # Errors  Last Runtime    Last Run
--------------------------------------  -----  ---------  --------  ----------  --------------  -------------------
/opt/airflow/dags/lakehouse_bsg_dag.py                           1           0  0.09s           2026-02-18T19:30:43
================================================================================
[2026-02-18T19:31:31.712+0000] {manager.py:878} INFO - 
================================================================================
DAG File Processing Stats

File Path                               PID    Runtime      # DAGs    # Errors  Last Runtime    Last Run
--------------------------------------  -----  ---------  --------  ----------  --------------  -------------------
/opt/airflow/dags/lakehouse_bsg_dag.py                           1           0  0.09s           2026-02-18T19:31:16
================================================================================
[2026-02-18T19:31:34.726+0000] {manager.py:737} INFO - Searching for files in /opt/airflow/dags
[2026-02-18T19:31:34.746+0000] {manager.py:740} INFO - There are 1 files in /opt/airflow/dags
[2026-02-18T19:32:05.323+0000] {manager.py:878} INFO - 
================================================================================
DAG File Processing Stats

File Path                               PID    Runtime      # DAGs    # Errors  Last Runtime    Last Run
--------------------------------------  -----  ---------  --------  ----------  --------------  -------------------
/opt/airflow/dags/lakehouse_bsg_dag.py                           1           0  0.09s           2026-02-18T19:31:50
================================================================================
[2026-02-18T19:32:38.882+0000] {manager.py:878} INFO - 
================================================================================
DAG File Processing Stats

File Path                               PID    Runtime      # DAGs    # Errors  Last Runtime    Last Run
--------------------------------------  -----  ---------  --------  ----------  --------------  -------------------
/opt/airflow/dags/lakehouse_bsg_dag.py                           1           0  0.09s           2026-02-18T19:32:23
================================================================================
[2026-02-18T19:33:12.439+0000] {manager.py:878} INFO - 
================================================================================
DAG File Processing Stats

File Path                               PID    Runtime      # DAGs    # Errors  Last Runtime    Last Run
--------------------------------------  -----  ---------  --------  ----------  --------------  -------------------
/opt/airflow/dags/lakehouse_bsg_dag.py                           1           0  0.09s           2026-02-18T19:32:57
================================================================================
[2026-02-18T19:33:46.002+0000] {manager.py:878} INFO - 
================================================================================
DAG File Processing Stats

File Path                               PID    Runtime      # DAGs    # Errors  Last Runtime    Last Run
--------------------------------------  -----  ---------  --------  ----------  --------------  -------------------
/opt/airflow/dags/lakehouse_bsg_dag.py                           1           0  0.09s           2026-02-18T19:33:29
================================================================================
[2026-02-18T19:34:19.501+0000] {manager.py:878} INFO - 
================================================================================
DAG File Processing Stats

File Path                               PID    Runtime      # DAGs    # Errors  Last Runtime    Last Run
--------------------------------------  -----  ---------  --------  ----------  --------------  -------------------
/opt/airflow/dags/lakehouse_bsg_dag.py                           1           0  0.09s           2026-02-18T19:34:03
================================================================================
[2026-02-18T19:34:53.178+0000] {manager.py:878} INFO - 
================================================================================
DAG File Processing Stats

File Path                               PID    Runtime      # DAGs    # Errors  Last Runtime    Last Run
--------------------------------------  -----  ---------  --------  ----------  --------------  -------------------
/opt/airflow/dags/lakehouse_bsg_dag.py                           1           0  0.11s           2026-02-18T19:34:37
================================================================================
[2026-02-18T19:35:26.744+0000] {manager.py:878} INFO - 
================================================================================
DAG File Processing Stats

File Path                               PID    Runtime      # DAGs    # Errors  Last Runtime    Last Run
--------------------------------------  -----  ---------  --------  ----------  --------------  -------------------
/opt/airflow/dags/lakehouse_bsg_dag.py                           1           0  0.09s           2026-02-18T19:35:10
================================================================================
[2026-02-18T19:36:00.330+0000] {manager.py:878} INFO - 
================================================================================
DAG File Processing Stats

File Path                               PID    Runtime      # DAGs    # Errors  Last Runtime    Last Run
--------------------------------------  -----  ---------  --------  ----------  --------------  -------------------
/opt/airflow/dags/lakehouse_bsg_dag.py                           1           0  0.08s           2026-02-18T19:35:43
================================================================================
[2026-02-18T19:36:33.865+0000] {manager.py:878} INFO - 
================================================================================
DAG File Processing Stats

File Path                               PID    Runtime      # DAGs    # Errors  Last Runtime    Last Run
--------------------------------------  -----  ---------  --------  ----------  --------------  -------------------
/opt/airflow/dags/lakehouse_bsg_dag.py                           1           0  0.09s           2026-02-18T19:36:16
================================================================================
[2026-02-18T19:36:34.873+0000] {manager.py:737} INFO - Searching for files in /opt/airflow/dags
[2026-02-18T19:36:34.903+0000] {manager.py:740} INFO - There are 1 files in /opt/airflow/dags
[2026-02-18T19:37:07.333+0000] {manager.py:878} INFO - 
================================================================================
DAG File Processing Stats

File Path                               PID    Runtime      # DAGs    # Errors  Last Runtime    Last Run
--------------------------------------  -----  ---------  --------  ----------  --------------  -------------------
/opt/airflow/dags/lakehouse_bsg_dag.py                           1           0  0.08s           2026-02-18T19:36:50
================================================================================
[2026-02-18T19:37:41.047+0000] {manager.py:878} INFO - 
================================================================================
DAG File Processing Stats

File Path                               PID    Runtime      # DAGs    # Errors  Last Runtime    Last Run
--------------------------------------  -----  ---------  --------  ----------  --------------  -------------------
/opt/airflow/dags/lakehouse_bsg_dag.py                           1           0  0.09s           2026-02-18T19:37:23
================================================================================
[2026-02-18T19:38:14.622+0000] {manager.py:878} INFO - 
================================================================================
DAG File Processing Stats

File Path                               PID    Runtime      # DAGs    # Errors  Last Runtime    Last Run
--------------------------------------  -----  ---------  --------  ----------  --------------  -------------------
/opt/airflow/dags/lakehouse_bsg_dag.py                           1           0  0.09s           2026-02-18T19:37:56
================================================================================
[2026-02-18T19:38:48.187+0000] {manager.py:878} INFO - 
================================================================================
DAG File Processing Stats

File Path                               PID    Runtime      # DAGs    # Errors  Last Runtime    Last Run
--------------------------------------  -----  ---------  --------  ----------  --------------  -------------------
/opt/airflow/dags/lakehouse_bsg_dag.py                           1           0  0.08s           2026-02-18T19:38:30
================================================================================
[2026-02-18T19:39:21.794+0000] {manager.py:878} INFO - 
================================================================================
DAG File Processing Stats

File Path                               PID    Runtime      # DAGs    # Errors  Last Runtime    Last Run
--------------------------------------  -----  ---------  --------  ----------  --------------  -------------------
/opt/airflow/dags/lakehouse_bsg_dag.py                           1           0  0.08s           2026-02-18T19:39:03
================================================================================
[2026-02-18T19:39:55.301+0000] {manager.py:878} INFO - 
================================================================================
DAG File Processing Stats

File Path                               PID    Runtime      # DAGs    # Errors  Last Runtime    Last Run
--------------------------------------  -----  ---------  --------  ----------  --------------  -------------------
/opt/airflow/dags/lakehouse_bsg_dag.py                           1           0  0.11s           2026-02-18T19:39:37
================================================================================
[2026-02-18T19:40:28.836+0000] {manager.py:878} INFO - 
================================================================================
DAG File Processing Stats

File Path                               PID    Runtime      # DAGs    # Errors  Last Runtime    Last Run
--------------------------------------  -----  ---------  --------  ----------  --------------  -------------------
/opt/airflow/dags/lakehouse_bsg_dag.py                           1           0  0.49s           2026-02-18T19:40:11
================================================================================
[2026-02-18T19:41:02.365+0000] {manager.py:878} INFO - 
================================================================================
DAG File Processing Stats

File Path                               PID    Runtime      # DAGs    # Errors  Last Runtime    Last Run
--------------------------------------  -----  ---------  --------  ----------  --------------  -------------------
/opt/airflow/dags/lakehouse_bsg_dag.py                           1           0  0.10s           2026-02-18T19:40:43
================================================================================
[2026-02-18T19:41:34.922+0000] {manager.py:737} INFO - Searching for files in /opt/airflow/dags
[2026-02-18T19:41:34.938+0000] {manager.py:740} INFO - There are 1 files in /opt/airflow/dags
[2026-02-18T19:41:35.956+0000] {manager.py:878} INFO - 
================================================================================
DAG File Processing Stats

File Path                               PID    Runtime      # DAGs    # Errors  Last Runtime    Last Run
--------------------------------------  -----  ---------  --------  ----------  --------------  -------------------
/opt/airflow/dags/lakehouse_bsg_dag.py                           1           0  0.09s           2026-02-18T19:41:16
================================================================================
[2026-02-18T19:42:09.389+0000] {manager.py:878} INFO - 
================================================================================
DAG File Processing Stats

File Path                               PID    Runtime      # DAGs    # Errors  Last Runtime    Last Run
--------------------------------------  -----  ---------  --------  ----------  --------------  -------------------
/opt/airflow/dags/lakehouse_bsg_dag.py                           1           0  0.10s           2026-02-18T19:41:50
================================================================================
[2026-02-18T19:42:43.034+0000] {manager.py:878} INFO - 
================================================================================
DAG File Processing Stats

File Path                               PID    Runtime      # DAGs    # Errors  Last Runtime    Last Run
--------------------------------------  -----  ---------  --------  ----------  --------------  -------------------
/opt/airflow/dags/lakehouse_bsg_dag.py                           1           0  0.10s           2026-02-18T19:42:23
================================================================================
[2026-02-18T19:43:16.556+0000] {manager.py:878} INFO - 
================================================================================
DAG File Processing Stats

File Path                               PID    Runtime      # DAGs    # Errors  Last Runtime    Last Run
--------------------------------------  -----  ---------  --------  ----------  --------------  -------------------
/opt/airflow/dags/lakehouse_bsg_dag.py                           1           0  0.18s           2026-02-18T19:42:57
================================================================================
[2026-02-18T19:43:50.098+0000] {manager.py:878} INFO - 
================================================================================
DAG File Processing Stats

File Path                               PID    Runtime      # DAGs    # Errors  Last Runtime    Last Run
--------------------------------------  -----  ---------  --------  ----------  --------------  -------------------
/opt/airflow/dags/lakehouse_bsg_dag.py                           1           0  0.16s           2026-02-18T19:43:30
================================================================================
[2026-02-18T19:44:23.804+0000] {manager.py:878} INFO - 
================================================================================
DAG File Processing Stats

File Path                               PID    Runtime      # DAGs    # Errors  Last Runtime    Last Run
--------------------------------------  -----  ---------  --------  ----------  --------------  -------------------
/opt/airflow/dags/lakehouse_bsg_dag.py                           1           0  0.35s           2026-02-18T19:44:03
================================================================================
[2026-02-18T19:44:57.499+0000] {manager.py:878} INFO - 
================================================================================
DAG File Processing Stats

File Path                               PID    Runtime      # DAGs    # Errors  Last Runtime    Last Run
--------------------------------------  -----  ---------  --------  ----------  --------------  -------------------
/opt/airflow/dags/lakehouse_bsg_dag.py                           1           0  0.12s           2026-02-18T19:44:37
================================================================================
[2026-02-18T19:45:31.027+0000] {manager.py:878} INFO - 
================================================================================
DAG File Processing Stats

File Path                               PID    Runtime      # DAGs    # Errors  Last Runtime    Last Run
--------------------------------------  -----  ---------  --------  ----------  --------------  -------------------
/opt/airflow/dags/lakehouse_bsg_dag.py                           1           0  0.13s           2026-02-18T19:45:11
================================================================================
[2026-02-18T19:46:05.019+0000] {manager.py:878} INFO - 
================================================================================
DAG File Processing Stats

File Path                               PID    Runtime      # DAGs    # Errors  Last Runtime    Last Run
--------------------------------------  -----  ---------  --------  ----------  --------------  -------------------
/opt/airflow/dags/lakehouse_bsg_dag.py                           1           0  1.08s           2026-02-18T19:45:44
================================================================================
[2026-02-18T19:46:35.534+0000] {manager.py:737} INFO - Searching for files in /opt/airflow/dags
[2026-02-18T19:46:35.812+0000] {manager.py:740} INFO - There are 1 files in /opt/airflow/dags
[2026-02-18T19:46:39.278+0000] {manager.py:878} INFO - 
================================================================================
DAG File Processing Stats

File Path                               PID    Runtime      # DAGs    # Errors  Last Runtime    Last Run
--------------------------------------  -----  ---------  --------  ----------  --------------  -------------------
/opt/airflow/dags/lakehouse_bsg_dag.py                           1           0  0.12s           2026-02-18T19:46:17
================================================================================
[2026-02-18T19:47:12.934+0000] {manager.py:878} INFO - 
================================================================================
DAG File Processing Stats

File Path                               PID    Runtime      # DAGs    # Errors  Last Runtime    Last Run
--------------------------------------  -----  ---------  --------  ----------  --------------  -------------------
/opt/airflow/dags/lakehouse_bsg_dag.py                           1           0  1.15s           2026-02-18T19:46:51
================================================================================
[2026-02-18T19:47:46.531+0000] {manager.py:878} INFO - 
================================================================================
DAG File Processing Stats

File Path                               PID    Runtime      # DAGs    # Errors  Last Runtime    Last Run
--------------------------------------  -----  ---------  --------  ----------  --------------  -------------------
/opt/airflow/dags/lakehouse_bsg_dag.py                           1           0  0.19s           2026-02-18T19:47:23
================================================================================
[2026-02-18T19:48:20.345+0000] {manager.py:878} INFO - 
================================================================================
DAG File Processing Stats

File Path                               PID    Runtime      # DAGs    # Errors  Last Runtime    Last Run
--------------------------------------  -----  ---------  --------  ----------  --------------  -------------------
/opt/airflow/dags/lakehouse_bsg_dag.py                           1           0  0.17s           2026-02-18T19:47:57
================================================================================
[2026-02-18T19:48:53.962+0000] {manager.py:878} INFO - 
================================================================================
DAG File Processing Stats

File Path                               PID    Runtime      # DAGs    # Errors  Last Runtime    Last Run
--------------------------------------  -----  ---------  --------  ----------  --------------  -------------------
/opt/airflow/dags/lakehouse_bsg_dag.py                           1           0  0.24s           2026-02-18T19:48:31
================================================================================
[2026-02-18T19:49:27.387+0000] {manager.py:878} INFO - 
================================================================================
DAG File Processing Stats

File Path                               PID    Runtime      # DAGs    # Errors  Last Runtime    Last Run
--------------------------------------  -----  ---------  --------  ----------  --------------  -------------------
/opt/airflow/dags/lakehouse_bsg_dag.py                           1           0  0.28s           2026-02-18T19:49:03
================================================================================
[2026-02-18T19:50:00.765+0000] {manager.py:878} INFO - 
================================================================================
DAG File Processing Stats

File Path                               PID    Runtime      # DAGs    # Errors  Last Runtime    Last Run
--------------------------------------  -----  ---------  --------  ----------  --------------  -------------------
/opt/airflow/dags/lakehouse_bsg_dag.py                           1           0  0.36s           2026-02-18T19:49:38
================================================================================
[2026-02-18T19:50:34.593+0000] {manager.py:878} INFO - 
================================================================================
DAG File Processing Stats

File Path                               PID    Runtime      # DAGs    # Errors  Last Runtime    Last Run
--------------------------------------  -----  ---------  --------  ----------  --------------  -------------------
/opt/airflow/dags/lakehouse_bsg_dag.py                           1           0  1.68s           2026-02-18T19:50:13
================================================================================
[2026-02-18T19:51:09.150+0000] {manager.py:878} INFO - 
================================================================================
DAG File Processing Stats

File Path                               PID    Runtime      # DAGs    # Errors  Last Runtime    Last Run
--------------------------------------  -----  ---------  --------  ----------  --------------  -------------------
/opt/airflow/dags/lakehouse_bsg_dag.py                           1           0  3.41s           2026-02-18T19:50:49
================================================================================
[2026-02-18T19:51:36.400+0000] {manager.py:737} INFO - Searching for files in /opt/airflow/dags
[2026-02-18T19:51:40.788+0000] {manager.py:740} INFO - There are 1 files in /opt/airflow/dags
[2026-02-18T19:51:43.223+0000] {manager.py:878} INFO - 
================================================================================
DAG File Processing Stats

File Path                               PID    Runtime      # DAGs    # Errors  Last Runtime    Last Run
--------------------------------------  -----  ---------  --------  ----------  --------------  -------------------
/opt/airflow/dags/lakehouse_bsg_dag.py                           1           0  2.71s           2026-02-18T19:51:23
================================================================================
[2026-02-18T19:52:17.188+0000] {manager.py:878} INFO - 
================================================================================
DAG File Processing Stats

File Path                               PID    Runtime      # DAGs    # Errors  Last Runtime    Last Run
--------------------------------------  -----  ---------  --------  ----------  --------------  -------------------
/opt/airflow/dags/lakehouse_bsg_dag.py                           1           0  4.56s           2026-02-18T19:51:58
================================================================================
[2026-02-18T20:20:02.838+0000] {manager.py:737} INFO - Searching for files in /opt/airflow/dags
[2026-02-18T20:20:03.626+0000] {manager.py:740} INFO - There are 1 files in /opt/airflow/dags
[2026-02-18T22:27:39.791+0000] {manager.py:737} INFO - Searching for files in /opt/airflow/dags
[2026-02-18T22:27:39.942+0000] {manager.py:740} INFO - There are 1 files in /opt/airflow/dags
[2026-02-18T22:27:46.882+0000] {manager.py:878} INFO - 
================================================================================
DAG File Processing Stats

File Path                               PID    Runtime      # DAGs    # Errors  Last Runtime    Last Run
--------------------------------------  -----  ---------  --------  ----------  --------------  -------------------
/opt/airflow/dags/lakehouse_bsg_dag.py                           1           0  2.62s           2026-02-18T22:27:42
================================================================================
[2026-02-18T22:28:31.074+0000] {manager.py:878} INFO - 
================================================================================
DAG File Processing Stats

File Path                               PID    Runtime      # DAGs    # Errors  Last Runtime    Last Run
--------------------------------------  -----  ---------  --------  ----------  --------------  -------------------
/opt/airflow/dags/lakehouse_bsg_dag.py                           1           0  2.62s           2026-02-18T22:27:42
================================================================================
[2026-02-18T22:29:01.629+0000] {manager.py:878} INFO - 
================================================================================
DAG File Processing Stats

File Path                               PID    Runtime      # DAGs    # Errors  Last Runtime    Last Run
--------------------------------------  -----  ---------  --------  ----------  --------------  -------------------
/opt/airflow/dags/lakehouse_bsg_dag.py                           1           0  4.71s           2026-02-18T22:28:44
================================================================================
[2026-02-18T22:29:35.061+0000] {manager.py:878} INFO - 
================================================================================
DAG File Processing Stats

File Path                               PID    Runtime      # DAGs    # Errors  Last Runtime    Last Run
--------------------------------------  -----  ---------  --------  ----------  --------------  -------------------
/opt/airflow/dags/lakehouse_bsg_dag.py                           1           0  1.40s           2026-02-18T22:29:16
================================================================================
[2026-02-18T22:30:15.258+0000] {manager.py:878} INFO - 
================================================================================
DAG File Processing Stats

File Path                               PID    Runtime      # DAGs    # Errors  Last Runtime    Last Run
--------------------------------------  -----  ---------  --------  ----------  --------------  -------------------
/opt/airflow/dags/lakehouse_bsg_dag.py                           1           0  0.10s           2026-02-18T22:29:46
================================================================================
[2026-02-18T22:30:48.784+0000] {manager.py:878} INFO - 
================================================================================
DAG File Processing Stats

File Path                                 PID  Runtime      # DAGs    # Errors  Last Runtime    Last Run
--------------------------------------  -----  ---------  --------  ----------  --------------  -------------------
/opt/airflow/dags/lakehouse_bsg_dag.py   3479  0.00s             1           0  0.10s           2026-02-18T22:30:17
================================================================================
[2026-02-18T22:31:22.336+0000] {manager.py:878} INFO - 
================================================================================
DAG File Processing Stats

File Path                                 PID  Runtime      # DAGs    # Errors  Last Runtime    Last Run
--------------------------------------  -----  ---------  --------  ----------  --------------  -------------------
/opt/airflow/dags/lakehouse_bsg_dag.py   3484  0.01s             1           0  0.09s           2026-02-18T22:30:48
================================================================================
[2026-02-18T22:31:55.837+0000] {manager.py:878} INFO - 
================================================================================
DAG File Processing Stats

File Path                                 PID  Runtime      # DAGs    # Errors  Last Runtime    Last Run
--------------------------------------  -----  ---------  --------  ----------  --------------  -------------------
/opt/airflow/dags/lakehouse_bsg_dag.py   3489  0.00s             1           0  0.09s           2026-02-18T22:31:22
================================================================================
[2026-02-18T22:32:29.399+0000] {manager.py:878} INFO - 
================================================================================
DAG File Processing Stats

File Path                                 PID  Runtime      # DAGs    # Errors  Last Runtime    Last Run
--------------------------------------  -----  ---------  --------  ----------  --------------  -------------------
/opt/airflow/dags/lakehouse_bsg_dag.py   3494  0.00s             1           0  0.09s           2026-02-18T22:31:55
================================================================================
[2026-02-18T22:32:40.454+0000] {manager.py:737} INFO - Searching for files in /opt/airflow/dags
[2026-02-18T22:32:40.473+0000] {manager.py:740} INFO - There are 1 files in /opt/airflow/dags
[2026-02-18T22:33:02.946+0000] {manager.py:878} INFO - 
================================================================================
DAG File Processing Stats

File Path                               PID    Runtime      # DAGs    # Errors  Last Runtime    Last Run
--------------------------------------  -----  ---------  --------  ----------  --------------  -------------------
/opt/airflow/dags/lakehouse_bsg_dag.py                           1           0  0.09s           2026-02-18T22:33:01
================================================================================
[2026-02-18T22:33:36.443+0000] {manager.py:878} INFO - 
================================================================================
DAG File Processing Stats

File Path                               PID    Runtime      # DAGs    # Errors  Last Runtime    Last Run
--------------------------------------  -----  ---------  --------  ----------  --------------  -------------------
/opt/airflow/dags/lakehouse_bsg_dag.py                           1           0  0.09s           2026-02-18T22:33:35
================================================================================
[2026-02-18T22:34:09.964+0000] {manager.py:878} INFO - 
================================================================================
DAG File Processing Stats

File Path                               PID    Runtime      # DAGs    # Errors  Last Runtime    Last Run
--------------------------------------  -----  ---------  --------  ----------  --------------  -------------------
/opt/airflow/dags/lakehouse_bsg_dag.py                           1           0  0.12s           2026-02-18T22:34:09
================================================================================
[2026-02-18T22:34:44.095+0000] {manager.py:878} INFO - 
================================================================================
DAG File Processing Stats

File Path                               PID    Runtime      # DAGs    # Errors  Last Runtime    Last Run
--------------------------------------  -----  ---------  --------  ----------  --------------  -------------------
/opt/airflow/dags/lakehouse_bsg_dag.py                           1           0  0.11s           2026-02-18T22:34:42
================================================================================
[2026-02-18T22:35:17.618+0000] {manager.py:878} INFO - 
================================================================================
DAG File Processing Stats

File Path                               PID    Runtime      # DAGs    # Errors  Last Runtime    Last Run
--------------------------------------  -----  ---------  --------  ----------  --------------  -------------------
/opt/airflow/dags/lakehouse_bsg_dag.py                           1           0  0.11s           2026-02-18T22:35:15
================================================================================
[2026-02-18T22:35:51.103+0000] {manager.py:878} INFO - 
================================================================================
DAG File Processing Stats

File Path                               PID    Runtime      # DAGs    # Errors  Last Runtime    Last Run
--------------------------------------  -----  ---------  --------  ----------  --------------  -------------------
/opt/airflow/dags/lakehouse_bsg_dag.py                           1           0  0.09s           2026-02-18T22:35:49
================================================================================
[2026-02-18T22:36:24.656+0000] {manager.py:878} INFO - 
================================================================================
DAG File Processing Stats

File Path                               PID    Runtime      # DAGs    # Errors  Last Runtime    Last Run
--------------------------------------  -----  ---------  --------  ----------  --------------  -------------------
/opt/airflow/dags/lakehouse_bsg_dag.py                           1           0  0.08s           2026-02-18T22:36:22
================================================================================
[2026-02-18T22:36:58.180+0000] {manager.py:878} INFO - 
================================================================================
DAG File Processing Stats

File Path                               PID    Runtime      # DAGs    # Errors  Last Runtime    Last Run
--------------------------------------  -----  ---------  --------  ----------  --------------  -------------------
/opt/airflow/dags/lakehouse_bsg_dag.py                           1           0  0.14s           2026-02-18T22:36:55
================================================================================
[2026-02-18T22:37:31.690+0000] {manager.py:878} INFO - 
================================================================================
DAG File Processing Stats

File Path                               PID    Runtime      # DAGs    # Errors  Last Runtime    Last Run
--------------------------------------  -----  ---------  --------  ----------  --------------  -------------------
/opt/airflow/dags/lakehouse_bsg_dag.py                           1           0  0.08s           2026-02-18T22:37:28
================================================================================
[2026-02-18T22:37:40.742+0000] {manager.py:737} INFO - Searching for files in /opt/airflow/dags
[2026-02-18T22:37:40.762+0000] {manager.py:740} INFO - There are 1 files in /opt/airflow/dags
[2026-02-18T22:43:57.063+0000] {manager.py:737} INFO - Searching for files in /opt/airflow/dags
[2026-02-18T22:43:57.103+0000] {manager.py:740} INFO - There are 1 files in /opt/airflow/dags
[2026-02-18T22:44:16.821+0000] {manager.py:878} INFO - 
================================================================================
DAG File Processing Stats

File Path                               PID    Runtime      # DAGs    # Errors  Last Runtime    Last Run
--------------------------------------  -----  ---------  --------  ----------  --------------  -------------------
/opt/airflow/dags/lakehouse_bsg_dag.py                           1           0  0.28s           2026-02-18T22:44:04
================================================================================
[2026-02-18T22:44:51.122+0000] {manager.py:878} INFO - 
================================================================================
DAG File Processing Stats

File Path                                 PID  Runtime      # DAGs    # Errors  Last Runtime    Last Run
--------------------------------------  -----  ---------  --------  ----------  --------------  -------------------
/opt/airflow/dags/lakehouse_bsg_dag.py   3549  16.71s            1           0  0.28s           2026-02-18T22:44:04
================================================================================
[2026-02-18T22:45:25.199+0000] {manager.py:878} INFO - 
================================================================================
DAG File Processing Stats

File Path                               PID    Runtime      # DAGs    # Errors  Last Runtime    Last Run
--------------------------------------  -----  ---------  --------  ----------  --------------  -------------------
/opt/airflow/dags/lakehouse_bsg_dag.py                           1           0  0.21s           2026-02-18T22:45:24
================================================================================
[2026-02-18T22:45:58.837+0000] {manager.py:878} INFO - 
================================================================================
DAG File Processing Stats

File Path                               PID    Runtime      # DAGs    # Errors  Last Runtime    Last Run
--------------------------------------  -----  ---------  --------  ----------  --------------  -------------------
/opt/airflow/dags/lakehouse_bsg_dag.py                           1           0  0.10s           2026-02-18T22:45:55
================================================================================
[2026-02-18T22:46:32.385+0000] {manager.py:878} INFO - 
================================================================================
DAG File Processing Stats

File Path                               PID    Runtime      # DAGs    # Errors  Last Runtime    Last Run
--------------------------------------  -----  ---------  --------  ----------  --------------  -------------------
/opt/airflow/dags/lakehouse_bsg_dag.py                           1           0  0.11s           2026-02-18T22:46:29
================================================================================
[2026-02-18T22:47:05.877+0000] {manager.py:878} INFO - 
================================================================================
DAG File Processing Stats

File Path                               PID    Runtime      # DAGs    # Errors  Last Runtime    Last Run
--------------------------------------  -----  ---------  --------  ----------  --------------  -------------------
/opt/airflow/dags/lakehouse_bsg_dag.py                           1           0  0.09s           2026-02-18T22:47:02
================================================================================
[2026-02-18T22:47:39.403+0000] {manager.py:878} INFO - 
================================================================================
DAG File Processing Stats

File Path                               PID    Runtime      # DAGs    # Errors  Last Runtime    Last Run
--------------------------------------  -----  ---------  --------  ----------  --------------  -------------------
/opt/airflow/dags/lakehouse_bsg_dag.py                           1           0  0.10s           2026-02-18T22:47:36
================================================================================
[2026-02-18T22:48:12.904+0000] {manager.py:878} INFO - 
================================================================================
DAG File Processing Stats

File Path                               PID    Runtime      # DAGs    # Errors  Last Runtime    Last Run
--------------------------------------  -----  ---------  --------  ----------  --------------  -------------------
/opt/airflow/dags/lakehouse_bsg_dag.py                           1           0  0.09s           2026-02-18T22:48:09
================================================================================
[2026-02-18T22:48:46.447+0000] {manager.py:878} INFO - 
================================================================================
DAG File Processing Stats

File Path                               PID    Runtime      # DAGs    # Errors  Last Runtime    Last Run
--------------------------------------  -----  ---------  --------  ----------  --------------  -------------------
/opt/airflow/dags/lakehouse_bsg_dag.py                           1           0  0.09s           2026-02-18T22:48:43
================================================================================
[2026-02-18T22:48:57.491+0000] {manager.py:737} INFO - Searching for files in /opt/airflow/dags
[2026-02-18T22:48:57.512+0000] {manager.py:740} INFO - There are 1 files in /opt/airflow/dags
[2026-02-18T22:49:19.976+0000] {manager.py:878} INFO - 
================================================================================
DAG File Processing Stats

File Path                               PID    Runtime      # DAGs    # Errors  Last Runtime    Last Run
--------------------------------------  -----  ---------  --------  ----------  --------------  -------------------
/opt/airflow/dags/lakehouse_bsg_dag.py                           1           0  0.10s           2026-02-18T22:49:16
================================================================================
[2026-02-18T22:49:53.528+0000] {manager.py:878} INFO - 
================================================================================
DAG File Processing Stats

File Path                               PID    Runtime      # DAGs    # Errors  Last Runtime    Last Run
--------------------------------------  -----  ---------  --------  ----------  --------------  -------------------
/opt/airflow/dags/lakehouse_bsg_dag.py                           1           0  0.10s           2026-02-18T22:49:49
================================================================================
[2026-02-18T22:50:27.045+0000] {manager.py:878} INFO - 
================================================================================
DAG File Processing Stats

File Path                               PID    Runtime      # DAGs    # Errors  Last Runtime    Last Run
--------------------------------------  -----  ---------  --------  ----------  --------------  -------------------
/opt/airflow/dags/lakehouse_bsg_dag.py                           1           0  0.09s           2026-02-18T22:50:23
================================================================================
[2026-02-18T22:51:00.606+0000] {manager.py:878} INFO - 
================================================================================
DAG File Processing Stats

File Path                               PID    Runtime      # DAGs    # Errors  Last Runtime    Last Run
--------------------------------------  -----  ---------  --------  ----------  --------------  -------------------
/opt/airflow/dags/lakehouse_bsg_dag.py                           1           0  0.09s           2026-02-18T22:50:56
================================================================================
[2026-02-18T22:51:34.094+0000] {manager.py:878} INFO - 
================================================================================
DAG File Processing Stats

File Path                               PID    Runtime      # DAGs    # Errors  Last Runtime    Last Run
--------------------------------------  -----  ---------  --------  ----------  --------------  -------------------
/opt/airflow/dags/lakehouse_bsg_dag.py                           1           0  0.09s           2026-02-18T22:51:30
================================================================================
[2026-02-18T22:52:07.622+0000] {manager.py:878} INFO - 
================================================================================
DAG File Processing Stats

File Path                               PID    Runtime      # DAGs    # Errors  Last Runtime    Last Run
--------------------------------------  -----  ---------  --------  ----------  --------------  -------------------
/opt/airflow/dags/lakehouse_bsg_dag.py                           1           0  0.10s           2026-02-18T22:52:02
================================================================================
[2026-02-18T22:52:41.217+0000] {manager.py:878} INFO - 
================================================================================
DAG File Processing Stats

File Path                               PID    Runtime      # DAGs    # Errors  Last Runtime    Last Run
--------------------------------------  -----  ---------  --------  ----------  --------------  -------------------
/opt/airflow/dags/lakehouse_bsg_dag.py                           1           0  0.09s           2026-02-18T22:52:36
================================================================================
[2026-02-18T22:53:14.719+0000] {manager.py:878} INFO - 
================================================================================
DAG File Processing Stats

File Path                               PID    Runtime      # DAGs    # Errors  Last Runtime    Last Run
--------------------------------------  -----  ---------  --------  ----------  --------------  -------------------
/opt/airflow/dags/lakehouse_bsg_dag.py                           1           0  0.09s           2026-02-18T22:53:09
================================================================================
[2026-02-18T22:53:48.246+0000] {manager.py:878} INFO - 
================================================================================
DAG File Processing Stats

File Path                               PID    Runtime      # DAGs    # Errors  Last Runtime    Last Run
--------------------------------------  -----  ---------  --------  ----------  --------------  -------------------
/opt/airflow/dags/lakehouse_bsg_dag.py                           1           0  0.10s           2026-02-18T22:53:43
================================================================================
[2026-02-18T22:53:58.292+0000] {manager.py:737} INFO - Searching for files in /opt/airflow/dags
[2026-02-18T22:53:58.317+0000] {manager.py:740} INFO - There are 1 files in /opt/airflow/dags
[2026-02-18T22:54:21.773+0000] {manager.py:878} INFO - 
================================================================================
DAG File Processing Stats

File Path                               PID    Runtime      # DAGs    # Errors  Last Runtime    Last Run
--------------------------------------  -----  ---------  --------  ----------  --------------  -------------------
/opt/airflow/dags/lakehouse_bsg_dag.py                           1           0  0.09s           2026-02-18T22:54:16
================================================================================
[2026-02-18T22:54:55.308+0000] {manager.py:878} INFO - 
================================================================================
DAG File Processing Stats

File Path                               PID    Runtime      # DAGs    # Errors  Last Runtime    Last Run
--------------------------------------  -----  ---------  --------  ----------  --------------  -------------------
/opt/airflow/dags/lakehouse_bsg_dag.py                           1           0  0.09s           2026-02-18T22:54:49
================================================================================
[2026-02-18T22:55:28.784+0000] {manager.py:878} INFO - 
================================================================================
DAG File Processing Stats

File Path                               PID    Runtime      # DAGs    # Errors  Last Runtime    Last Run
--------------------------------------  -----  ---------  --------  ----------  --------------  -------------------
/opt/airflow/dags/lakehouse_bsg_dag.py                           1           0  0.10s           2026-02-18T22:55:22
================================================================================
[2026-02-18T22:56:02.322+0000] {manager.py:878} INFO - 
================================================================================
DAG File Processing Stats

File Path                               PID    Runtime      # DAGs    # Errors  Last Runtime    Last Run
--------------------------------------  -----  ---------  --------  ----------  --------------  -------------------
/opt/airflow/dags/lakehouse_bsg_dag.py                           1           0  0.11s           2026-02-18T22:55:56
================================================================================
[2026-02-18T22:56:35.812+0000] {manager.py:878} INFO - 
================================================================================
DAG File Processing Stats

File Path                               PID    Runtime      # DAGs    # Errors  Last Runtime    Last Run
--------------------------------------  -----  ---------  --------  ----------  --------------  -------------------
/opt/airflow/dags/lakehouse_bsg_dag.py                           1           0  0.10s           2026-02-18T22:56:29
================================================================================
[2026-02-18T22:57:09.365+0000] {manager.py:878} INFO - 
================================================================================
DAG File Processing Stats

File Path                               PID    Runtime      # DAGs    # Errors  Last Runtime    Last Run
--------------------------------------  -----  ---------  --------  ----------  --------------  -------------------
/opt/airflow/dags/lakehouse_bsg_dag.py                           1           0  0.10s           2026-02-18T22:57:03
================================================================================
[2026-02-18T22:57:42.872+0000] {manager.py:878} INFO - 
================================================================================
DAG File Processing Stats

File Path                               PID    Runtime      # DAGs    # Errors  Last Runtime    Last Run
--------------------------------------  -----  ---------  --------  ----------  --------------  -------------------
/opt/airflow/dags/lakehouse_bsg_dag.py                           1           0  0.09s           2026-02-18T22:57:36
================================================================================
[2026-02-18T22:58:16.386+0000] {manager.py:878} INFO - 
================================================================================
DAG File Processing Stats

File Path                               PID    Runtime      # DAGs    # Errors  Last Runtime    Last Run
--------------------------------------  -----  ---------  --------  ----------  --------------  -------------------
/opt/airflow/dags/lakehouse_bsg_dag.py                           1           0  0.10s           2026-02-18T22:58:09
================================================================================
[2026-02-18T22:58:49.902+0000] {manager.py:878} INFO - 
================================================================================
DAG File Processing Stats

File Path                               PID    Runtime      # DAGs    # Errors  Last Runtime    Last Run
--------------------------------------  -----  ---------  --------  ----------  --------------  -------------------
/opt/airflow/dags/lakehouse_bsg_dag.py                           1           0  0.09s           2026-02-18T22:58:42
================================================================================
[2026-02-18T22:58:58.943+0000] {manager.py:737} INFO - Searching for files in /opt/airflow/dags
[2026-02-18T22:58:58.989+0000] {manager.py:740} INFO - There are 1 files in /opt/airflow/dags
[2026-02-18T22:59:23.480+0000] {manager.py:878} INFO - 
================================================================================
DAG File Processing Stats

File Path                               PID    Runtime      # DAGs    # Errors  Last Runtime    Last Run
--------------------------------------  -----  ---------  --------  ----------  --------------  -------------------
/opt/airflow/dags/lakehouse_bsg_dag.py                           1           0  0.09s           2026-02-18T22:59:16
================================================================================
[2026-02-18T22:59:57.023+0000] {manager.py:878} INFO - 
================================================================================
DAG File Processing Stats

File Path                               PID    Runtime      # DAGs    # Errors  Last Runtime    Last Run
--------------------------------------  -----  ---------  --------  ----------  --------------  -------------------
/opt/airflow/dags/lakehouse_bsg_dag.py                           1           0  0.10s           2026-02-18T22:59:50
================================================================================
[2026-02-18T23:00:30.516+0000] {manager.py:878} INFO - 
================================================================================
DAG File Processing Stats

File Path                               PID    Runtime      # DAGs    # Errors  Last Runtime    Last Run
--------------------------------------  -----  ---------  --------  ----------  --------------  -------------------
/opt/airflow/dags/lakehouse_bsg_dag.py                           1           0  0.11s           2026-02-18T23:00:23
================================================================================
[2026-02-18T23:01:04.078+0000] {manager.py:878} INFO - 
================================================================================
DAG File Processing Stats

File Path                               PID    Runtime      # DAGs    # Errors  Last Runtime    Last Run
--------------------------------------  -----  ---------  --------  ----------  --------------  -------------------
/opt/airflow/dags/lakehouse_bsg_dag.py                           1           0  0.10s           2026-02-18T23:00:56
================================================================================
[2026-02-18T23:01:37.586+0000] {manager.py:878} INFO - 
================================================================================
DAG File Processing Stats

File Path                               PID    Runtime      # DAGs    # Errors  Last Runtime    Last Run
--------------------------------------  -----  ---------  --------  ----------  --------------  -------------------
/opt/airflow/dags/lakehouse_bsg_dag.py                           1           0  0.09s           2026-02-18T23:01:29
================================================================================
[2026-02-18T23:02:11.128+0000] {manager.py:878} INFO - 
================================================================================
DAG File Processing Stats

File Path                               PID    Runtime      # DAGs    # Errors  Last Runtime    Last Run
--------------------------------------  -----  ---------  --------  ----------  --------------  -------------------
/opt/airflow/dags/lakehouse_bsg_dag.py                           1           0  0.10s           2026-02-18T23:02:03
================================================================================
[2026-02-18T23:02:44.636+0000] {manager.py:878} INFO - 
================================================================================
DAG File Processing Stats

File Path                               PID    Runtime      # DAGs    # Errors  Last Runtime    Last Run
--------------------------------------  -----  ---------  --------  ----------  --------------  -------------------
/opt/airflow/dags/lakehouse_bsg_dag.py                           1           0  0.10s           2026-02-18T23:02:36
================================================================================
[2026-02-18T23:03:18.154+0000] {manager.py:878} INFO - 
================================================================================
DAG File Processing Stats

File Path                               PID    Runtime      # DAGs    # Errors  Last Runtime    Last Run
--------------------------------------  -----  ---------  --------  ----------  --------------  -------------------
/opt/airflow/dags/lakehouse_bsg_dag.py                           1           0  0.12s           2026-02-18T23:03:10
================================================================================
[2026-02-18T23:03:51.701+0000] {manager.py:878} INFO - 
================================================================================
DAG File Processing Stats

File Path                               PID    Runtime      # DAGs    # Errors  Last Runtime    Last Run
--------------------------------------  -----  ---------  --------  ----------  --------------  -------------------
/opt/airflow/dags/lakehouse_bsg_dag.py                           1           0  0.15s           2026-02-18T23:03:42
================================================================================
[2026-02-18T23:03:59.735+0000] {manager.py:737} INFO - Searching for files in /opt/airflow/dags
[2026-02-18T23:03:59.756+0000] {manager.py:740} INFO - There are 1 files in /opt/airflow/dags
[2026-02-18T23:04:25.205+0000] {manager.py:878} INFO - 
================================================================================
DAG File Processing Stats

File Path                               PID    Runtime      # DAGs    # Errors  Last Runtime    Last Run
--------------------------------------  -----  ---------  --------  ----------  --------------  -------------------
/opt/airflow/dags/lakehouse_bsg_dag.py                           1           0  0.10s           2026-02-18T23:04:16
================================================================================
[2026-02-18T23:04:58.760+0000] {manager.py:878} INFO - 
================================================================================
DAG File Processing Stats

File Path                               PID    Runtime      # DAGs    # Errors  Last Runtime    Last Run
--------------------------------------  -----  ---------  --------  ----------  --------------  -------------------
/opt/airflow/dags/lakehouse_bsg_dag.py                           1           0  0.10s           2026-02-18T23:04:49
================================================================================
[2026-02-18T23:05:32.228+0000] {manager.py:878} INFO - 
================================================================================
DAG File Processing Stats

File Path                               PID    Runtime      # DAGs    # Errors  Last Runtime    Last Run
--------------------------------------  -----  ---------  --------  ----------  --------------  -------------------
/opt/airflow/dags/lakehouse_bsg_dag.py                           1           0  0.09s           2026-02-18T23:05:23
================================================================================
[2026-02-18T23:06:05.782+0000] {manager.py:878} INFO - 
================================================================================
DAG File Processing Stats

File Path                               PID    Runtime      # DAGs    # Errors  Last Runtime    Last Run
--------------------------------------  -----  ---------  --------  ----------  --------------  -------------------
/opt/airflow/dags/lakehouse_bsg_dag.py                           1           0  0.10s           2026-02-18T23:05:56
================================================================================
[2026-02-18T23:06:39.256+0000] {manager.py:878} INFO - 
================================================================================
DAG File Processing Stats

File Path                               PID    Runtime      # DAGs    # Errors  Last Runtime    Last Run
--------------------------------------  -----  ---------  --------  ----------  --------------  -------------------
/opt/airflow/dags/lakehouse_bsg_dag.py                           1           0  0.10s           2026-02-18T23:06:30
================================================================================
[2026-02-18T23:07:12.833+0000] {manager.py:878} INFO - 
================================================================================
DAG File Processing Stats

File Path                               PID    Runtime      # DAGs    # Errors  Last Runtime    Last Run
--------------------------------------  -----  ---------  --------  ----------  --------------  -------------------
/opt/airflow/dags/lakehouse_bsg_dag.py                           1           0  0.11s           2026-02-18T23:07:02
================================================================================
[2026-02-18T23:07:46.324+0000] {manager.py:878} INFO - 
================================================================================
DAG File Processing Stats

File Path                               PID    Runtime      # DAGs    # Errors  Last Runtime    Last Run
--------------------------------------  -----  ---------  --------  ----------  --------------  -------------------
/opt/airflow/dags/lakehouse_bsg_dag.py                           1           0  0.10s           2026-02-18T23:07:36
================================================================================
[2026-02-18T23:08:19.878+0000] {manager.py:878} INFO - 
================================================================================
DAG File Processing Stats

File Path                               PID    Runtime      # DAGs    # Errors  Last Runtime    Last Run
--------------------------------------  -----  ---------  --------  ----------  --------------  -------------------
/opt/airflow/dags/lakehouse_bsg_dag.py                           1           0  0.09s           2026-02-18T23:08:09
================================================================================
[2026-02-18T23:08:53.374+0000] {manager.py:878} INFO - 
================================================================================
DAG File Processing Stats

File Path                               PID    Runtime      # DAGs    # Errors  Last Runtime    Last Run
--------------------------------------  -----  ---------  --------  ----------  --------------  -------------------
/opt/airflow/dags/lakehouse_bsg_dag.py                           1           0  0.10s           2026-02-18T23:08:43
================================================================================
[2026-02-18T23:09:00.411+0000] {manager.py:737} INFO - Searching for files in /opt/airflow/dags
[2026-02-18T23:09:00.425+0000] {manager.py:740} INFO - There are 1 files in /opt/airflow/dags
[2026-02-18T23:09:26.946+0000] {manager.py:878} INFO - 
================================================================================
DAG File Processing Stats

File Path                               PID    Runtime      # DAGs    # Errors  Last Runtime    Last Run
--------------------------------------  -----  ---------  --------  ----------  --------------  -------------------
/opt/airflow/dags/lakehouse_bsg_dag.py                           1           0  0.09s           2026-02-18T23:09:16
================================================================================
[2026-02-18T23:10:00.454+0000] {manager.py:878} INFO - 
================================================================================
DAG File Processing Stats

File Path                               PID    Runtime      # DAGs    # Errors  Last Runtime    Last Run
--------------------------------------  -----  ---------  --------  ----------  --------------  -------------------
/opt/airflow/dags/lakehouse_bsg_dag.py                           1           0  0.10s           2026-02-18T23:09:49
================================================================================
[2026-02-18T23:10:33.997+0000] {manager.py:878} INFO - 
================================================================================
DAG File Processing Stats

File Path                               PID    Runtime      # DAGs    # Errors  Last Runtime    Last Run
--------------------------------------  -----  ---------  --------  ----------  --------------  -------------------
/opt/airflow/dags/lakehouse_bsg_dag.py                           1           0  0.09s           2026-02-18T23:10:22
================================================================================
[2026-02-18T23:11:07.496+0000] {manager.py:878} INFO - 
================================================================================
DAG File Processing Stats

File Path                               PID    Runtime      # DAGs    # Errors  Last Runtime    Last Run
--------------------------------------  -----  ---------  --------  ----------  --------------  -------------------
/opt/airflow/dags/lakehouse_bsg_dag.py                           1           0  0.09s           2026-02-18T23:10:56
================================================================================
[2026-02-18T23:11:41.046+0000] {manager.py:878} INFO - 
================================================================================
DAG File Processing Stats

File Path                               PID    Runtime      # DAGs    # Errors  Last Runtime    Last Run
--------------------------------------  -----  ---------  --------  ----------  --------------  -------------------
/opt/airflow/dags/lakehouse_bsg_dag.py                           1           0  0.09s           2026-02-18T23:11:30
================================================================================
[2026-02-18T23:12:14.557+0000] {manager.py:878} INFO - 
================================================================================
DAG File Processing Stats

File Path                               PID    Runtime      # DAGs    # Errors  Last Runtime    Last Run
--------------------------------------  -----  ---------  --------  ----------  --------------  -------------------
/opt/airflow/dags/lakehouse_bsg_dag.py                           1           0  0.09s           2026-02-18T23:12:03
================================================================================
[2026-02-18T23:12:48.096+0000] {manager.py:878} INFO - 
================================================================================
DAG File Processing Stats

File Path                               PID    Runtime      # DAGs    # Errors  Last Runtime    Last Run
--------------------------------------  -----  ---------  --------  ----------  --------------  -------------------
/opt/airflow/dags/lakehouse_bsg_dag.py                           1           0  0.10s           2026-02-18T23:12:36
================================================================================
[2026-02-18T23:13:21.601+0000] {manager.py:878} INFO - 
================================================================================
DAG File Processing Stats

File Path                               PID    Runtime      # DAGs    # Errors  Last Runtime    Last Run
--------------------------------------  -----  ---------  --------  ----------  --------------  -------------------
/opt/airflow/dags/lakehouse_bsg_dag.py                           1           0  0.10s           2026-02-18T23:13:09
================================================================================
[2026-02-18T23:13:55.111+0000] {manager.py:878} INFO - 
================================================================================
DAG File Processing Stats

File Path                               PID    Runtime      # DAGs    # Errors  Last Runtime    Last Run
--------------------------------------  -----  ---------  --------  ----------  --------------  -------------------
/opt/airflow/dags/lakehouse_bsg_dag.py                           1           0  0.10s           2026-02-18T23:13:43
================================================================================
[2026-02-18T23:14:01.142+0000] {manager.py:737} INFO - Searching for files in /opt/airflow/dags
[2026-02-18T23:14:01.167+0000] {manager.py:740} INFO - There are 1 files in /opt/airflow/dags
[2026-02-18T23:14:28.655+0000] {manager.py:878} INFO - 
================================================================================
DAG File Processing Stats

File Path                               PID    Runtime      # DAGs    # Errors  Last Runtime    Last Run
--------------------------------------  -----  ---------  --------  ----------  --------------  -------------------
/opt/airflow/dags/lakehouse_bsg_dag.py                           1           0  0.09s           2026-02-18T23:14:16
================================================================================
[2026-02-18T23:15:02.181+0000] {manager.py:878} INFO - 
================================================================================
DAG File Processing Stats

File Path                               PID    Runtime      # DAGs    # Errors  Last Runtime    Last Run
--------------------------------------  -----  ---------  --------  ----------  --------------  -------------------
/opt/airflow/dags/lakehouse_bsg_dag.py                           1           0  0.10s           2026-02-18T23:14:50
================================================================================
[2026-02-18T23:15:35.672+0000] {manager.py:878} INFO - 
================================================================================
DAG File Processing Stats

File Path                               PID    Runtime      # DAGs    # Errors  Last Runtime    Last Run
--------------------------------------  -----  ---------  --------  ----------  --------------  -------------------
/opt/airflow/dags/lakehouse_bsg_dag.py                           1           0  0.10s           2026-02-18T23:15:23
================================================================================
[2026-02-18T23:16:02.524+0000] {manager.py:878} INFO - 
================================================================================
DAG File Processing Stats

File Path                               PID    Runtime      # DAGs    # Errors  Last Runtime    Last Run
--------------------------------------  -----  ---------  --------  ----------  --------------  -------------------
/opt/airflow/dags/lakehouse_bsg_dag.py                           1           0  0.10s           2026-02-18T23:15:54
================================================================================
[2026-02-18T23:16:42.736+0000] {manager.py:878} INFO - 
================================================================================
DAG File Processing Stats

File Path                               PID    Runtime      # DAGs    # Errors  Last Runtime    Last Run
--------------------------------------  -----  ---------  --------  ----------  --------------  -------------------
/opt/airflow/dags/lakehouse_bsg_dag.py                           1           0  0.12s           2026-02-18T23:16:25
================================================================================
[2026-02-18T23:17:16.266+0000] {manager.py:878} INFO - 
================================================================================
DAG File Processing Stats

File Path                               PID    Runtime      # DAGs    # Errors  Last Runtime    Last Run
--------------------------------------  -----  ---------  --------  ----------  --------------  -------------------
/opt/airflow/dags/lakehouse_bsg_dag.py                           1           0  0.09s           2026-02-18T23:16:55
================================================================================
[2026-02-18T23:17:49.782+0000] {manager.py:878} INFO - 
================================================================================
DAG File Processing Stats

File Path                               PID    Runtime      # DAGs    # Errors  Last Runtime    Last Run
--------------------------------------  -----  ---------  --------  ----------  --------------  -------------------
/opt/airflow/dags/lakehouse_bsg_dag.py                           1           0  0.11s           2026-02-18T23:17:26
================================================================================
[2026-02-18T23:18:23.329+0000] {manager.py:878} INFO - 
================================================================================
DAG File Processing Stats

File Path                               PID    Runtime      # DAGs    # Errors  Last Runtime    Last Run
--------------------------------------  -----  ---------  --------  ----------  --------------  -------------------
/opt/airflow/dags/lakehouse_bsg_dag.py                           1           0  0.09s           2026-02-18T23:17:56
================================================================================
[2026-02-18T23:18:56.815+0000] {manager.py:878} INFO - 
================================================================================
DAG File Processing Stats

File Path                               PID    Runtime      # DAGs    # Errors  Last Runtime    Last Run
--------------------------------------  -----  ---------  --------  ----------  --------------  -------------------
/opt/airflow/dags/lakehouse_bsg_dag.py                           1           0  0.09s           2026-02-18T23:18:27
================================================================================
[2026-02-18T23:19:01.903+0000] {manager.py:737} INFO - Searching for files in /opt/airflow/dags
[2026-02-18T23:19:01.932+0000] {manager.py:740} INFO - There are 1 files in /opt/airflow/dags
[2026-02-18T23:19:30.413+0000] {manager.py:878} INFO - 
================================================================================
DAG File Processing Stats

File Path                               PID    Runtime      # DAGs    # Errors  Last Runtime    Last Run
--------------------------------------  -----  ---------  --------  ----------  --------------  -------------------
/opt/airflow/dags/lakehouse_bsg_dag.py                           1           0  0.09s           2026-02-18T23:19:28
================================================================================
[2026-02-18T23:20:03.947+0000] {manager.py:878} INFO - 
================================================================================
DAG File Processing Stats

File Path                               PID    Runtime      # DAGs    # Errors  Last Runtime    Last Run
--------------------------------------  -----  ---------  --------  ----------  --------------  -------------------
/opt/airflow/dags/lakehouse_bsg_dag.py                           1           0  0.25s           2026-02-18T23:19:59
================================================================================
[2026-02-18T23:20:37.415+0000] {manager.py:878} INFO - 
================================================================================
DAG File Processing Stats

File Path                               PID    Runtime      # DAGs    # Errors  Last Runtime    Last Run
--------------------------------------  -----  ---------  --------  ----------  --------------  -------------------
/opt/airflow/dags/lakehouse_bsg_dag.py                           1           0  0.10s           2026-02-18T23:20:29
================================================================================
[2026-02-18T23:21:10.953+0000] {manager.py:878} INFO - 
================================================================================
DAG File Processing Stats

File Path                               PID    Runtime      # DAGs    # Errors  Last Runtime    Last Run
--------------------------------------  -----  ---------  --------  ----------  --------------  -------------------
/opt/airflow/dags/lakehouse_bsg_dag.py                           1           0  0.10s           2026-02-18T23:20:59
================================================================================
[2026-02-18T23:21:44.429+0000] {manager.py:878} INFO - 
================================================================================
DAG File Processing Stats

File Path                               PID    Runtime      # DAGs    # Errors  Last Runtime    Last Run
--------------------------------------  -----  ---------  --------  ----------  --------------  -------------------
/opt/airflow/dags/lakehouse_bsg_dag.py                           1           0  0.10s           2026-02-18T23:21:30
================================================================================
[2026-02-18T23:22:17.966+0000] {manager.py:878} INFO - 
================================================================================
DAG File Processing Stats

File Path                               PID    Runtime      # DAGs    # Errors  Last Runtime    Last Run
--------------------------------------  -----  ---------  --------  ----------  --------------  -------------------
/opt/airflow/dags/lakehouse_bsg_dag.py                           1           0  0.09s           2026-02-18T23:22:02
================================================================================
[2026-02-18T23:22:51.471+0000] {manager.py:878} INFO - 
================================================================================
DAG File Processing Stats

File Path                               PID    Runtime      # DAGs    # Errors  Last Runtime    Last Run
--------------------------------------  -----  ---------  --------  ----------  --------------  -------------------
/opt/airflow/dags/lakehouse_bsg_dag.py                           1           0  0.11s           2026-02-18T23:22:36
================================================================================
[2026-02-18T23:23:25.038+0000] {manager.py:878} INFO - 
================================================================================
DAG File Processing Stats

File Path                               PID    Runtime      # DAGs    # Errors  Last Runtime    Last Run
--------------------------------------  -----  ---------  --------  ----------  --------------  -------------------
/opt/airflow/dags/lakehouse_bsg_dag.py                           1           0  0.10s           2026-02-18T23:23:09
================================================================================
[2026-02-18T23:23:58.304+0000] {manager.py:878} INFO - 
================================================================================
DAG File Processing Stats

File Path                               PID    Runtime      # DAGs    # Errors  Last Runtime    Last Run
--------------------------------------  -----  ---------  --------  ----------  --------------  -------------------
/opt/airflow/dags/lakehouse_bsg_dag.py                           1           0  0.10s           2026-02-18T23:23:43
================================================================================
[2026-02-18T23:24:02.320+0000] {manager.py:737} INFO - Searching for files in /opt/airflow/dags
[2026-02-18T23:24:02.343+0000] {manager.py:740} INFO - There are 1 files in /opt/airflow/dags
[2026-02-18T23:24:31.488+0000] {manager.py:878} INFO - 
================================================================================
DAG File Processing Stats

File Path                               PID    Runtime      # DAGs    # Errors  Last Runtime    Last Run
--------------------------------------  -----  ---------  --------  ----------  --------------  -------------------
/opt/airflow/dags/lakehouse_bsg_dag.py                           1           0  0.13s           2026-02-18T23:24:16
================================================================================
[2026-02-18T23:25:04.704+0000] {manager.py:878} INFO - 
================================================================================
DAG File Processing Stats

File Path                               PID    Runtime      # DAGs    # Errors  Last Runtime    Last Run
--------------------------------------  -----  ---------  --------  ----------  --------------  -------------------
/opt/airflow/dags/lakehouse_bsg_dag.py                           1           0  0.09s           2026-02-18T23:24:48
================================================================================
[2026-02-18T23:25:37.832+0000] {manager.py:878} INFO - 
================================================================================
DAG File Processing Stats

File Path                               PID    Runtime      # DAGs    # Errors  Last Runtime    Last Run
--------------------------------------  -----  ---------  --------  ----------  --------------  -------------------
/opt/airflow/dags/lakehouse_bsg_dag.py                           1           0  0.11s           2026-02-18T23:25:21
================================================================================
[2026-02-18T23:26:11.258+0000] {manager.py:878} INFO - 
================================================================================
DAG File Processing Stats

File Path                               PID    Runtime      # DAGs    # Errors  Last Runtime    Last Run
--------------------------------------  -----  ---------  --------  ----------  --------------  -------------------
/opt/airflow/dags/lakehouse_bsg_dag.py                           1           0  0.09s           2026-02-18T23:25:55
================================================================================
[2026-02-18T23:26:44.759+0000] {manager.py:878} INFO - 
================================================================================
DAG File Processing Stats

File Path                               PID    Runtime      # DAGs    # Errors  Last Runtime    Last Run
--------------------------------------  -----  ---------  --------  ----------  --------------  -------------------
/opt/airflow/dags/lakehouse_bsg_dag.py                           1           0  0.13s           2026-02-18T23:26:28
================================================================================
[2026-02-18T23:27:18.334+0000] {manager.py:878} INFO - 
================================================================================
DAG File Processing Stats

File Path                               PID    Runtime      # DAGs    # Errors  Last Runtime    Last Run
--------------------------------------  -----  ---------  --------  ----------  --------------  -------------------
/opt/airflow/dags/lakehouse_bsg_dag.py                           1           0  0.10s           2026-02-18T23:27:02
================================================================================
[2026-02-18T23:27:51.833+0000] {manager.py:878} INFO - 
================================================================================
DAG File Processing Stats

File Path                               PID    Runtime      # DAGs    # Errors  Last Runtime    Last Run
--------------------------------------  -----  ---------  --------  ----------  --------------  -------------------
/opt/airflow/dags/lakehouse_bsg_dag.py                           1           0  0.10s           2026-02-18T23:27:34
================================================================================
[2026-02-18T23:28:25.403+0000] {manager.py:878} INFO - 
================================================================================
DAG File Processing Stats

File Path                               PID    Runtime      # DAGs    # Errors  Last Runtime    Last Run
--------------------------------------  -----  ---------  --------  ----------  --------------  -------------------
/opt/airflow/dags/lakehouse_bsg_dag.py                           1           0  0.11s           2026-02-18T23:28:08
================================================================================
[2026-02-18T23:28:58.903+0000] {manager.py:878} INFO - 
================================================================================
DAG File Processing Stats

File Path                               PID    Runtime      # DAGs    # Errors  Last Runtime    Last Run
--------------------------------------  -----  ---------  --------  ----------  --------------  -------------------
/opt/airflow/dags/lakehouse_bsg_dag.py                           1           0  0.12s           2026-02-18T23:28:41
================================================================================
[2026-02-18T23:29:02.918+0000] {manager.py:737} INFO - Searching for files in /opt/airflow/dags
[2026-02-18T23:29:02.947+0000] {manager.py:740} INFO - There are 1 files in /opt/airflow/dags
[2026-02-18T23:29:32.450+0000] {manager.py:878} INFO - 
================================================================================
DAG File Processing Stats

File Path                               PID    Runtime      # DAGs    # Errors  Last Runtime    Last Run
--------------------------------------  -----  ---------  --------  ----------  --------------  -------------------
/opt/airflow/dags/lakehouse_bsg_dag.py                           1           0  0.10s           2026-02-18T23:29:15
================================================================================
[2026-02-18T23:30:05.969+0000] {manager.py:878} INFO - 
================================================================================
DAG File Processing Stats

File Path                               PID    Runtime      # DAGs    # Errors  Last Runtime    Last Run
--------------------------------------  -----  ---------  --------  ----------  --------------  -------------------
/opt/airflow/dags/lakehouse_bsg_dag.py                           1           0  0.11s           2026-02-18T23:29:48
================================================================================
[2026-02-18T23:30:39.479+0000] {manager.py:878} INFO - 
================================================================================
DAG File Processing Stats

File Path                               PID    Runtime      # DAGs    # Errors  Last Runtime    Last Run
--------------------------------------  -----  ---------  --------  ----------  --------------  -------------------
/opt/airflow/dags/lakehouse_bsg_dag.py                           1           0  0.09s           2026-02-18T23:30:21
================================================================================
[2026-02-18T23:31:12.974+0000] {manager.py:878} INFO - 
================================================================================
DAG File Processing Stats

File Path                               PID    Runtime      # DAGs    # Errors  Last Runtime    Last Run
--------------------------------------  -----  ---------  --------  ----------  --------------  -------------------
/opt/airflow/dags/lakehouse_bsg_dag.py                           1           0  0.10s           2026-02-18T23:30:54
================================================================================
[2026-02-18T23:31:46.495+0000] {manager.py:878} INFO - 
================================================================================
DAG File Processing Stats

File Path                               PID    Runtime      # DAGs    # Errors  Last Runtime    Last Run
--------------------------------------  -----  ---------  --------  ----------  --------------  -------------------
/opt/airflow/dags/lakehouse_bsg_dag.py                           1           0  0.10s           2026-02-18T23:31:28
================================================================================
[2026-02-18T23:32:19.996+0000] {manager.py:878} INFO - 
================================================================================
DAG File Processing Stats

File Path                               PID    Runtime      # DAGs    # Errors  Last Runtime    Last Run
--------------------------------------  -----  ---------  --------  ----------  --------------  -------------------
/opt/airflow/dags/lakehouse_bsg_dag.py                           1           0  0.09s           2026-02-18T23:32:01
================================================================================
[2026-02-18T23:32:53.501+0000] {manager.py:878} INFO - 
================================================================================
DAG File Processing Stats

File Path                               PID    Runtime      # DAGs    # Errors  Last Runtime    Last Run
--------------------------------------  -----  ---------  --------  ----------  --------------  -------------------
/opt/airflow/dags/lakehouse_bsg_dag.py                           1           0  0.10s           2026-02-18T23:32:35
================================================================================
[2026-02-18T23:33:26.999+0000] {manager.py:878} INFO - 
================================================================================
DAG File Processing Stats

File Path                               PID    Runtime      # DAGs    # Errors  Last Runtime    Last Run
--------------------------------------  -----  ---------  --------  ----------  --------------  -------------------
/opt/airflow/dags/lakehouse_bsg_dag.py                           1           0  0.10s           2026-02-18T23:33:08
================================================================================
[2026-02-18T23:34:00.513+0000] {manager.py:878} INFO - 
================================================================================
DAG File Processing Stats

File Path                               PID    Runtime      # DAGs    # Errors  Last Runtime    Last Run
--------------------------------------  -----  ---------  --------  ----------  --------------  -------------------
/opt/airflow/dags/lakehouse_bsg_dag.py                           1           0  0.09s           2026-02-18T23:33:41
================================================================================
[2026-02-18T23:34:03.525+0000] {manager.py:737} INFO - Searching for files in /opt/airflow/dags
[2026-02-18T23:34:03.551+0000] {manager.py:740} INFO - There are 1 files in /opt/airflow/dags
[2026-02-18T23:34:34.035+0000] {manager.py:878} INFO - 
================================================================================
DAG File Processing Stats

File Path                               PID    Runtime      # DAGs    # Errors  Last Runtime    Last Run
--------------------------------------  -----  ---------  --------  ----------  --------------  -------------------
/opt/airflow/dags/lakehouse_bsg_dag.py                           1           0  0.10s           2026-02-18T23:34:15
================================================================================
[2026-02-18T23:35:07.579+0000] {manager.py:878} INFO - 
================================================================================
DAG File Processing Stats

File Path                               PID    Runtime      # DAGs    # Errors  Last Runtime    Last Run
--------------------------------------  -----  ---------  --------  ----------  --------------  -------------------
/opt/airflow/dags/lakehouse_bsg_dag.py                           1           0  0.09s           2026-02-18T23:34:48
================================================================================
[2026-02-18T23:35:41.047+0000] {manager.py:878} INFO - 
================================================================================
DAG File Processing Stats

File Path                               PID    Runtime      # DAGs    # Errors  Last Runtime    Last Run
--------------------------------------  -----  ---------  --------  ----------  --------------  -------------------
/opt/airflow/dags/lakehouse_bsg_dag.py                           1           0  0.10s           2026-02-18T23:35:22
================================================================================
[2026-02-18T23:36:14.571+0000] {manager.py:878} INFO - 
================================================================================
DAG File Processing Stats

File Path                               PID    Runtime      # DAGs    # Errors  Last Runtime    Last Run
--------------------------------------  -----  ---------  --------  ----------  --------------  -------------------
/opt/airflow/dags/lakehouse_bsg_dag.py                           1           0  0.10s           2026-02-18T23:35:55
================================================================================
[2026-02-18T23:36:48.053+0000] {manager.py:878} INFO - 
================================================================================
DAG File Processing Stats

File Path                               PID    Runtime      # DAGs    # Errors  Last Runtime    Last Run
--------------------------------------  -----  ---------  --------  ----------  --------------  -------------------
/opt/airflow/dags/lakehouse_bsg_dag.py                           1           0  0.09s           2026-02-18T23:36:29
================================================================================
[2026-02-18T23:37:21.569+0000] {manager.py:878} INFO - 
================================================================================
DAG File Processing Stats

File Path                               PID    Runtime      # DAGs    # Errors  Last Runtime    Last Run
--------------------------------------  -----  ---------  --------  ----------  --------------  -------------------
/opt/airflow/dags/lakehouse_bsg_dag.py                           1           0  0.10s           2026-02-18T23:37:01
================================================================================
[2026-02-18T23:37:55.058+0000] {manager.py:878} INFO - 
================================================================================
DAG File Processing Stats

File Path                               PID    Runtime      # DAGs    # Errors  Last Runtime    Last Run
--------------------------------------  -----  ---------  --------  ----------  --------------  -------------------
/opt/airflow/dags/lakehouse_bsg_dag.py                           1           0  0.10s           2026-02-18T23:37:35
================================================================================
[2026-02-18T23:38:28.597+0000] {manager.py:878} INFO - 
================================================================================
DAG File Processing Stats

File Path                               PID    Runtime      # DAGs    # Errors  Last Runtime    Last Run
--------------------------------------  -----  ---------  --------  ----------  --------------  -------------------
/opt/airflow/dags/lakehouse_bsg_dag.py                           1           0  0.09s           2026-02-18T23:38:08
================================================================================
[2026-02-18T23:39:02.070+0000] {manager.py:878} INFO - 
================================================================================
DAG File Processing Stats

File Path                               PID    Runtime      # DAGs    # Errors  Last Runtime    Last Run
--------------------------------------  -----  ---------  --------  ----------  --------------  -------------------
/opt/airflow/dags/lakehouse_bsg_dag.py                           1           0  0.10s           2026-02-18T23:38:42
================================================================================
[2026-02-18T23:39:04.078+0000] {manager.py:737} INFO - Searching for files in /opt/airflow/dags
[2026-02-18T23:39:04.094+0000] {manager.py:740} INFO - There are 1 files in /opt/airflow/dags
[2026-02-18T23:39:35.602+0000] {manager.py:878} INFO - 
================================================================================
DAG File Processing Stats

File Path                               PID    Runtime      # DAGs    # Errors  Last Runtime    Last Run
--------------------------------------  -----  ---------  --------  ----------  --------------  -------------------
/opt/airflow/dags/lakehouse_bsg_dag.py                           1           0  0.11s           2026-02-18T23:39:15
================================================================================
[2026-02-18T23:40:09.122+0000] {manager.py:878} INFO - 
================================================================================
DAG File Processing Stats

File Path                               PID    Runtime      # DAGs    # Errors  Last Runtime    Last Run
--------------------------------------  -----  ---------  --------  ----------  --------------  -------------------
/opt/airflow/dags/lakehouse_bsg_dag.py                           1           0  0.10s           2026-02-18T23:39:49
================================================================================
[2026-02-18T23:40:42.656+0000] {manager.py:878} INFO - 
================================================================================
DAG File Processing Stats

File Path                               PID    Runtime      # DAGs    # Errors  Last Runtime    Last Run
--------------------------------------  -----  ---------  --------  ----------  --------------  -------------------
/opt/airflow/dags/lakehouse_bsg_dag.py                           1           0  0.24s           2026-02-18T23:40:21
================================================================================
[2026-02-18T23:41:16.122+0000] {manager.py:878} INFO - 
================================================================================
DAG File Processing Stats

File Path                               PID    Runtime      # DAGs    # Errors  Last Runtime    Last Run
--------------------------------------  -----  ---------  --------  ----------  --------------  -------------------
/opt/airflow/dags/lakehouse_bsg_dag.py                           1           0  0.10s           2026-02-18T23:40:55
================================================================================
[2026-02-18T23:41:49.756+0000] {manager.py:878} INFO - 
================================================================================
DAG File Processing Stats

File Path                               PID    Runtime      # DAGs    # Errors  Last Runtime    Last Run
--------------------------------------  -----  ---------  --------  ----------  --------------  -------------------
/opt/airflow/dags/lakehouse_bsg_dag.py                           1           0  1.34s           2026-02-18T23:41:29
================================================================================
[2026-02-18T23:42:23.218+0000] {manager.py:878} INFO - 
================================================================================
DAG File Processing Stats

File Path                               PID    Runtime      # DAGs    # Errors  Last Runtime    Last Run
--------------------------------------  -----  ---------  --------  ----------  --------------  -------------------
/opt/airflow/dags/lakehouse_bsg_dag.py                           1           0  0.10s           2026-02-18T23:42:02
================================================================================
[2026-02-18T23:42:56.753+0000] {manager.py:878} INFO - 
================================================================================
DAG File Processing Stats

File Path                               PID    Runtime      # DAGs    # Errors  Last Runtime    Last Run
--------------------------------------  -----  ---------  --------  ----------  --------------  -------------------
/opt/airflow/dags/lakehouse_bsg_dag.py                           1           0  0.10s           2026-02-18T23:42:35
================================================================================
[2026-02-18T23:43:30.244+0000] {manager.py:878} INFO - 
================================================================================
DAG File Processing Stats

File Path                               PID    Runtime      # DAGs    # Errors  Last Runtime    Last Run
--------------------------------------  -----  ---------  --------  ----------  --------------  -------------------
/opt/airflow/dags/lakehouse_bsg_dag.py                           1           0  0.10s           2026-02-18T23:43:08
================================================================================
[2026-02-18T23:44:03.769+0000] {manager.py:878} INFO - 
================================================================================
DAG File Processing Stats

File Path                               PID    Runtime      # DAGs    # Errors  Last Runtime    Last Run
--------------------------------------  -----  ---------  --------  ----------  --------------  -------------------
/opt/airflow/dags/lakehouse_bsg_dag.py                           1           0  0.11s           2026-02-18T23:43:41
================================================================================
[2026-02-18T23:44:04.775+0000] {manager.py:737} INFO - Searching for files in /opt/airflow/dags
[2026-02-18T23:44:04.807+0000] {manager.py:740} INFO - There are 1 files in /opt/airflow/dags
[2026-02-18T23:44:37.311+0000] {manager.py:878} INFO - 
================================================================================
DAG File Processing Stats

File Path                               PID    Runtime      # DAGs    # Errors  Last Runtime    Last Run
--------------------------------------  -----  ---------  --------  ----------  --------------  -------------------
/opt/airflow/dags/lakehouse_bsg_dag.py                           1           0  0.10s           2026-02-18T23:44:15
================================================================================
[2026-02-18T23:45:10.835+0000] {manager.py:878} INFO - 
================================================================================
DAG File Processing Stats

File Path                               PID    Runtime      # DAGs    # Errors  Last Runtime    Last Run
--------------------------------------  -----  ---------  --------  ----------  --------------  -------------------
/opt/airflow/dags/lakehouse_bsg_dag.py                           1           0  0.10s           2026-02-18T23:44:48
================================================================================
[2026-02-18T23:45:44.394+0000] {manager.py:878} INFO - 
================================================================================
DAG File Processing Stats

File Path                               PID    Runtime      # DAGs    # Errors  Last Runtime    Last Run
--------------------------------------  -----  ---------  --------  ----------  --------------  -------------------
/opt/airflow/dags/lakehouse_bsg_dag.py                           1           0  0.09s           2026-02-18T23:45:22
================================================================================
[2026-02-18T23:46:17.916+0000] {manager.py:878} INFO - 
================================================================================
DAG File Processing Stats

File Path                               PID    Runtime      # DAGs    # Errors  Last Runtime    Last Run
--------------------------------------  -----  ---------  --------  ----------  --------------  -------------------
/opt/airflow/dags/lakehouse_bsg_dag.py                           1           0  0.09s           2026-02-18T23:45:55
================================================================================
[2026-02-18T23:46:51.417+0000] {manager.py:878} INFO - 
================================================================================
DAG File Processing Stats

File Path                               PID    Runtime      # DAGs    # Errors  Last Runtime    Last Run
--------------------------------------  -----  ---------  --------  ----------  --------------  -------------------
/opt/airflow/dags/lakehouse_bsg_dag.py                           1           0  0.10s           2026-02-18T23:46:28
================================================================================
[2026-02-18T23:47:24.925+0000] {manager.py:878} INFO - 
================================================================================
DAG File Processing Stats

File Path                               PID    Runtime      # DAGs    # Errors  Last Runtime    Last Run
--------------------------------------  -----  ---------  --------  ----------  --------------  -------------------
/opt/airflow/dags/lakehouse_bsg_dag.py                           1           0  0.12s           2026-02-18T23:47:01
================================================================================
[2026-02-18T23:47:58.490+0000] {manager.py:878} INFO - 
================================================================================
DAG File Processing Stats

File Path                               PID    Runtime      # DAGs    # Errors  Last Runtime    Last Run
--------------------------------------  -----  ---------  --------  ----------  --------------  -------------------
/opt/airflow/dags/lakehouse_bsg_dag.py                           1           0  0.09s           2026-02-18T23:47:35
================================================================================
[2026-02-18T23:48:31.997+0000] {manager.py:878} INFO - 
================================================================================
DAG File Processing Stats

File Path                               PID    Runtime      # DAGs    # Errors  Last Runtime    Last Run
--------------------------------------  -----  ---------  --------  ----------  --------------  -------------------
/opt/airflow/dags/lakehouse_bsg_dag.py                           1           0  0.09s           2026-02-18T23:48:08
================================================================================
[2026-02-18T23:49:05.562+0000] {manager.py:737} INFO - Searching for files in /opt/airflow/dags
[2026-02-18T23:49:05.590+0000] {manager.py:740} INFO - There are 1 files in /opt/airflow/dags
[2026-02-18T23:49:05.600+0000] {manager.py:878} INFO - 
================================================================================
DAG File Processing Stats

File Path                               PID    Runtime      # DAGs    # Errors  Last Runtime    Last Run
--------------------------------------  -----  ---------  --------  ----------  --------------  -------------------
/opt/airflow/dags/lakehouse_bsg_dag.py                           1           0  0.13s           2026-02-18T23:48:42
================================================================================
[2026-02-18T23:49:39.102+0000] {manager.py:878} INFO - 
================================================================================
DAG File Processing Stats

File Path                               PID    Runtime      # DAGs    # Errors  Last Runtime    Last Run
--------------------------------------  -----  ---------  --------  ----------  --------------  -------------------
/opt/airflow/dags/lakehouse_bsg_dag.py                           1           0  0.09s           2026-02-18T23:49:15
================================================================================
[2026-02-18T23:50:12.650+0000] {manager.py:878} INFO - 
================================================================================
DAG File Processing Stats

File Path                               PID    Runtime      # DAGs    # Errors  Last Runtime    Last Run
--------------------------------------  -----  ---------  --------  ----------  --------------  -------------------
/opt/airflow/dags/lakehouse_bsg_dag.py                           1           0  0.10s           2026-02-18T23:49:48
================================================================================
[2026-02-18T23:50:46.180+0000] {manager.py:878} INFO - 
================================================================================
DAG File Processing Stats

File Path                               PID    Runtime      # DAGs    # Errors  Last Runtime    Last Run
--------------------------------------  -----  ---------  --------  ----------  --------------  -------------------
/opt/airflow/dags/lakehouse_bsg_dag.py                           1           0  0.09s           2026-02-18T23:50:22
================================================================================
[2026-02-18T23:51:19.729+0000] {manager.py:878} INFO - 
================================================================================
DAG File Processing Stats

File Path                               PID    Runtime      # DAGs    # Errors  Last Runtime    Last Run
--------------------------------------  -----  ---------  --------  ----------  --------------  -------------------
/opt/airflow/dags/lakehouse_bsg_dag.py                           1           0  0.10s           2026-02-18T23:50:55
================================================================================
[2026-02-18T23:51:53.318+0000] {manager.py:878} INFO - 
================================================================================
DAG File Processing Stats

File Path                               PID    Runtime      # DAGs    # Errors  Last Runtime    Last Run
--------------------------------------  -----  ---------  --------  ----------  --------------  -------------------
/opt/airflow/dags/lakehouse_bsg_dag.py                           1           0  0.09s           2026-02-18T23:51:29
================================================================================
[2026-02-18T23:52:26.865+0000] {manager.py:878} INFO - 
================================================================================
DAG File Processing Stats

File Path                               PID    Runtime      # DAGs    # Errors  Last Runtime    Last Run
--------------------------------------  -----  ---------  --------  ----------  --------------  -------------------
/opt/airflow/dags/lakehouse_bsg_dag.py                           1           0  0.09s           2026-02-18T23:52:01
================================================================================
[2026-02-18T23:53:00.438+0000] {manager.py:878} INFO - 
================================================================================
DAG File Processing Stats

File Path                               PID    Runtime      # DAGs    # Errors  Last Runtime    Last Run
--------------------------------------  -----  ---------  --------  ----------  --------------  -------------------
/opt/airflow/dags/lakehouse_bsg_dag.py                           1           0  0.11s           2026-02-18T23:52:35
================================================================================
[2026-02-18T23:53:33.983+0000] {manager.py:878} INFO - 
================================================================================
DAG File Processing Stats

File Path                               PID    Runtime      # DAGs    # Errors  Last Runtime    Last Run
--------------------------------------  -----  ---------  --------  ----------  --------------  -------------------
/opt/airflow/dags/lakehouse_bsg_dag.py                           1           0  0.09s           2026-02-18T23:53:08
================================================================================
[2026-02-18T23:54:06.538+0000] {manager.py:737} INFO - Searching for files in /opt/airflow/dags
[2026-02-18T23:54:06.560+0000] {manager.py:740} INFO - There are 1 files in /opt/airflow/dags
[2026-02-18T23:54:07.576+0000] {manager.py:878} INFO - 
================================================================================
DAG File Processing Stats

File Path                               PID    Runtime      # DAGs    # Errors  Last Runtime    Last Run
--------------------------------------  -----  ---------  --------  ----------  --------------  -------------------
/opt/airflow/dags/lakehouse_bsg_dag.py                           1           0  0.09s           2026-02-18T23:53:42
================================================================================
[2026-02-18T23:54:41.084+0000] {manager.py:878} INFO - 
================================================================================
DAG File Processing Stats

File Path                               PID    Runtime      # DAGs    # Errors  Last Runtime    Last Run
--------------------------------------  -----  ---------  --------  ----------  --------------  -------------------
/opt/airflow/dags/lakehouse_bsg_dag.py                           1           0  0.09s           2026-02-18T23:54:15
================================================================================
