[2026-02-18T00:16:10.695+0000] {processor.py:161} INFO - Started process (PID=541) to work on /opt/airflow/dags/lakehouse_bsg_dag.py
[2026-02-18T00:16:10.697+0000] {processor.py:830} INFO - Processing file /opt/airflow/dags/lakehouse_bsg_dag.py for tasks to queue
[2026-02-18T00:16:10.700+0000] {logging_mixin.py:188} INFO - [2026-02-18T00:16:10.699+0000] {dagbag.py:545} INFO - Filling up the DagBag from /opt/airflow/dags/lakehouse_bsg_dag.py
[2026-02-18T00:16:10.732+0000] {processor.py:840} INFO - DAG(s) 'lakehouse_bronze_silver_gold' retrieved from /opt/airflow/dags/lakehouse_bsg_dag.py
[2026-02-18T00:16:10.972+0000] {logging_mixin.py:188} INFO - [2026-02-18T00:16:10.972+0000] {dag.py:3089} INFO - Sync 1 DAGs
[2026-02-18T00:16:10.983+0000] {logging_mixin.py:188} INFO - [2026-02-18T00:16:10.983+0000] {dag.py:3947} INFO - Setting next_dagrun for lakehouse_bronze_silver_gold to None, run_after=None
[2026-02-18T00:16:11.091+0000] {processor.py:183} INFO - Processing /opt/airflow/dags/lakehouse_bsg_dag.py took 0.401 seconds
[2026-02-18T00:16:41.619+0000] {processor.py:161} INFO - Started process (PID=546) to work on /opt/airflow/dags/lakehouse_bsg_dag.py
[2026-02-18T00:16:41.629+0000] {processor.py:830} INFO - Processing file /opt/airflow/dags/lakehouse_bsg_dag.py for tasks to queue
[2026-02-18T00:16:41.643+0000] {logging_mixin.py:188} INFO - [2026-02-18T00:16:41.641+0000] {dagbag.py:545} INFO - Filling up the DagBag from /opt/airflow/dags/lakehouse_bsg_dag.py
[2026-02-18T00:16:41.731+0000] {processor.py:840} INFO - DAG(s) 'lakehouse_bronze_silver_gold' retrieved from /opt/airflow/dags/lakehouse_bsg_dag.py
[2026-02-18T00:16:41.874+0000] {logging_mixin.py:188} INFO - [2026-02-18T00:16:41.874+0000] {dag.py:3089} INFO - Sync 1 DAGs
[2026-02-18T00:16:41.916+0000] {logging_mixin.py:188} INFO - [2026-02-18T00:16:41.916+0000] {dag.py:3947} INFO - Setting next_dagrun for lakehouse_bronze_silver_gold to None, run_after=None
[2026-02-18T00:16:44.609+0000] {processor.py:183} INFO - Processing /opt/airflow/dags/lakehouse_bsg_dag.py took 3.006 seconds
[2026-02-18T00:17:15.581+0000] {processor.py:161} INFO - Started process (PID=551) to work on /opt/airflow/dags/lakehouse_bsg_dag.py
[2026-02-18T00:17:15.583+0000] {processor.py:830} INFO - Processing file /opt/airflow/dags/lakehouse_bsg_dag.py for tasks to queue
[2026-02-18T00:17:15.585+0000] {logging_mixin.py:188} INFO - [2026-02-18T00:17:15.584+0000] {dagbag.py:545} INFO - Filling up the DagBag from /opt/airflow/dags/lakehouse_bsg_dag.py
[2026-02-18T00:17:15.604+0000] {processor.py:840} INFO - DAG(s) 'lakehouse_bronze_silver_gold' retrieved from /opt/airflow/dags/lakehouse_bsg_dag.py
[2026-02-18T00:17:15.635+0000] {logging_mixin.py:188} INFO - [2026-02-18T00:17:15.635+0000] {dag.py:3089} INFO - Sync 1 DAGs
[2026-02-18T00:17:15.648+0000] {logging_mixin.py:188} INFO - [2026-02-18T00:17:15.647+0000] {dag.py:3947} INFO - Setting next_dagrun for lakehouse_bronze_silver_gold to None, run_after=None
[2026-02-18T00:17:15.664+0000] {processor.py:183} INFO - Processing /opt/airflow/dags/lakehouse_bsg_dag.py took 0.088 seconds
[2026-02-18T00:17:46.466+0000] {processor.py:161} INFO - Started process (PID=556) to work on /opt/airflow/dags/lakehouse_bsg_dag.py
[2026-02-18T00:17:46.468+0000] {processor.py:830} INFO - Processing file /opt/airflow/dags/lakehouse_bsg_dag.py for tasks to queue
[2026-02-18T00:17:46.471+0000] {logging_mixin.py:188} INFO - [2026-02-18T00:17:46.470+0000] {dagbag.py:545} INFO - Filling up the DagBag from /opt/airflow/dags/lakehouse_bsg_dag.py
[2026-02-18T00:17:46.495+0000] {processor.py:840} INFO - DAG(s) 'lakehouse_bronze_silver_gold' retrieved from /opt/airflow/dags/lakehouse_bsg_dag.py
[2026-02-18T00:17:46.550+0000] {logging_mixin.py:188} INFO - [2026-02-18T00:17:46.550+0000] {dag.py:3089} INFO - Sync 1 DAGs
[2026-02-18T00:17:46.566+0000] {logging_mixin.py:188} INFO - [2026-02-18T00:17:46.566+0000] {dag.py:3947} INFO - Setting next_dagrun for lakehouse_bronze_silver_gold to None, run_after=None
[2026-02-18T00:17:46.582+0000] {processor.py:183} INFO - Processing /opt/airflow/dags/lakehouse_bsg_dag.py took 0.127 seconds
[2026-02-18T00:18:17.460+0000] {processor.py:161} INFO - Started process (PID=561) to work on /opt/airflow/dags/lakehouse_bsg_dag.py
[2026-02-18T00:18:17.461+0000] {processor.py:830} INFO - Processing file /opt/airflow/dags/lakehouse_bsg_dag.py for tasks to queue
[2026-02-18T00:18:17.462+0000] {logging_mixin.py:188} INFO - [2026-02-18T00:18:17.462+0000] {dagbag.py:545} INFO - Filling up the DagBag from /opt/airflow/dags/lakehouse_bsg_dag.py
[2026-02-18T00:18:17.477+0000] {processor.py:840} INFO - DAG(s) 'lakehouse_bronze_silver_gold' retrieved from /opt/airflow/dags/lakehouse_bsg_dag.py
[2026-02-18T00:18:17.503+0000] {logging_mixin.py:188} INFO - [2026-02-18T00:18:17.503+0000] {dag.py:3089} INFO - Sync 1 DAGs
[2026-02-18T00:18:17.513+0000] {logging_mixin.py:188} INFO - [2026-02-18T00:18:17.513+0000] {dag.py:3947} INFO - Setting next_dagrun for lakehouse_bronze_silver_gold to None, run_after=None
[2026-02-18T00:18:17.540+0000] {processor.py:183} INFO - Processing /opt/airflow/dags/lakehouse_bsg_dag.py took 0.086 seconds
[2026-02-18T00:18:48.391+0000] {processor.py:161} INFO - Started process (PID=566) to work on /opt/airflow/dags/lakehouse_bsg_dag.py
[2026-02-18T00:18:48.392+0000] {processor.py:830} INFO - Processing file /opt/airflow/dags/lakehouse_bsg_dag.py for tasks to queue
[2026-02-18T00:18:48.393+0000] {logging_mixin.py:188} INFO - [2026-02-18T00:18:48.393+0000] {dagbag.py:545} INFO - Filling up the DagBag from /opt/airflow/dags/lakehouse_bsg_dag.py
[2026-02-18T00:18:48.407+0000] {processor.py:840} INFO - DAG(s) 'lakehouse_bronze_silver_gold' retrieved from /opt/airflow/dags/lakehouse_bsg_dag.py
[2026-02-18T00:18:48.430+0000] {logging_mixin.py:188} INFO - [2026-02-18T00:18:48.430+0000] {dag.py:3089} INFO - Sync 1 DAGs
[2026-02-18T00:18:48.442+0000] {logging_mixin.py:188} INFO - [2026-02-18T00:18:48.441+0000] {dag.py:3947} INFO - Setting next_dagrun for lakehouse_bronze_silver_gold to None, run_after=None
[2026-02-18T00:18:48.469+0000] {processor.py:183} INFO - Processing /opt/airflow/dags/lakehouse_bsg_dag.py took 0.082 seconds
[2026-02-18T00:19:19.377+0000] {processor.py:161} INFO - Started process (PID=571) to work on /opt/airflow/dags/lakehouse_bsg_dag.py
[2026-02-18T00:19:19.378+0000] {processor.py:830} INFO - Processing file /opt/airflow/dags/lakehouse_bsg_dag.py for tasks to queue
[2026-02-18T00:19:19.380+0000] {logging_mixin.py:188} INFO - [2026-02-18T00:19:19.379+0000] {dagbag.py:545} INFO - Filling up the DagBag from /opt/airflow/dags/lakehouse_bsg_dag.py
[2026-02-18T00:19:19.399+0000] {processor.py:840} INFO - DAG(s) 'lakehouse_bronze_silver_gold' retrieved from /opt/airflow/dags/lakehouse_bsg_dag.py
[2026-02-18T00:19:19.427+0000] {logging_mixin.py:188} INFO - [2026-02-18T00:19:19.426+0000] {dag.py:3089} INFO - Sync 1 DAGs
[2026-02-18T00:19:19.435+0000] {logging_mixin.py:188} INFO - [2026-02-18T00:19:19.435+0000] {dag.py:3947} INFO - Setting next_dagrun for lakehouse_bronze_silver_gold to None, run_after=None
[2026-02-18T00:19:19.448+0000] {processor.py:183} INFO - Processing /opt/airflow/dags/lakehouse_bsg_dag.py took 0.076 seconds
[2026-02-18T00:19:50.272+0000] {processor.py:161} INFO - Started process (PID=576) to work on /opt/airflow/dags/lakehouse_bsg_dag.py
[2026-02-18T00:19:50.273+0000] {processor.py:830} INFO - Processing file /opt/airflow/dags/lakehouse_bsg_dag.py for tasks to queue
[2026-02-18T00:19:50.275+0000] {logging_mixin.py:188} INFO - [2026-02-18T00:19:50.275+0000] {dagbag.py:545} INFO - Filling up the DagBag from /opt/airflow/dags/lakehouse_bsg_dag.py
[2026-02-18T00:19:50.291+0000] {processor.py:840} INFO - DAG(s) 'lakehouse_bronze_silver_gold' retrieved from /opt/airflow/dags/lakehouse_bsg_dag.py
[2026-02-18T00:19:50.314+0000] {logging_mixin.py:188} INFO - [2026-02-18T00:19:50.314+0000] {dag.py:3089} INFO - Sync 1 DAGs
[2026-02-18T00:19:50.323+0000] {logging_mixin.py:188} INFO - [2026-02-18T00:19:50.323+0000] {dag.py:3947} INFO - Setting next_dagrun for lakehouse_bronze_silver_gold to None, run_after=None
[2026-02-18T00:19:50.338+0000] {processor.py:183} INFO - Processing /opt/airflow/dags/lakehouse_bsg_dag.py took 0.071 seconds
[2026-02-18T00:20:22.257+0000] {processor.py:161} INFO - Started process (PID=581) to work on /opt/airflow/dags/lakehouse_bsg_dag.py
[2026-02-18T00:20:22.258+0000] {processor.py:830} INFO - Processing file /opt/airflow/dags/lakehouse_bsg_dag.py for tasks to queue
[2026-02-18T00:20:22.260+0000] {logging_mixin.py:188} INFO - [2026-02-18T00:20:22.259+0000] {dagbag.py:545} INFO - Filling up the DagBag from /opt/airflow/dags/lakehouse_bsg_dag.py
[2026-02-18T00:20:22.275+0000] {processor.py:840} INFO - DAG(s) 'lakehouse_bronze_silver_gold' retrieved from /opt/airflow/dags/lakehouse_bsg_dag.py
[2026-02-18T00:20:22.301+0000] {logging_mixin.py:188} INFO - [2026-02-18T00:20:22.301+0000] {dag.py:3089} INFO - Sync 1 DAGs
[2026-02-18T00:20:22.311+0000] {logging_mixin.py:188} INFO - [2026-02-18T00:20:22.311+0000] {dag.py:3947} INFO - Setting next_dagrun for lakehouse_bronze_silver_gold to None, run_after=None
[2026-02-18T00:20:22.326+0000] {processor.py:183} INFO - Processing /opt/airflow/dags/lakehouse_bsg_dag.py took 0.073 seconds
[2026-02-18T00:20:55.156+0000] {processor.py:161} INFO - Started process (PID=586) to work on /opt/airflow/dags/lakehouse_bsg_dag.py
[2026-02-18T00:20:55.157+0000] {processor.py:830} INFO - Processing file /opt/airflow/dags/lakehouse_bsg_dag.py for tasks to queue
[2026-02-18T00:20:55.158+0000] {logging_mixin.py:188} INFO - [2026-02-18T00:20:55.158+0000] {dagbag.py:545} INFO - Filling up the DagBag from /opt/airflow/dags/lakehouse_bsg_dag.py
[2026-02-18T00:20:55.174+0000] {processor.py:840} INFO - DAG(s) 'lakehouse_bronze_silver_gold' retrieved from /opt/airflow/dags/lakehouse_bsg_dag.py
[2026-02-18T00:20:55.197+0000] {logging_mixin.py:188} INFO - [2026-02-18T00:20:55.197+0000] {dag.py:3089} INFO - Sync 1 DAGs
[2026-02-18T00:20:55.207+0000] {logging_mixin.py:188} INFO - [2026-02-18T00:20:55.207+0000] {dag.py:3947} INFO - Setting next_dagrun for lakehouse_bronze_silver_gold to None, run_after=None
[2026-02-18T00:20:55.221+0000] {processor.py:183} INFO - Processing /opt/airflow/dags/lakehouse_bsg_dag.py took 0.069 seconds
[2026-02-18T00:21:27.164+0000] {processor.py:161} INFO - Started process (PID=591) to work on /opt/airflow/dags/lakehouse_bsg_dag.py
[2026-02-18T00:21:27.165+0000] {processor.py:830} INFO - Processing file /opt/airflow/dags/lakehouse_bsg_dag.py for tasks to queue
[2026-02-18T00:21:27.167+0000] {logging_mixin.py:188} INFO - [2026-02-18T00:21:27.166+0000] {dagbag.py:545} INFO - Filling up the DagBag from /opt/airflow/dags/lakehouse_bsg_dag.py
[2026-02-18T00:21:27.179+0000] {processor.py:840} INFO - DAG(s) 'lakehouse_bronze_silver_gold' retrieved from /opt/airflow/dags/lakehouse_bsg_dag.py
[2026-02-18T00:21:27.202+0000] {logging_mixin.py:188} INFO - [2026-02-18T00:21:27.202+0000] {dag.py:3089} INFO - Sync 1 DAGs
[2026-02-18T00:21:27.212+0000] {logging_mixin.py:188} INFO - [2026-02-18T00:21:27.212+0000] {dag.py:3947} INFO - Setting next_dagrun for lakehouse_bronze_silver_gold to None, run_after=None
[2026-02-18T00:21:27.247+0000] {processor.py:183} INFO - Processing /opt/airflow/dags/lakehouse_bsg_dag.py took 0.087 seconds
[2026-02-18T00:22:00.073+0000] {processor.py:161} INFO - Started process (PID=596) to work on /opt/airflow/dags/lakehouse_bsg_dag.py
[2026-02-18T00:22:00.074+0000] {processor.py:830} INFO - Processing file /opt/airflow/dags/lakehouse_bsg_dag.py for tasks to queue
[2026-02-18T00:22:00.075+0000] {logging_mixin.py:188} INFO - [2026-02-18T00:22:00.075+0000] {dagbag.py:545} INFO - Filling up the DagBag from /opt/airflow/dags/lakehouse_bsg_dag.py
[2026-02-18T00:22:00.087+0000] {processor.py:840} INFO - DAG(s) 'lakehouse_bronze_silver_gold' retrieved from /opt/airflow/dags/lakehouse_bsg_dag.py
[2026-02-18T00:22:00.109+0000] {logging_mixin.py:188} INFO - [2026-02-18T00:22:00.109+0000] {dag.py:3089} INFO - Sync 1 DAGs
[2026-02-18T00:22:00.118+0000] {logging_mixin.py:188} INFO - [2026-02-18T00:22:00.118+0000] {dag.py:3947} INFO - Setting next_dagrun for lakehouse_bronze_silver_gold to None, run_after=None
[2026-02-18T00:22:00.133+0000] {processor.py:183} INFO - Processing /opt/airflow/dags/lakehouse_bsg_dag.py took 0.065 seconds
[2026-02-18T00:22:33.069+0000] {processor.py:161} INFO - Started process (PID=601) to work on /opt/airflow/dags/lakehouse_bsg_dag.py
[2026-02-18T00:22:33.071+0000] {processor.py:830} INFO - Processing file /opt/airflow/dags/lakehouse_bsg_dag.py for tasks to queue
[2026-02-18T00:22:33.073+0000] {logging_mixin.py:188} INFO - [2026-02-18T00:22:33.073+0000] {dagbag.py:545} INFO - Filling up the DagBag from /opt/airflow/dags/lakehouse_bsg_dag.py
[2026-02-18T00:22:33.101+0000] {processor.py:840} INFO - DAG(s) 'lakehouse_bronze_silver_gold' retrieved from /opt/airflow/dags/lakehouse_bsg_dag.py
[2026-02-18T00:22:33.126+0000] {logging_mixin.py:188} INFO - [2026-02-18T00:22:33.126+0000] {dag.py:3089} INFO - Sync 1 DAGs
[2026-02-18T00:22:33.136+0000] {logging_mixin.py:188} INFO - [2026-02-18T00:22:33.136+0000] {dag.py:3947} INFO - Setting next_dagrun for lakehouse_bronze_silver_gold to None, run_after=None
[2026-02-18T00:22:33.154+0000] {processor.py:183} INFO - Processing /opt/airflow/dags/lakehouse_bsg_dag.py took 0.089 seconds
[2026-02-18T00:23:05.981+0000] {processor.py:161} INFO - Started process (PID=606) to work on /opt/airflow/dags/lakehouse_bsg_dag.py
[2026-02-18T00:23:05.982+0000] {processor.py:830} INFO - Processing file /opt/airflow/dags/lakehouse_bsg_dag.py for tasks to queue
[2026-02-18T00:23:05.983+0000] {logging_mixin.py:188} INFO - [2026-02-18T00:23:05.983+0000] {dagbag.py:545} INFO - Filling up the DagBag from /opt/airflow/dags/lakehouse_bsg_dag.py
[2026-02-18T00:23:05.998+0000] {processor.py:840} INFO - DAG(s) 'lakehouse_bronze_silver_gold' retrieved from /opt/airflow/dags/lakehouse_bsg_dag.py
[2026-02-18T00:23:06.021+0000] {logging_mixin.py:188} INFO - [2026-02-18T00:23:06.021+0000] {dag.py:3089} INFO - Sync 1 DAGs
[2026-02-18T00:23:06.029+0000] {logging_mixin.py:188} INFO - [2026-02-18T00:23:06.029+0000] {dag.py:3947} INFO - Setting next_dagrun for lakehouse_bronze_silver_gold to None, run_after=None
[2026-02-18T00:23:06.042+0000] {processor.py:183} INFO - Processing /opt/airflow/dags/lakehouse_bsg_dag.py took 0.066 seconds
[2026-02-18T00:23:37.960+0000] {processor.py:161} INFO - Started process (PID=611) to work on /opt/airflow/dags/lakehouse_bsg_dag.py
[2026-02-18T00:23:37.961+0000] {processor.py:830} INFO - Processing file /opt/airflow/dags/lakehouse_bsg_dag.py for tasks to queue
[2026-02-18T00:23:37.962+0000] {logging_mixin.py:188} INFO - [2026-02-18T00:23:37.962+0000] {dagbag.py:545} INFO - Filling up the DagBag from /opt/airflow/dags/lakehouse_bsg_dag.py
[2026-02-18T00:23:37.975+0000] {processor.py:840} INFO - DAG(s) 'lakehouse_bronze_silver_gold' retrieved from /opt/airflow/dags/lakehouse_bsg_dag.py
[2026-02-18T00:23:37.997+0000] {logging_mixin.py:188} INFO - [2026-02-18T00:23:37.997+0000] {dag.py:3089} INFO - Sync 1 DAGs
[2026-02-18T00:23:38.007+0000] {logging_mixin.py:188} INFO - [2026-02-18T00:23:38.007+0000] {dag.py:3947} INFO - Setting next_dagrun for lakehouse_bronze_silver_gold to None, run_after=None
[2026-02-18T00:23:38.022+0000] {processor.py:183} INFO - Processing /opt/airflow/dags/lakehouse_bsg_dag.py took 0.067 seconds
[2026-02-18T00:24:10.869+0000] {processor.py:161} INFO - Started process (PID=616) to work on /opt/airflow/dags/lakehouse_bsg_dag.py
[2026-02-18T00:24:10.870+0000] {processor.py:830} INFO - Processing file /opt/airflow/dags/lakehouse_bsg_dag.py for tasks to queue
[2026-02-18T00:24:10.872+0000] {logging_mixin.py:188} INFO - [2026-02-18T00:24:10.871+0000] {dagbag.py:545} INFO - Filling up the DagBag from /opt/airflow/dags/lakehouse_bsg_dag.py
[2026-02-18T00:24:10.890+0000] {processor.py:840} INFO - DAG(s) 'lakehouse_bronze_silver_gold' retrieved from /opt/airflow/dags/lakehouse_bsg_dag.py
[2026-02-18T00:24:10.916+0000] {logging_mixin.py:188} INFO - [2026-02-18T00:24:10.916+0000] {dag.py:3089} INFO - Sync 1 DAGs
[2026-02-18T00:24:10.926+0000] {logging_mixin.py:188} INFO - [2026-02-18T00:24:10.926+0000] {dag.py:3947} INFO - Setting next_dagrun for lakehouse_bronze_silver_gold to None, run_after=None
[2026-02-18T00:24:10.941+0000] {processor.py:183} INFO - Processing /opt/airflow/dags/lakehouse_bsg_dag.py took 0.078 seconds
[2026-02-18T00:24:43.851+0000] {processor.py:161} INFO - Started process (PID=621) to work on /opt/airflow/dags/lakehouse_bsg_dag.py
[2026-02-18T00:24:43.852+0000] {processor.py:830} INFO - Processing file /opt/airflow/dags/lakehouse_bsg_dag.py for tasks to queue
[2026-02-18T00:24:43.854+0000] {logging_mixin.py:188} INFO - [2026-02-18T00:24:43.853+0000] {dagbag.py:545} INFO - Filling up the DagBag from /opt/airflow/dags/lakehouse_bsg_dag.py
[2026-02-18T00:24:43.868+0000] {processor.py:840} INFO - DAG(s) 'lakehouse_bronze_silver_gold' retrieved from /opt/airflow/dags/lakehouse_bsg_dag.py
[2026-02-18T00:24:43.890+0000] {logging_mixin.py:188} INFO - [2026-02-18T00:24:43.890+0000] {dag.py:3089} INFO - Sync 1 DAGs
[2026-02-18T00:24:43.900+0000] {logging_mixin.py:188} INFO - [2026-02-18T00:24:43.899+0000] {dag.py:3947} INFO - Setting next_dagrun for lakehouse_bronze_silver_gold to None, run_after=None
[2026-02-18T00:24:43.940+0000] {processor.py:183} INFO - Processing /opt/airflow/dags/lakehouse_bsg_dag.py took 0.093 seconds
[2026-02-18T00:25:16.783+0000] {processor.py:161} INFO - Started process (PID=626) to work on /opt/airflow/dags/lakehouse_bsg_dag.py
[2026-02-18T00:25:16.784+0000] {processor.py:830} INFO - Processing file /opt/airflow/dags/lakehouse_bsg_dag.py for tasks to queue
[2026-02-18T00:25:16.786+0000] {logging_mixin.py:188} INFO - [2026-02-18T00:25:16.785+0000] {dagbag.py:545} INFO - Filling up the DagBag from /opt/airflow/dags/lakehouse_bsg_dag.py
[2026-02-18T00:25:16.802+0000] {processor.py:840} INFO - DAG(s) 'lakehouse_bronze_silver_gold' retrieved from /opt/airflow/dags/lakehouse_bsg_dag.py
[2026-02-18T00:25:16.826+0000] {logging_mixin.py:188} INFO - [2026-02-18T00:25:16.826+0000] {dag.py:3089} INFO - Sync 1 DAGs
[2026-02-18T00:25:16.838+0000] {logging_mixin.py:188} INFO - [2026-02-18T00:25:16.838+0000] {dag.py:3947} INFO - Setting next_dagrun for lakehouse_bronze_silver_gold to None, run_after=None
[2026-02-18T00:25:16.853+0000] {processor.py:183} INFO - Processing /opt/airflow/dags/lakehouse_bsg_dag.py took 0.075 seconds
[2026-02-18T00:25:49.795+0000] {processor.py:161} INFO - Started process (PID=631) to work on /opt/airflow/dags/lakehouse_bsg_dag.py
[2026-02-18T00:25:49.796+0000] {processor.py:830} INFO - Processing file /opt/airflow/dags/lakehouse_bsg_dag.py for tasks to queue
[2026-02-18T00:25:49.798+0000] {logging_mixin.py:188} INFO - [2026-02-18T00:25:49.798+0000] {dagbag.py:545} INFO - Filling up the DagBag from /opt/airflow/dags/lakehouse_bsg_dag.py
[2026-02-18T00:25:49.826+0000] {processor.py:840} INFO - DAG(s) 'lakehouse_bronze_silver_gold' retrieved from /opt/airflow/dags/lakehouse_bsg_dag.py
[2026-02-18T00:25:49.850+0000] {logging_mixin.py:188} INFO - [2026-02-18T00:25:49.850+0000] {dag.py:3089} INFO - Sync 1 DAGs
[2026-02-18T00:25:49.860+0000] {logging_mixin.py:188} INFO - [2026-02-18T00:25:49.859+0000] {dag.py:3947} INFO - Setting next_dagrun for lakehouse_bronze_silver_gold to None, run_after=None
[2026-02-18T00:25:49.883+0000] {processor.py:183} INFO - Processing /opt/airflow/dags/lakehouse_bsg_dag.py took 0.092 seconds
[2026-02-18T00:26:21.725+0000] {processor.py:161} INFO - Started process (PID=636) to work on /opt/airflow/dags/lakehouse_bsg_dag.py
[2026-02-18T00:26:21.727+0000] {processor.py:830} INFO - Processing file /opt/airflow/dags/lakehouse_bsg_dag.py for tasks to queue
[2026-02-18T00:26:21.728+0000] {logging_mixin.py:188} INFO - [2026-02-18T00:26:21.728+0000] {dagbag.py:545} INFO - Filling up the DagBag from /opt/airflow/dags/lakehouse_bsg_dag.py
[2026-02-18T00:26:21.741+0000] {processor.py:840} INFO - DAG(s) 'lakehouse_bronze_silver_gold' retrieved from /opt/airflow/dags/lakehouse_bsg_dag.py
[2026-02-18T00:26:21.764+0000] {logging_mixin.py:188} INFO - [2026-02-18T00:26:21.764+0000] {dag.py:3089} INFO - Sync 1 DAGs
[2026-02-18T00:26:21.774+0000] {logging_mixin.py:188} INFO - [2026-02-18T00:26:21.773+0000] {dag.py:3947} INFO - Setting next_dagrun for lakehouse_bronze_silver_gold to None, run_after=None
[2026-02-18T00:26:21.791+0000] {processor.py:183} INFO - Processing /opt/airflow/dags/lakehouse_bsg_dag.py took 0.070 seconds
[2026-02-18T00:26:54.734+0000] {processor.py:161} INFO - Started process (PID=641) to work on /opt/airflow/dags/lakehouse_bsg_dag.py
[2026-02-18T00:26:54.735+0000] {processor.py:830} INFO - Processing file /opt/airflow/dags/lakehouse_bsg_dag.py for tasks to queue
[2026-02-18T00:26:54.737+0000] {logging_mixin.py:188} INFO - [2026-02-18T00:26:54.737+0000] {dagbag.py:545} INFO - Filling up the DagBag from /opt/airflow/dags/lakehouse_bsg_dag.py
[2026-02-18T00:26:54.752+0000] {processor.py:840} INFO - DAG(s) 'lakehouse_bronze_silver_gold' retrieved from /opt/airflow/dags/lakehouse_bsg_dag.py
[2026-02-18T00:26:54.778+0000] {logging_mixin.py:188} INFO - [2026-02-18T00:26:54.778+0000] {dag.py:3089} INFO - Sync 1 DAGs
[2026-02-18T00:26:54.788+0000] {logging_mixin.py:188} INFO - [2026-02-18T00:26:54.788+0000] {dag.py:3947} INFO - Setting next_dagrun for lakehouse_bronze_silver_gold to None, run_after=None
[2026-02-18T00:26:54.806+0000] {processor.py:183} INFO - Processing /opt/airflow/dags/lakehouse_bsg_dag.py took 0.076 seconds
[2026-02-18T00:27:27.957+0000] {processor.py:161} INFO - Started process (PID=646) to work on /opt/airflow/dags/lakehouse_bsg_dag.py
[2026-02-18T00:27:27.958+0000] {processor.py:830} INFO - Processing file /opt/airflow/dags/lakehouse_bsg_dag.py for tasks to queue
[2026-02-18T00:27:27.959+0000] {logging_mixin.py:188} INFO - [2026-02-18T00:27:27.959+0000] {dagbag.py:545} INFO - Filling up the DagBag from /opt/airflow/dags/lakehouse_bsg_dag.py
[2026-02-18T00:27:27.974+0000] {processor.py:840} INFO - DAG(s) 'lakehouse_bronze_silver_gold' retrieved from /opt/airflow/dags/lakehouse_bsg_dag.py
[2026-02-18T00:27:27.998+0000] {logging_mixin.py:188} INFO - [2026-02-18T00:27:27.998+0000] {dag.py:3089} INFO - Sync 1 DAGs
[2026-02-18T00:27:28.008+0000] {logging_mixin.py:188} INFO - [2026-02-18T00:27:28.008+0000] {dag.py:3947} INFO - Setting next_dagrun for lakehouse_bronze_silver_gold to None, run_after=None
[2026-02-18T00:27:28.025+0000] {processor.py:183} INFO - Processing /opt/airflow/dags/lakehouse_bsg_dag.py took 0.072 seconds
[2026-02-18T00:27:59.850+0000] {processor.py:161} INFO - Started process (PID=651) to work on /opt/airflow/dags/lakehouse_bsg_dag.py
[2026-02-18T00:27:59.851+0000] {processor.py:830} INFO - Processing file /opt/airflow/dags/lakehouse_bsg_dag.py for tasks to queue
[2026-02-18T00:27:59.853+0000] {logging_mixin.py:188} INFO - [2026-02-18T00:27:59.853+0000] {dagbag.py:545} INFO - Filling up the DagBag from /opt/airflow/dags/lakehouse_bsg_dag.py
[2026-02-18T00:27:59.867+0000] {processor.py:840} INFO - DAG(s) 'lakehouse_bronze_silver_gold' retrieved from /opt/airflow/dags/lakehouse_bsg_dag.py
[2026-02-18T00:27:59.892+0000] {logging_mixin.py:188} INFO - [2026-02-18T00:27:59.892+0000] {dag.py:3089} INFO - Sync 1 DAGs
[2026-02-18T00:27:59.902+0000] {logging_mixin.py:188} INFO - [2026-02-18T00:27:59.901+0000] {dag.py:3947} INFO - Setting next_dagrun for lakehouse_bronze_silver_gold to None, run_after=None
[2026-02-18T00:27:59.914+0000] {processor.py:183} INFO - Processing /opt/airflow/dags/lakehouse_bsg_dag.py took 0.069 seconds
[2026-02-18T00:28:32.790+0000] {processor.py:161} INFO - Started process (PID=656) to work on /opt/airflow/dags/lakehouse_bsg_dag.py
[2026-02-18T00:28:32.791+0000] {processor.py:830} INFO - Processing file /opt/airflow/dags/lakehouse_bsg_dag.py for tasks to queue
[2026-02-18T00:28:32.792+0000] {logging_mixin.py:188} INFO - [2026-02-18T00:28:32.792+0000] {dagbag.py:545} INFO - Filling up the DagBag from /opt/airflow/dags/lakehouse_bsg_dag.py
[2026-02-18T00:28:32.806+0000] {processor.py:840} INFO - DAG(s) 'lakehouse_bronze_silver_gold' retrieved from /opt/airflow/dags/lakehouse_bsg_dag.py
[2026-02-18T00:28:32.828+0000] {logging_mixin.py:188} INFO - [2026-02-18T00:28:32.828+0000] {dag.py:3089} INFO - Sync 1 DAGs
[2026-02-18T00:28:32.837+0000] {logging_mixin.py:188} INFO - [2026-02-18T00:28:32.837+0000] {dag.py:3947} INFO - Setting next_dagrun for lakehouse_bronze_silver_gold to None, run_after=None
[2026-02-18T00:28:32.852+0000] {processor.py:183} INFO - Processing /opt/airflow/dags/lakehouse_bsg_dag.py took 0.067 seconds
[2026-02-18T00:29:05.677+0000] {processor.py:161} INFO - Started process (PID=661) to work on /opt/airflow/dags/lakehouse_bsg_dag.py
[2026-02-18T00:29:05.678+0000] {processor.py:830} INFO - Processing file /opt/airflow/dags/lakehouse_bsg_dag.py for tasks to queue
[2026-02-18T00:29:05.680+0000] {logging_mixin.py:188} INFO - [2026-02-18T00:29:05.680+0000] {dagbag.py:545} INFO - Filling up the DagBag from /opt/airflow/dags/lakehouse_bsg_dag.py
[2026-02-18T00:29:05.697+0000] {processor.py:840} INFO - DAG(s) 'lakehouse_bronze_silver_gold' retrieved from /opt/airflow/dags/lakehouse_bsg_dag.py
[2026-02-18T00:29:05.722+0000] {logging_mixin.py:188} INFO - [2026-02-18T00:29:05.722+0000] {dag.py:3089} INFO - Sync 1 DAGs
[2026-02-18T00:29:05.731+0000] {logging_mixin.py:188} INFO - [2026-02-18T00:29:05.731+0000] {dag.py:3947} INFO - Setting next_dagrun for lakehouse_bronze_silver_gold to None, run_after=None
[2026-02-18T00:29:05.745+0000] {processor.py:183} INFO - Processing /opt/airflow/dags/lakehouse_bsg_dag.py took 0.073 seconds
[2026-02-18T00:29:38.619+0000] {processor.py:161} INFO - Started process (PID=666) to work on /opt/airflow/dags/lakehouse_bsg_dag.py
[2026-02-18T00:29:38.620+0000] {processor.py:830} INFO - Processing file /opt/airflow/dags/lakehouse_bsg_dag.py for tasks to queue
[2026-02-18T00:29:38.622+0000] {logging_mixin.py:188} INFO - [2026-02-18T00:29:38.621+0000] {dagbag.py:545} INFO - Filling up the DagBag from /opt/airflow/dags/lakehouse_bsg_dag.py
[2026-02-18T00:29:38.637+0000] {processor.py:840} INFO - DAG(s) 'lakehouse_bronze_silver_gold' retrieved from /opt/airflow/dags/lakehouse_bsg_dag.py
[2026-02-18T00:29:38.662+0000] {logging_mixin.py:188} INFO - [2026-02-18T00:29:38.662+0000] {dag.py:3089} INFO - Sync 1 DAGs
[2026-02-18T00:29:38.671+0000] {logging_mixin.py:188} INFO - [2026-02-18T00:29:38.671+0000] {dag.py:3947} INFO - Setting next_dagrun for lakehouse_bronze_silver_gold to None, run_after=None
[2026-02-18T00:29:38.690+0000] {processor.py:183} INFO - Processing /opt/airflow/dags/lakehouse_bsg_dag.py took 0.075 seconds
[2026-02-18T00:30:11.486+0000] {processor.py:161} INFO - Started process (PID=671) to work on /opt/airflow/dags/lakehouse_bsg_dag.py
[2026-02-18T00:30:11.487+0000] {processor.py:830} INFO - Processing file /opt/airflow/dags/lakehouse_bsg_dag.py for tasks to queue
[2026-02-18T00:30:11.489+0000] {logging_mixin.py:188} INFO - [2026-02-18T00:30:11.489+0000] {dagbag.py:545} INFO - Filling up the DagBag from /opt/airflow/dags/lakehouse_bsg_dag.py
[2026-02-18T00:30:11.505+0000] {processor.py:840} INFO - DAG(s) 'lakehouse_bronze_silver_gold' retrieved from /opt/airflow/dags/lakehouse_bsg_dag.py
[2026-02-18T00:30:11.530+0000] {logging_mixin.py:188} INFO - [2026-02-18T00:30:11.530+0000] {dag.py:3089} INFO - Sync 1 DAGs
[2026-02-18T00:30:11.540+0000] {logging_mixin.py:188} INFO - [2026-02-18T00:30:11.540+0000] {dag.py:3947} INFO - Setting next_dagrun for lakehouse_bronze_silver_gold to None, run_after=None
[2026-02-18T00:30:11.568+0000] {processor.py:183} INFO - Processing /opt/airflow/dags/lakehouse_bsg_dag.py took 0.086 seconds
[2026-02-18T00:30:43.460+0000] {processor.py:161} INFO - Started process (PID=676) to work on /opt/airflow/dags/lakehouse_bsg_dag.py
[2026-02-18T00:30:43.461+0000] {processor.py:830} INFO - Processing file /opt/airflow/dags/lakehouse_bsg_dag.py for tasks to queue
[2026-02-18T00:30:43.463+0000] {logging_mixin.py:188} INFO - [2026-02-18T00:30:43.462+0000] {dagbag.py:545} INFO - Filling up the DagBag from /opt/airflow/dags/lakehouse_bsg_dag.py
[2026-02-18T00:30:43.479+0000] {processor.py:840} INFO - DAG(s) 'lakehouse_bronze_silver_gold' retrieved from /opt/airflow/dags/lakehouse_bsg_dag.py
[2026-02-18T00:30:43.504+0000] {logging_mixin.py:188} INFO - [2026-02-18T00:30:43.503+0000] {dag.py:3089} INFO - Sync 1 DAGs
[2026-02-18T00:30:43.513+0000] {logging_mixin.py:188} INFO - [2026-02-18T00:30:43.513+0000] {dag.py:3947} INFO - Setting next_dagrun for lakehouse_bronze_silver_gold to None, run_after=None
[2026-02-18T00:30:43.528+0000] {processor.py:183} INFO - Processing /opt/airflow/dags/lakehouse_bsg_dag.py took 0.073 seconds
[2026-02-18T00:31:16.344+0000] {processor.py:161} INFO - Started process (PID=681) to work on /opt/airflow/dags/lakehouse_bsg_dag.py
[2026-02-18T00:31:16.344+0000] {processor.py:830} INFO - Processing file /opt/airflow/dags/lakehouse_bsg_dag.py for tasks to queue
[2026-02-18T00:31:16.346+0000] {logging_mixin.py:188} INFO - [2026-02-18T00:31:16.346+0000] {dagbag.py:545} INFO - Filling up the DagBag from /opt/airflow/dags/lakehouse_bsg_dag.py
[2026-02-18T00:31:16.367+0000] {processor.py:840} INFO - DAG(s) 'lakehouse_bronze_silver_gold' retrieved from /opt/airflow/dags/lakehouse_bsg_dag.py
[2026-02-18T00:31:16.390+0000] {logging_mixin.py:188} INFO - [2026-02-18T00:31:16.390+0000] {dag.py:3089} INFO - Sync 1 DAGs
[2026-02-18T00:31:16.399+0000] {logging_mixin.py:188} INFO - [2026-02-18T00:31:16.399+0000] {dag.py:3947} INFO - Setting next_dagrun for lakehouse_bronze_silver_gold to None, run_after=None
[2026-02-18T00:31:16.412+0000] {processor.py:183} INFO - Processing /opt/airflow/dags/lakehouse_bsg_dag.py took 0.073 seconds
[2026-02-18T00:31:49.276+0000] {processor.py:161} INFO - Started process (PID=686) to work on /opt/airflow/dags/lakehouse_bsg_dag.py
[2026-02-18T00:31:49.277+0000] {processor.py:830} INFO - Processing file /opt/airflow/dags/lakehouse_bsg_dag.py for tasks to queue
[2026-02-18T00:31:49.282+0000] {logging_mixin.py:188} INFO - [2026-02-18T00:31:49.282+0000] {dagbag.py:545} INFO - Filling up the DagBag from /opt/airflow/dags/lakehouse_bsg_dag.py
[2026-02-18T00:31:49.308+0000] {processor.py:840} INFO - DAG(s) 'lakehouse_bronze_silver_gold' retrieved from /opt/airflow/dags/lakehouse_bsg_dag.py
[2026-02-18T00:31:49.332+0000] {logging_mixin.py:188} INFO - [2026-02-18T00:31:49.332+0000] {dag.py:3089} INFO - Sync 1 DAGs
[2026-02-18T00:31:49.342+0000] {logging_mixin.py:188} INFO - [2026-02-18T00:31:49.342+0000] {dag.py:3947} INFO - Setting next_dagrun for lakehouse_bronze_silver_gold to None, run_after=None
[2026-02-18T00:31:49.357+0000] {processor.py:183} INFO - Processing /opt/airflow/dags/lakehouse_bsg_dag.py took 0.088 seconds
[2026-02-18T00:32:22.173+0000] {processor.py:161} INFO - Started process (PID=691) to work on /opt/airflow/dags/lakehouse_bsg_dag.py
[2026-02-18T00:32:22.174+0000] {processor.py:830} INFO - Processing file /opt/airflow/dags/lakehouse_bsg_dag.py for tasks to queue
[2026-02-18T00:32:22.176+0000] {logging_mixin.py:188} INFO - [2026-02-18T00:32:22.176+0000] {dagbag.py:545} INFO - Filling up the DagBag from /opt/airflow/dags/lakehouse_bsg_dag.py
[2026-02-18T00:32:22.190+0000] {processor.py:840} INFO - DAG(s) 'lakehouse_bronze_silver_gold' retrieved from /opt/airflow/dags/lakehouse_bsg_dag.py
[2026-02-18T00:32:22.216+0000] {logging_mixin.py:188} INFO - [2026-02-18T00:32:22.216+0000] {dag.py:3089} INFO - Sync 1 DAGs
[2026-02-18T00:32:22.228+0000] {logging_mixin.py:188} INFO - [2026-02-18T00:32:22.227+0000] {dag.py:3947} INFO - Setting next_dagrun for lakehouse_bronze_silver_gold to None, run_after=None
[2026-02-18T00:32:22.250+0000] {processor.py:183} INFO - Processing /opt/airflow/dags/lakehouse_bsg_dag.py took 0.082 seconds
[2026-02-18T00:32:55.110+0000] {processor.py:161} INFO - Started process (PID=696) to work on /opt/airflow/dags/lakehouse_bsg_dag.py
[2026-02-18T00:32:55.111+0000] {processor.py:830} INFO - Processing file /opt/airflow/dags/lakehouse_bsg_dag.py for tasks to queue
[2026-02-18T00:32:55.112+0000] {logging_mixin.py:188} INFO - [2026-02-18T00:32:55.112+0000] {dagbag.py:545} INFO - Filling up the DagBag from /opt/airflow/dags/lakehouse_bsg_dag.py
[2026-02-18T00:32:55.129+0000] {processor.py:840} INFO - DAG(s) 'lakehouse_bronze_silver_gold' retrieved from /opt/airflow/dags/lakehouse_bsg_dag.py
[2026-02-18T00:32:55.152+0000] {logging_mixin.py:188} INFO - [2026-02-18T00:32:55.152+0000] {dag.py:3089} INFO - Sync 1 DAGs
[2026-02-18T00:32:55.161+0000] {logging_mixin.py:188} INFO - [2026-02-18T00:32:55.161+0000] {dag.py:3947} INFO - Setting next_dagrun for lakehouse_bronze_silver_gold to None, run_after=None
[2026-02-18T00:32:55.176+0000] {processor.py:183} INFO - Processing /opt/airflow/dags/lakehouse_bsg_dag.py took 0.070 seconds
[2026-02-18T00:33:28.086+0000] {processor.py:161} INFO - Started process (PID=701) to work on /opt/airflow/dags/lakehouse_bsg_dag.py
[2026-02-18T00:33:28.089+0000] {processor.py:830} INFO - Processing file /opt/airflow/dags/lakehouse_bsg_dag.py for tasks to queue
[2026-02-18T00:33:28.091+0000] {logging_mixin.py:188} INFO - [2026-02-18T00:33:28.091+0000] {dagbag.py:545} INFO - Filling up the DagBag from /opt/airflow/dags/lakehouse_bsg_dag.py
[2026-02-18T00:33:28.112+0000] {processor.py:840} INFO - DAG(s) 'lakehouse_bronze_silver_gold' retrieved from /opt/airflow/dags/lakehouse_bsg_dag.py
[2026-02-18T00:33:28.138+0000] {logging_mixin.py:188} INFO - [2026-02-18T00:33:28.138+0000] {dag.py:3089} INFO - Sync 1 DAGs
[2026-02-18T00:33:28.149+0000] {logging_mixin.py:188} INFO - [2026-02-18T00:33:28.148+0000] {dag.py:3947} INFO - Setting next_dagrun for lakehouse_bronze_silver_gold to None, run_after=None
[2026-02-18T00:33:28.167+0000] {processor.py:183} INFO - Processing /opt/airflow/dags/lakehouse_bsg_dag.py took 0.086 seconds
[2026-02-18T00:33:59.954+0000] {processor.py:161} INFO - Started process (PID=706) to work on /opt/airflow/dags/lakehouse_bsg_dag.py
[2026-02-18T00:33:59.955+0000] {processor.py:830} INFO - Processing file /opt/airflow/dags/lakehouse_bsg_dag.py for tasks to queue
[2026-02-18T00:33:59.956+0000] {logging_mixin.py:188} INFO - [2026-02-18T00:33:59.956+0000] {dagbag.py:545} INFO - Filling up the DagBag from /opt/airflow/dags/lakehouse_bsg_dag.py
[2026-02-18T00:33:59.973+0000] {processor.py:840} INFO - DAG(s) 'lakehouse_bronze_silver_gold' retrieved from /opt/airflow/dags/lakehouse_bsg_dag.py
[2026-02-18T00:34:00.004+0000] {logging_mixin.py:188} INFO - [2026-02-18T00:34:00.004+0000] {dag.py:3089} INFO - Sync 1 DAGs
[2026-02-18T00:34:00.014+0000] {logging_mixin.py:188} INFO - [2026-02-18T00:34:00.013+0000] {dag.py:3947} INFO - Setting next_dagrun for lakehouse_bronze_silver_gold to None, run_after=None
[2026-02-18T00:34:00.029+0000] {processor.py:183} INFO - Processing /opt/airflow/dags/lakehouse_bsg_dag.py took 0.079 seconds
[2026-02-18T00:34:32.833+0000] {processor.py:161} INFO - Started process (PID=711) to work on /opt/airflow/dags/lakehouse_bsg_dag.py
[2026-02-18T00:34:32.834+0000] {processor.py:830} INFO - Processing file /opt/airflow/dags/lakehouse_bsg_dag.py for tasks to queue
[2026-02-18T00:34:32.835+0000] {logging_mixin.py:188} INFO - [2026-02-18T00:34:32.835+0000] {dagbag.py:545} INFO - Filling up the DagBag from /opt/airflow/dags/lakehouse_bsg_dag.py
[2026-02-18T00:34:32.852+0000] {processor.py:840} INFO - DAG(s) 'lakehouse_bronze_silver_gold' retrieved from /opt/airflow/dags/lakehouse_bsg_dag.py
[2026-02-18T00:34:32.876+0000] {logging_mixin.py:188} INFO - [2026-02-18T00:34:32.876+0000] {dag.py:3089} INFO - Sync 1 DAGs
[2026-02-18T00:34:32.887+0000] {logging_mixin.py:188} INFO - [2026-02-18T00:34:32.887+0000] {dag.py:3947} INFO - Setting next_dagrun for lakehouse_bronze_silver_gold to None, run_after=None
[2026-02-18T00:34:32.904+0000] {processor.py:183} INFO - Processing /opt/airflow/dags/lakehouse_bsg_dag.py took 0.077 seconds
[2026-02-18T00:35:05.832+0000] {processor.py:161} INFO - Started process (PID=716) to work on /opt/airflow/dags/lakehouse_bsg_dag.py
[2026-02-18T00:35:05.833+0000] {processor.py:830} INFO - Processing file /opt/airflow/dags/lakehouse_bsg_dag.py for tasks to queue
[2026-02-18T00:35:05.835+0000] {logging_mixin.py:188} INFO - [2026-02-18T00:35:05.835+0000] {dagbag.py:545} INFO - Filling up the DagBag from /opt/airflow/dags/lakehouse_bsg_dag.py
[2026-02-18T00:35:05.869+0000] {processor.py:840} INFO - DAG(s) 'lakehouse_bronze_silver_gold' retrieved from /opt/airflow/dags/lakehouse_bsg_dag.py
[2026-02-18T00:35:05.895+0000] {logging_mixin.py:188} INFO - [2026-02-18T00:35:05.894+0000] {dag.py:3089} INFO - Sync 1 DAGs
[2026-02-18T00:35:05.905+0000] {logging_mixin.py:188} INFO - [2026-02-18T00:35:05.905+0000] {dag.py:3947} INFO - Setting next_dagrun for lakehouse_bronze_silver_gold to None, run_after=None
[2026-02-18T00:35:05.921+0000] {processor.py:183} INFO - Processing /opt/airflow/dags/lakehouse_bsg_dag.py took 0.094 seconds
[2026-02-18T00:35:38.695+0000] {processor.py:161} INFO - Started process (PID=721) to work on /opt/airflow/dags/lakehouse_bsg_dag.py
[2026-02-18T00:35:38.696+0000] {processor.py:830} INFO - Processing file /opt/airflow/dags/lakehouse_bsg_dag.py for tasks to queue
[2026-02-18T00:35:38.697+0000] {logging_mixin.py:188} INFO - [2026-02-18T00:35:38.697+0000] {dagbag.py:545} INFO - Filling up the DagBag from /opt/airflow/dags/lakehouse_bsg_dag.py
[2026-02-18T00:35:38.714+0000] {processor.py:840} INFO - DAG(s) 'lakehouse_bronze_silver_gold' retrieved from /opt/airflow/dags/lakehouse_bsg_dag.py
[2026-02-18T00:35:38.739+0000] {logging_mixin.py:188} INFO - [2026-02-18T00:35:38.738+0000] {dag.py:3089} INFO - Sync 1 DAGs
[2026-02-18T00:35:38.748+0000] {logging_mixin.py:188} INFO - [2026-02-18T00:35:38.748+0000] {dag.py:3947} INFO - Setting next_dagrun for lakehouse_bronze_silver_gold to None, run_after=None
[2026-02-18T00:35:38.764+0000] {processor.py:183} INFO - Processing /opt/airflow/dags/lakehouse_bsg_dag.py took 0.073 seconds
[2026-02-18T00:36:11.618+0000] {processor.py:161} INFO - Started process (PID=726) to work on /opt/airflow/dags/lakehouse_bsg_dag.py
[2026-02-18T00:36:11.619+0000] {processor.py:830} INFO - Processing file /opt/airflow/dags/lakehouse_bsg_dag.py for tasks to queue
[2026-02-18T00:36:11.621+0000] {logging_mixin.py:188} INFO - [2026-02-18T00:36:11.621+0000] {dagbag.py:545} INFO - Filling up the DagBag from /opt/airflow/dags/lakehouse_bsg_dag.py
[2026-02-18T00:36:11.643+0000] {processor.py:840} INFO - DAG(s) 'lakehouse_bronze_silver_gold' retrieved from /opt/airflow/dags/lakehouse_bsg_dag.py
[2026-02-18T00:36:11.668+0000] {logging_mixin.py:188} INFO - [2026-02-18T00:36:11.668+0000] {dag.py:3089} INFO - Sync 1 DAGs
[2026-02-18T00:36:11.679+0000] {logging_mixin.py:188} INFO - [2026-02-18T00:36:11.679+0000] {dag.py:3947} INFO - Setting next_dagrun for lakehouse_bronze_silver_gold to None, run_after=None
[2026-02-18T00:36:11.695+0000] {processor.py:183} INFO - Processing /opt/airflow/dags/lakehouse_bsg_dag.py took 0.082 seconds
[2026-02-18T00:36:43.539+0000] {processor.py:161} INFO - Started process (PID=731) to work on /opt/airflow/dags/lakehouse_bsg_dag.py
[2026-02-18T00:36:43.540+0000] {processor.py:830} INFO - Processing file /opt/airflow/dags/lakehouse_bsg_dag.py for tasks to queue
[2026-02-18T00:36:43.542+0000] {logging_mixin.py:188} INFO - [2026-02-18T00:36:43.542+0000] {dagbag.py:545} INFO - Filling up the DagBag from /opt/airflow/dags/lakehouse_bsg_dag.py
[2026-02-18T00:36:43.557+0000] {processor.py:840} INFO - DAG(s) 'lakehouse_bronze_silver_gold' retrieved from /opt/airflow/dags/lakehouse_bsg_dag.py
[2026-02-18T00:36:43.581+0000] {logging_mixin.py:188} INFO - [2026-02-18T00:36:43.581+0000] {dag.py:3089} INFO - Sync 1 DAGs
[2026-02-18T00:36:43.590+0000] {logging_mixin.py:188} INFO - [2026-02-18T00:36:43.590+0000] {dag.py:3947} INFO - Setting next_dagrun for lakehouse_bronze_silver_gold to None, run_after=None
[2026-02-18T00:36:43.605+0000] {processor.py:183} INFO - Processing /opt/airflow/dags/lakehouse_bsg_dag.py took 0.070 seconds
[2026-02-18T00:54:21.027+0000] {processor.py:161} INFO - Started process (PID=736) to work on /opt/airflow/dags/lakehouse_bsg_dag.py
[2026-02-18T00:54:21.028+0000] {processor.py:830} INFO - Processing file /opt/airflow/dags/lakehouse_bsg_dag.py for tasks to queue
[2026-02-18T00:54:21.029+0000] {logging_mixin.py:188} INFO - [2026-02-18T00:54:21.029+0000] {dagbag.py:545} INFO - Filling up the DagBag from /opt/airflow/dags/lakehouse_bsg_dag.py
[2026-02-18T00:54:21.048+0000] {processor.py:840} INFO - DAG(s) 'lakehouse_bronze_silver_gold' retrieved from /opt/airflow/dags/lakehouse_bsg_dag.py
[2026-02-18T00:54:21.078+0000] {logging_mixin.py:188} INFO - [2026-02-18T00:54:21.078+0000] {dag.py:3089} INFO - Sync 1 DAGs
[2026-02-18T00:54:21.089+0000] {logging_mixin.py:188} INFO - [2026-02-18T00:54:21.089+0000] {dag.py:3947} INFO - Setting next_dagrun for lakehouse_bronze_silver_gold to None, run_after=None
[2026-02-18T00:54:21.107+0000] {processor.py:183} INFO - Processing /opt/airflow/dags/lakehouse_bsg_dag.py took 0.085 seconds
[2026-02-18T01:26:22.344+0000] {processor.py:161} INFO - Started process (PID=741) to work on /opt/airflow/dags/lakehouse_bsg_dag.py
[2026-02-18T01:26:22.353+0000] {processor.py:830} INFO - Processing file /opt/airflow/dags/lakehouse_bsg_dag.py for tasks to queue
[2026-02-18T01:26:22.366+0000] {logging_mixin.py:188} INFO - [2026-02-18T01:26:22.365+0000] {dagbag.py:545} INFO - Filling up the DagBag from /opt/airflow/dags/lakehouse_bsg_dag.py
[2026-02-18T01:26:22.594+0000] {processor.py:840} INFO - DAG(s) 'lakehouse_bronze_silver_gold' retrieved from /opt/airflow/dags/lakehouse_bsg_dag.py
[2026-02-18T01:26:23.175+0000] {logging_mixin.py:188} INFO - [2026-02-18T01:26:23.175+0000] {dag.py:3089} INFO - Sync 1 DAGs
[2026-02-18T03:15:29.794+0000] {logging_mixin.py:188} INFO - [2026-02-18T03:15:29.794+0000] {dag.py:3947} INFO - Setting next_dagrun for lakehouse_bronze_silver_gold to None, run_after=None
[2026-02-18T03:15:30.220+0000] {processor.py:183} INFO - Processing /opt/airflow/dags/lakehouse_bsg_dag.py took 1.316 seconds
[2026-02-18T11:11:16.422+0000] {processor.py:161} INFO - Started process (PID=744) to work on /opt/airflow/dags/lakehouse_bsg_dag.py
[2026-02-18T11:11:16.438+0000] {processor.py:830} INFO - Processing file /opt/airflow/dags/lakehouse_bsg_dag.py for tasks to queue
[2026-02-18T11:11:16.559+0000] {logging_mixin.py:188} INFO - [2026-02-18T11:11:16.540+0000] {dagbag.py:545} INFO - Filling up the DagBag from /opt/airflow/dags/lakehouse_bsg_dag.py
[2026-02-18T11:11:17.838+0000] {processor.py:840} INFO - DAG(s) 'lakehouse_bronze_silver_gold' retrieved from /opt/airflow/dags/lakehouse_bsg_dag.py
[2026-02-18T11:11:18.474+0000] {logging_mixin.py:188} INFO - [2026-02-18T11:11:18.473+0000] {dag.py:3089} INFO - Sync 1 DAGs
[2026-02-18T11:11:18.796+0000] {logging_mixin.py:188} INFO - [2026-02-18T11:11:18.796+0000] {dag.py:3947} INFO - Setting next_dagrun for lakehouse_bronze_silver_gold to None, run_after=None
[2026-02-18T11:11:18.973+0000] {processor.py:183} INFO - Processing /opt/airflow/dags/lakehouse_bsg_dag.py took 3.088 seconds
[2026-02-18T11:11:49.807+0000] {processor.py:161} INFO - Started process (PID=749) to work on /opt/airflow/dags/lakehouse_bsg_dag.py
[2026-02-18T11:11:49.813+0000] {processor.py:830} INFO - Processing file /opt/airflow/dags/lakehouse_bsg_dag.py for tasks to queue
[2026-02-18T11:11:49.856+0000] {logging_mixin.py:188} INFO - [2026-02-18T11:11:49.847+0000] {dagbag.py:545} INFO - Filling up the DagBag from /opt/airflow/dags/lakehouse_bsg_dag.py
[2026-02-18T11:11:50.138+0000] {processor.py:840} INFO - DAG(s) 'lakehouse_bronze_silver_gold' retrieved from /opt/airflow/dags/lakehouse_bsg_dag.py
[2026-02-18T11:11:50.511+0000] {logging_mixin.py:188} INFO - [2026-02-18T11:11:50.511+0000] {dag.py:3089} INFO - Sync 1 DAGs
[2026-02-18T11:11:50.623+0000] {logging_mixin.py:188} INFO - [2026-02-18T11:11:50.622+0000] {dag.py:3947} INFO - Setting next_dagrun for lakehouse_bronze_silver_gold to None, run_after=None
[2026-02-18T11:11:50.696+0000] {processor.py:183} INFO - Processing /opt/airflow/dags/lakehouse_bsg_dag.py took 1.026 seconds
[2026-02-18T11:12:21.531+0000] {processor.py:161} INFO - Started process (PID=754) to work on /opt/airflow/dags/lakehouse_bsg_dag.py
[2026-02-18T11:12:21.539+0000] {processor.py:830} INFO - Processing file /opt/airflow/dags/lakehouse_bsg_dag.py for tasks to queue
[2026-02-18T11:12:21.571+0000] {logging_mixin.py:188} INFO - [2026-02-18T11:12:21.565+0000] {dagbag.py:545} INFO - Filling up the DagBag from /opt/airflow/dags/lakehouse_bsg_dag.py
[2026-02-18T11:12:21.736+0000] {processor.py:840} INFO - DAG(s) 'lakehouse_bronze_silver_gold' retrieved from /opt/airflow/dags/lakehouse_bsg_dag.py
[2026-02-18T11:12:22.002+0000] {logging_mixin.py:188} INFO - [2026-02-18T11:12:22.002+0000] {dag.py:3089} INFO - Sync 1 DAGs
[2026-02-18T11:12:22.078+0000] {logging_mixin.py:188} INFO - [2026-02-18T11:12:22.077+0000] {dag.py:3947} INFO - Setting next_dagrun for lakehouse_bronze_silver_gold to None, run_after=None
[2026-02-18T11:12:22.138+0000] {processor.py:183} INFO - Processing /opt/airflow/dags/lakehouse_bsg_dag.py took 0.707 seconds
[2026-02-18T11:12:53.063+0000] {processor.py:161} INFO - Started process (PID=759) to work on /opt/airflow/dags/lakehouse_bsg_dag.py
[2026-02-18T11:12:53.064+0000] {processor.py:830} INFO - Processing file /opt/airflow/dags/lakehouse_bsg_dag.py for tasks to queue
[2026-02-18T11:12:53.065+0000] {logging_mixin.py:188} INFO - [2026-02-18T11:12:53.065+0000] {dagbag.py:545} INFO - Filling up the DagBag from /opt/airflow/dags/lakehouse_bsg_dag.py
[2026-02-18T11:12:53.081+0000] {processor.py:840} INFO - DAG(s) 'lakehouse_bronze_silver_gold' retrieved from /opt/airflow/dags/lakehouse_bsg_dag.py
[2026-02-18T11:12:53.107+0000] {logging_mixin.py:188} INFO - [2026-02-18T11:12:53.107+0000] {dag.py:3089} INFO - Sync 1 DAGs
[2026-02-18T11:12:53.116+0000] {logging_mixin.py:188} INFO - [2026-02-18T11:12:53.116+0000] {dag.py:3947} INFO - Setting next_dagrun for lakehouse_bronze_silver_gold to None, run_after=None
[2026-02-18T11:12:53.133+0000] {processor.py:183} INFO - Processing /opt/airflow/dags/lakehouse_bsg_dag.py took 0.075 seconds
[2026-02-18T11:13:23.986+0000] {processor.py:161} INFO - Started process (PID=764) to work on /opt/airflow/dags/lakehouse_bsg_dag.py
[2026-02-18T11:13:23.990+0000] {processor.py:830} INFO - Processing file /opt/airflow/dags/lakehouse_bsg_dag.py for tasks to queue
[2026-02-18T11:13:23.996+0000] {logging_mixin.py:188} INFO - [2026-02-18T11:13:23.996+0000] {dagbag.py:545} INFO - Filling up the DagBag from /opt/airflow/dags/lakehouse_bsg_dag.py
[2026-02-18T11:13:24.027+0000] {processor.py:840} INFO - DAG(s) 'lakehouse_bronze_silver_gold' retrieved from /opt/airflow/dags/lakehouse_bsg_dag.py
[2026-02-18T11:13:24.095+0000] {logging_mixin.py:188} INFO - [2026-02-18T11:13:24.095+0000] {dag.py:3089} INFO - Sync 1 DAGs
[2026-02-18T11:13:24.118+0000] {logging_mixin.py:188} INFO - [2026-02-18T11:13:24.118+0000] {dag.py:3947} INFO - Setting next_dagrun for lakehouse_bronze_silver_gold to None, run_after=None
[2026-02-18T11:13:24.147+0000] {processor.py:183} INFO - Processing /opt/airflow/dags/lakehouse_bsg_dag.py took 0.185 seconds
[2026-02-18T11:13:54.891+0000] {processor.py:161} INFO - Started process (PID=769) to work on /opt/airflow/dags/lakehouse_bsg_dag.py
[2026-02-18T11:13:54.895+0000] {processor.py:830} INFO - Processing file /opt/airflow/dags/lakehouse_bsg_dag.py for tasks to queue
[2026-02-18T11:13:54.901+0000] {logging_mixin.py:188} INFO - [2026-02-18T11:13:54.900+0000] {dagbag.py:545} INFO - Filling up the DagBag from /opt/airflow/dags/lakehouse_bsg_dag.py
[2026-02-18T11:13:54.938+0000] {processor.py:840} INFO - DAG(s) 'lakehouse_bronze_silver_gold' retrieved from /opt/airflow/dags/lakehouse_bsg_dag.py
[2026-02-18T11:13:54.995+0000] {logging_mixin.py:188} INFO - [2026-02-18T11:13:54.994+0000] {dag.py:3089} INFO - Sync 1 DAGs
[2026-02-18T11:13:55.021+0000] {logging_mixin.py:188} INFO - [2026-02-18T11:13:55.020+0000] {dag.py:3947} INFO - Setting next_dagrun for lakehouse_bronze_silver_gold to None, run_after=None
[2026-02-18T11:13:55.046+0000] {processor.py:183} INFO - Processing /opt/airflow/dags/lakehouse_bsg_dag.py took 0.180 seconds
[2026-02-18T11:14:25.968+0000] {processor.py:161} INFO - Started process (PID=774) to work on /opt/airflow/dags/lakehouse_bsg_dag.py
[2026-02-18T11:14:25.969+0000] {processor.py:830} INFO - Processing file /opt/airflow/dags/lakehouse_bsg_dag.py for tasks to queue
[2026-02-18T11:14:25.978+0000] {logging_mixin.py:188} INFO - [2026-02-18T11:14:25.978+0000] {dagbag.py:545} INFO - Filling up the DagBag from /opt/airflow/dags/lakehouse_bsg_dag.py
[2026-02-18T11:14:25.999+0000] {processor.py:840} INFO - DAG(s) 'lakehouse_bronze_silver_gold' retrieved from /opt/airflow/dags/lakehouse_bsg_dag.py
[2026-02-18T11:14:26.023+0000] {logging_mixin.py:188} INFO - [2026-02-18T11:14:26.023+0000] {dag.py:3089} INFO - Sync 1 DAGs
[2026-02-18T11:14:26.043+0000] {logging_mixin.py:188} INFO - [2026-02-18T11:14:26.043+0000] {dag.py:3947} INFO - Setting next_dagrun for lakehouse_bronze_silver_gold to None, run_after=None
[2026-02-18T11:14:26.065+0000] {processor.py:183} INFO - Processing /opt/airflow/dags/lakehouse_bsg_dag.py took 0.101 seconds
[2026-02-18T11:14:58.912+0000] {processor.py:161} INFO - Started process (PID=779) to work on /opt/airflow/dags/lakehouse_bsg_dag.py
[2026-02-18T11:14:58.913+0000] {processor.py:830} INFO - Processing file /opt/airflow/dags/lakehouse_bsg_dag.py for tasks to queue
[2026-02-18T11:14:58.915+0000] {logging_mixin.py:188} INFO - [2026-02-18T11:14:58.914+0000] {dagbag.py:545} INFO - Filling up the DagBag from /opt/airflow/dags/lakehouse_bsg_dag.py
[2026-02-18T11:14:58.927+0000] {processor.py:840} INFO - DAG(s) 'lakehouse_bronze_silver_gold' retrieved from /opt/airflow/dags/lakehouse_bsg_dag.py
[2026-02-18T11:14:58.964+0000] {logging_mixin.py:188} INFO - [2026-02-18T11:14:58.963+0000] {dag.py:3089} INFO - Sync 1 DAGs
[2026-02-18T11:14:58.979+0000] {logging_mixin.py:188} INFO - [2026-02-18T11:14:58.979+0000] {dag.py:3947} INFO - Setting next_dagrun for lakehouse_bronze_silver_gold to None, run_after=None
[2026-02-18T11:14:59.004+0000] {processor.py:183} INFO - Processing /opt/airflow/dags/lakehouse_bsg_dag.py took 0.096 seconds
[2026-02-18T11:15:31.940+0000] {processor.py:161} INFO - Started process (PID=784) to work on /opt/airflow/dags/lakehouse_bsg_dag.py
[2026-02-18T11:15:31.941+0000] {processor.py:830} INFO - Processing file /opt/airflow/dags/lakehouse_bsg_dag.py for tasks to queue
[2026-02-18T11:15:31.943+0000] {logging_mixin.py:188} INFO - [2026-02-18T11:15:31.943+0000] {dagbag.py:545} INFO - Filling up the DagBag from /opt/airflow/dags/lakehouse_bsg_dag.py
[2026-02-18T11:15:31.959+0000] {processor.py:840} INFO - DAG(s) 'lakehouse_bronze_silver_gold' retrieved from /opt/airflow/dags/lakehouse_bsg_dag.py
[2026-02-18T11:15:31.982+0000] {logging_mixin.py:188} INFO - [2026-02-18T11:15:31.982+0000] {dag.py:3089} INFO - Sync 1 DAGs
[2026-02-18T11:15:31.997+0000] {logging_mixin.py:188} INFO - [2026-02-18T11:15:31.997+0000] {dag.py:3947} INFO - Setting next_dagrun for lakehouse_bronze_silver_gold to None, run_after=None
[2026-02-18T11:15:32.016+0000] {processor.py:183} INFO - Processing /opt/airflow/dags/lakehouse_bsg_dag.py took 0.081 seconds
[2026-02-18T11:16:03.954+0000] {processor.py:161} INFO - Started process (PID=789) to work on /opt/airflow/dags/lakehouse_bsg_dag.py
[2026-02-18T11:16:03.955+0000] {processor.py:830} INFO - Processing file /opt/airflow/dags/lakehouse_bsg_dag.py for tasks to queue
[2026-02-18T11:16:03.956+0000] {logging_mixin.py:188} INFO - [2026-02-18T11:16:03.956+0000] {dagbag.py:545} INFO - Filling up the DagBag from /opt/airflow/dags/lakehouse_bsg_dag.py
[2026-02-18T11:16:03.970+0000] {processor.py:840} INFO - DAG(s) 'lakehouse_bronze_silver_gold' retrieved from /opt/airflow/dags/lakehouse_bsg_dag.py
[2026-02-18T11:16:03.996+0000] {logging_mixin.py:188} INFO - [2026-02-18T11:16:03.996+0000] {dag.py:3089} INFO - Sync 1 DAGs
[2026-02-18T11:16:04.006+0000] {logging_mixin.py:188} INFO - [2026-02-18T11:16:04.006+0000] {dag.py:3947} INFO - Setting next_dagrun for lakehouse_bronze_silver_gold to None, run_after=None
[2026-02-18T11:16:04.024+0000] {processor.py:183} INFO - Processing /opt/airflow/dags/lakehouse_bsg_dag.py took 0.074 seconds
[2026-02-18T11:16:36.910+0000] {processor.py:161} INFO - Started process (PID=794) to work on /opt/airflow/dags/lakehouse_bsg_dag.py
[2026-02-18T11:16:36.911+0000] {processor.py:830} INFO - Processing file /opt/airflow/dags/lakehouse_bsg_dag.py for tasks to queue
[2026-02-18T11:16:36.912+0000] {logging_mixin.py:188} INFO - [2026-02-18T11:16:36.912+0000] {dagbag.py:545} INFO - Filling up the DagBag from /opt/airflow/dags/lakehouse_bsg_dag.py
[2026-02-18T11:16:36.925+0000] {processor.py:840} INFO - DAG(s) 'lakehouse_bronze_silver_gold' retrieved from /opt/airflow/dags/lakehouse_bsg_dag.py
[2026-02-18T11:16:36.947+0000] {logging_mixin.py:188} INFO - [2026-02-18T11:16:36.947+0000] {dag.py:3089} INFO - Sync 1 DAGs
[2026-02-18T11:16:36.957+0000] {logging_mixin.py:188} INFO - [2026-02-18T11:16:36.957+0000] {dag.py:3947} INFO - Setting next_dagrun for lakehouse_bronze_silver_gold to None, run_after=None
[2026-02-18T11:16:36.973+0000] {processor.py:183} INFO - Processing /opt/airflow/dags/lakehouse_bsg_dag.py took 0.068 seconds
[2026-02-18T11:17:09.875+0000] {processor.py:161} INFO - Started process (PID=799) to work on /opt/airflow/dags/lakehouse_bsg_dag.py
[2026-02-18T11:17:09.877+0000] {processor.py:830} INFO - Processing file /opt/airflow/dags/lakehouse_bsg_dag.py for tasks to queue
[2026-02-18T11:17:09.879+0000] {logging_mixin.py:188} INFO - [2026-02-18T11:17:09.879+0000] {dagbag.py:545} INFO - Filling up the DagBag from /opt/airflow/dags/lakehouse_bsg_dag.py
[2026-02-18T11:17:09.917+0000] {processor.py:840} INFO - DAG(s) 'lakehouse_bronze_silver_gold' retrieved from /opt/airflow/dags/lakehouse_bsg_dag.py
[2026-02-18T11:17:09.942+0000] {logging_mixin.py:188} INFO - [2026-02-18T11:17:09.942+0000] {dag.py:3089} INFO - Sync 1 DAGs
[2026-02-18T11:17:09.952+0000] {logging_mixin.py:188} INFO - [2026-02-18T11:17:09.951+0000] {dag.py:3947} INFO - Setting next_dagrun for lakehouse_bronze_silver_gold to None, run_after=None
[2026-02-18T11:17:09.967+0000] {processor.py:183} INFO - Processing /opt/airflow/dags/lakehouse_bsg_dag.py took 0.096 seconds
[2026-02-18T11:17:42.762+0000] {processor.py:161} INFO - Started process (PID=804) to work on /opt/airflow/dags/lakehouse_bsg_dag.py
[2026-02-18T11:17:42.763+0000] {processor.py:830} INFO - Processing file /opt/airflow/dags/lakehouse_bsg_dag.py for tasks to queue
[2026-02-18T11:17:42.764+0000] {logging_mixin.py:188} INFO - [2026-02-18T11:17:42.764+0000] {dagbag.py:545} INFO - Filling up the DagBag from /opt/airflow/dags/lakehouse_bsg_dag.py
[2026-02-18T11:17:42.775+0000] {processor.py:840} INFO - DAG(s) 'lakehouse_bronze_silver_gold' retrieved from /opt/airflow/dags/lakehouse_bsg_dag.py
[2026-02-18T11:17:42.798+0000] {logging_mixin.py:188} INFO - [2026-02-18T11:17:42.798+0000] {dag.py:3089} INFO - Sync 1 DAGs
[2026-02-18T11:17:42.807+0000] {logging_mixin.py:188} INFO - [2026-02-18T11:17:42.807+0000] {dag.py:3947} INFO - Setting next_dagrun for lakehouse_bronze_silver_gold to None, run_after=None
[2026-02-18T11:17:42.821+0000] {processor.py:183} INFO - Processing /opt/airflow/dags/lakehouse_bsg_dag.py took 0.064 seconds
[2026-02-18T11:18:15.730+0000] {processor.py:161} INFO - Started process (PID=809) to work on /opt/airflow/dags/lakehouse_bsg_dag.py
[2026-02-18T11:18:15.730+0000] {processor.py:830} INFO - Processing file /opt/airflow/dags/lakehouse_bsg_dag.py for tasks to queue
[2026-02-18T11:18:15.732+0000] {logging_mixin.py:188} INFO - [2026-02-18T11:18:15.731+0000] {dagbag.py:545} INFO - Filling up the DagBag from /opt/airflow/dags/lakehouse_bsg_dag.py
[2026-02-18T11:18:15.745+0000] {processor.py:840} INFO - DAG(s) 'lakehouse_bronze_silver_gold' retrieved from /opt/airflow/dags/lakehouse_bsg_dag.py
[2026-02-18T11:18:15.765+0000] {logging_mixin.py:188} INFO - [2026-02-18T11:18:15.765+0000] {dag.py:3089} INFO - Sync 1 DAGs
[2026-02-18T11:18:15.774+0000] {logging_mixin.py:188} INFO - [2026-02-18T11:18:15.774+0000] {dag.py:3947} INFO - Setting next_dagrun for lakehouse_bronze_silver_gold to None, run_after=None
[2026-02-18T11:18:15.787+0000] {processor.py:183} INFO - Processing /opt/airflow/dags/lakehouse_bsg_dag.py took 0.062 seconds
[2026-02-18T11:18:47.702+0000] {processor.py:161} INFO - Started process (PID=814) to work on /opt/airflow/dags/lakehouse_bsg_dag.py
[2026-02-18T11:18:47.702+0000] {processor.py:830} INFO - Processing file /opt/airflow/dags/lakehouse_bsg_dag.py for tasks to queue
[2026-02-18T11:18:47.704+0000] {logging_mixin.py:188} INFO - [2026-02-18T11:18:47.703+0000] {dagbag.py:545} INFO - Filling up the DagBag from /opt/airflow/dags/lakehouse_bsg_dag.py
[2026-02-18T11:18:47.716+0000] {processor.py:840} INFO - DAG(s) 'lakehouse_bronze_silver_gold' retrieved from /opt/airflow/dags/lakehouse_bsg_dag.py
[2026-02-18T11:18:47.740+0000] {logging_mixin.py:188} INFO - [2026-02-18T11:18:47.740+0000] {dag.py:3089} INFO - Sync 1 DAGs
[2026-02-18T11:18:47.749+0000] {logging_mixin.py:188} INFO - [2026-02-18T11:18:47.749+0000] {dag.py:3947} INFO - Setting next_dagrun for lakehouse_bronze_silver_gold to None, run_after=None
[2026-02-18T11:18:47.763+0000] {processor.py:183} INFO - Processing /opt/airflow/dags/lakehouse_bsg_dag.py took 0.065 seconds
[2026-02-18T11:19:20.567+0000] {processor.py:161} INFO - Started process (PID=819) to work on /opt/airflow/dags/lakehouse_bsg_dag.py
[2026-02-18T11:19:20.572+0000] {processor.py:830} INFO - Processing file /opt/airflow/dags/lakehouse_bsg_dag.py for tasks to queue
[2026-02-18T11:19:20.574+0000] {logging_mixin.py:188} INFO - [2026-02-18T11:19:20.574+0000] {dagbag.py:545} INFO - Filling up the DagBag from /opt/airflow/dags/lakehouse_bsg_dag.py
[2026-02-18T11:19:20.589+0000] {processor.py:840} INFO - DAG(s) 'lakehouse_bronze_silver_gold' retrieved from /opt/airflow/dags/lakehouse_bsg_dag.py
[2026-02-18T11:19:20.614+0000] {logging_mixin.py:188} INFO - [2026-02-18T11:19:20.614+0000] {dag.py:3089} INFO - Sync 1 DAGs
[2026-02-18T11:19:20.626+0000] {logging_mixin.py:188} INFO - [2026-02-18T11:19:20.626+0000] {dag.py:3947} INFO - Setting next_dagrun for lakehouse_bronze_silver_gold to None, run_after=None
[2026-02-18T11:19:20.642+0000] {processor.py:183} INFO - Processing /opt/airflow/dags/lakehouse_bsg_dag.py took 0.079 seconds
[2026-02-18T11:19:53.579+0000] {processor.py:161} INFO - Started process (PID=824) to work on /opt/airflow/dags/lakehouse_bsg_dag.py
[2026-02-18T11:19:53.580+0000] {processor.py:830} INFO - Processing file /opt/airflow/dags/lakehouse_bsg_dag.py for tasks to queue
[2026-02-18T11:19:53.582+0000] {logging_mixin.py:188} INFO - [2026-02-18T11:19:53.582+0000] {dagbag.py:545} INFO - Filling up the DagBag from /opt/airflow/dags/lakehouse_bsg_dag.py
[2026-02-18T11:19:53.596+0000] {processor.py:840} INFO - DAG(s) 'lakehouse_bronze_silver_gold' retrieved from /opt/airflow/dags/lakehouse_bsg_dag.py
[2026-02-18T11:19:53.619+0000] {logging_mixin.py:188} INFO - [2026-02-18T11:19:53.619+0000] {dag.py:3089} INFO - Sync 1 DAGs
[2026-02-18T11:19:53.629+0000] {logging_mixin.py:188} INFO - [2026-02-18T11:19:53.628+0000] {dag.py:3947} INFO - Setting next_dagrun for lakehouse_bronze_silver_gold to None, run_after=None
[2026-02-18T11:19:53.642+0000] {processor.py:183} INFO - Processing /opt/airflow/dags/lakehouse_bsg_dag.py took 0.067 seconds
[2026-02-18T11:20:26.550+0000] {processor.py:161} INFO - Started process (PID=829) to work on /opt/airflow/dags/lakehouse_bsg_dag.py
[2026-02-18T11:20:26.551+0000] {processor.py:830} INFO - Processing file /opt/airflow/dags/lakehouse_bsg_dag.py for tasks to queue
[2026-02-18T11:20:26.554+0000] {logging_mixin.py:188} INFO - [2026-02-18T11:20:26.553+0000] {dagbag.py:545} INFO - Filling up the DagBag from /opt/airflow/dags/lakehouse_bsg_dag.py
[2026-02-18T11:20:26.582+0000] {processor.py:840} INFO - DAG(s) 'lakehouse_bronze_silver_gold' retrieved from /opt/airflow/dags/lakehouse_bsg_dag.py
[2026-02-18T11:20:26.625+0000] {logging_mixin.py:188} INFO - [2026-02-18T11:20:26.625+0000] {dag.py:3089} INFO - Sync 1 DAGs
[2026-02-18T11:20:26.649+0000] {logging_mixin.py:188} INFO - [2026-02-18T11:20:26.648+0000] {dag.py:3947} INFO - Setting next_dagrun for lakehouse_bronze_silver_gold to None, run_after=None
[2026-02-18T11:20:26.680+0000] {processor.py:183} INFO - Processing /opt/airflow/dags/lakehouse_bsg_dag.py took 0.137 seconds
[2026-02-18T11:20:58.598+0000] {processor.py:161} INFO - Started process (PID=834) to work on /opt/airflow/dags/lakehouse_bsg_dag.py
[2026-02-18T11:20:58.600+0000] {processor.py:830} INFO - Processing file /opt/airflow/dags/lakehouse_bsg_dag.py for tasks to queue
[2026-02-18T11:20:58.602+0000] {logging_mixin.py:188} INFO - [2026-02-18T11:20:58.601+0000] {dagbag.py:545} INFO - Filling up the DagBag from /opt/airflow/dags/lakehouse_bsg_dag.py
[2026-02-18T11:20:58.642+0000] {processor.py:840} INFO - DAG(s) 'lakehouse_bronze_silver_gold' retrieved from /opt/airflow/dags/lakehouse_bsg_dag.py
[2026-02-18T11:20:58.672+0000] {logging_mixin.py:188} INFO - [2026-02-18T11:20:58.672+0000] {dag.py:3089} INFO - Sync 1 DAGs
[2026-02-18T11:20:58.684+0000] {logging_mixin.py:188} INFO - [2026-02-18T11:20:58.683+0000] {dag.py:3947} INFO - Setting next_dagrun for lakehouse_bronze_silver_gold to None, run_after=None
[2026-02-18T11:20:58.702+0000] {processor.py:183} INFO - Processing /opt/airflow/dags/lakehouse_bsg_dag.py took 0.109 seconds
[2026-02-18T11:21:31.575+0000] {processor.py:161} INFO - Started process (PID=839) to work on /opt/airflow/dags/lakehouse_bsg_dag.py
[2026-02-18T11:21:31.576+0000] {processor.py:830} INFO - Processing file /opt/airflow/dags/lakehouse_bsg_dag.py for tasks to queue
[2026-02-18T11:21:31.578+0000] {logging_mixin.py:188} INFO - [2026-02-18T11:21:31.577+0000] {dagbag.py:545} INFO - Filling up the DagBag from /opt/airflow/dags/lakehouse_bsg_dag.py
[2026-02-18T11:21:31.593+0000] {processor.py:840} INFO - DAG(s) 'lakehouse_bronze_silver_gold' retrieved from /opt/airflow/dags/lakehouse_bsg_dag.py
[2026-02-18T11:21:31.622+0000] {logging_mixin.py:188} INFO - [2026-02-18T11:21:31.621+0000] {dag.py:3089} INFO - Sync 1 DAGs
[2026-02-18T11:21:31.632+0000] {logging_mixin.py:188} INFO - [2026-02-18T11:21:31.632+0000] {dag.py:3947} INFO - Setting next_dagrun for lakehouse_bronze_silver_gold to None, run_after=None
[2026-02-18T11:21:31.652+0000] {processor.py:183} INFO - Processing /opt/airflow/dags/lakehouse_bsg_dag.py took 0.080 seconds
[2026-02-18T11:22:04.573+0000] {processor.py:161} INFO - Started process (PID=844) to work on /opt/airflow/dags/lakehouse_bsg_dag.py
[2026-02-18T11:22:04.574+0000] {processor.py:830} INFO - Processing file /opt/airflow/dags/lakehouse_bsg_dag.py for tasks to queue
[2026-02-18T11:22:04.576+0000] {logging_mixin.py:188} INFO - [2026-02-18T11:22:04.576+0000] {dagbag.py:545} INFO - Filling up the DagBag from /opt/airflow/dags/lakehouse_bsg_dag.py
[2026-02-18T11:22:04.592+0000] {processor.py:840} INFO - DAG(s) 'lakehouse_bronze_silver_gold' retrieved from /opt/airflow/dags/lakehouse_bsg_dag.py
[2026-02-18T11:22:04.618+0000] {logging_mixin.py:188} INFO - [2026-02-18T11:22:04.618+0000] {dag.py:3089} INFO - Sync 1 DAGs
[2026-02-18T11:22:04.627+0000] {logging_mixin.py:188} INFO - [2026-02-18T11:22:04.627+0000] {dag.py:3947} INFO - Setting next_dagrun for lakehouse_bronze_silver_gold to None, run_after=None
[2026-02-18T11:22:04.641+0000] {processor.py:183} INFO - Processing /opt/airflow/dags/lakehouse_bsg_dag.py took 0.073 seconds
[2026-02-18T11:22:37.512+0000] {processor.py:161} INFO - Started process (PID=849) to work on /opt/airflow/dags/lakehouse_bsg_dag.py
[2026-02-18T11:22:37.512+0000] {processor.py:830} INFO - Processing file /opt/airflow/dags/lakehouse_bsg_dag.py for tasks to queue
[2026-02-18T11:22:37.514+0000] {logging_mixin.py:188} INFO - [2026-02-18T11:22:37.514+0000] {dagbag.py:545} INFO - Filling up the DagBag from /opt/airflow/dags/lakehouse_bsg_dag.py
[2026-02-18T11:22:37.529+0000] {processor.py:840} INFO - DAG(s) 'lakehouse_bronze_silver_gold' retrieved from /opt/airflow/dags/lakehouse_bsg_dag.py
[2026-02-18T11:22:37.555+0000] {logging_mixin.py:188} INFO - [2026-02-18T11:22:37.555+0000] {dag.py:3089} INFO - Sync 1 DAGs
[2026-02-18T11:22:37.565+0000] {logging_mixin.py:188} INFO - [2026-02-18T11:22:37.565+0000] {dag.py:3947} INFO - Setting next_dagrun for lakehouse_bronze_silver_gold to None, run_after=None
[2026-02-18T11:22:37.580+0000] {processor.py:183} INFO - Processing /opt/airflow/dags/lakehouse_bsg_dag.py took 0.072 seconds
[2026-02-18T11:23:09.491+0000] {processor.py:161} INFO - Started process (PID=854) to work on /opt/airflow/dags/lakehouse_bsg_dag.py
[2026-02-18T11:23:09.492+0000] {processor.py:830} INFO - Processing file /opt/airflow/dags/lakehouse_bsg_dag.py for tasks to queue
[2026-02-18T11:23:09.494+0000] {logging_mixin.py:188} INFO - [2026-02-18T11:23:09.493+0000] {dagbag.py:545} INFO - Filling up the DagBag from /opt/airflow/dags/lakehouse_bsg_dag.py
[2026-02-18T11:23:09.508+0000] {processor.py:840} INFO - DAG(s) 'lakehouse_bronze_silver_gold' retrieved from /opt/airflow/dags/lakehouse_bsg_dag.py
[2026-02-18T11:23:09.532+0000] {logging_mixin.py:188} INFO - [2026-02-18T11:23:09.531+0000] {dag.py:3089} INFO - Sync 1 DAGs
[2026-02-18T11:23:09.541+0000] {logging_mixin.py:188} INFO - [2026-02-18T11:23:09.541+0000] {dag.py:3947} INFO - Setting next_dagrun for lakehouse_bronze_silver_gold to None, run_after=None
[2026-02-18T11:23:09.557+0000] {processor.py:183} INFO - Processing /opt/airflow/dags/lakehouse_bsg_dag.py took 0.069 seconds
[2026-02-18T11:23:42.402+0000] {processor.py:161} INFO - Started process (PID=859) to work on /opt/airflow/dags/lakehouse_bsg_dag.py
[2026-02-18T11:23:42.403+0000] {processor.py:830} INFO - Processing file /opt/airflow/dags/lakehouse_bsg_dag.py for tasks to queue
[2026-02-18T11:23:42.405+0000] {logging_mixin.py:188} INFO - [2026-02-18T11:23:42.405+0000] {dagbag.py:545} INFO - Filling up the DagBag from /opt/airflow/dags/lakehouse_bsg_dag.py
[2026-02-18T11:23:42.420+0000] {processor.py:840} INFO - DAG(s) 'lakehouse_bronze_silver_gold' retrieved from /opt/airflow/dags/lakehouse_bsg_dag.py
[2026-02-18T11:23:42.446+0000] {logging_mixin.py:188} INFO - [2026-02-18T11:23:42.446+0000] {dag.py:3089} INFO - Sync 1 DAGs
[2026-02-18T11:23:42.456+0000] {logging_mixin.py:188} INFO - [2026-02-18T11:23:42.456+0000] {dag.py:3947} INFO - Setting next_dagrun for lakehouse_bronze_silver_gold to None, run_after=None
[2026-02-18T11:23:42.470+0000] {processor.py:183} INFO - Processing /opt/airflow/dags/lakehouse_bsg_dag.py took 0.072 seconds
[2026-02-18T11:24:15.357+0000] {processor.py:161} INFO - Started process (PID=864) to work on /opt/airflow/dags/lakehouse_bsg_dag.py
[2026-02-18T11:24:15.358+0000] {processor.py:830} INFO - Processing file /opt/airflow/dags/lakehouse_bsg_dag.py for tasks to queue
[2026-02-18T11:24:15.360+0000] {logging_mixin.py:188} INFO - [2026-02-18T11:24:15.360+0000] {dagbag.py:545} INFO - Filling up the DagBag from /opt/airflow/dags/lakehouse_bsg_dag.py
[2026-02-18T11:24:15.376+0000] {processor.py:840} INFO - DAG(s) 'lakehouse_bronze_silver_gold' retrieved from /opt/airflow/dags/lakehouse_bsg_dag.py
[2026-02-18T11:24:15.401+0000] {logging_mixin.py:188} INFO - [2026-02-18T11:24:15.400+0000] {dag.py:3089} INFO - Sync 1 DAGs
[2026-02-18T11:24:15.409+0000] {logging_mixin.py:188} INFO - [2026-02-18T11:24:15.409+0000] {dag.py:3947} INFO - Setting next_dagrun for lakehouse_bronze_silver_gold to None, run_after=None
[2026-02-18T11:24:15.423+0000] {processor.py:183} INFO - Processing /opt/airflow/dags/lakehouse_bsg_dag.py took 0.069 seconds
[2026-02-18T11:24:48.283+0000] {processor.py:161} INFO - Started process (PID=869) to work on /opt/airflow/dags/lakehouse_bsg_dag.py
[2026-02-18T11:24:48.284+0000] {processor.py:830} INFO - Processing file /opt/airflow/dags/lakehouse_bsg_dag.py for tasks to queue
[2026-02-18T11:24:48.285+0000] {logging_mixin.py:188} INFO - [2026-02-18T11:24:48.285+0000] {dagbag.py:545} INFO - Filling up the DagBag from /opt/airflow/dags/lakehouse_bsg_dag.py
[2026-02-18T11:24:48.299+0000] {processor.py:840} INFO - DAG(s) 'lakehouse_bronze_silver_gold' retrieved from /opt/airflow/dags/lakehouse_bsg_dag.py
[2026-02-18T11:24:48.325+0000] {logging_mixin.py:188} INFO - [2026-02-18T11:24:48.325+0000] {dag.py:3089} INFO - Sync 1 DAGs
[2026-02-18T11:24:48.334+0000] {logging_mixin.py:188} INFO - [2026-02-18T11:24:48.334+0000] {dag.py:3947} INFO - Setting next_dagrun for lakehouse_bronze_silver_gold to None, run_after=None
[2026-02-18T11:24:48.348+0000] {processor.py:183} INFO - Processing /opt/airflow/dags/lakehouse_bsg_dag.py took 0.070 seconds
[2026-02-18T11:25:21.282+0000] {processor.py:161} INFO - Started process (PID=874) to work on /opt/airflow/dags/lakehouse_bsg_dag.py
[2026-02-18T11:25:21.283+0000] {processor.py:830} INFO - Processing file /opt/airflow/dags/lakehouse_bsg_dag.py for tasks to queue
[2026-02-18T11:25:21.285+0000] {logging_mixin.py:188} INFO - [2026-02-18T11:25:21.284+0000] {dagbag.py:545} INFO - Filling up the DagBag from /opt/airflow/dags/lakehouse_bsg_dag.py
[2026-02-18T11:25:21.303+0000] {processor.py:840} INFO - DAG(s) 'lakehouse_bronze_silver_gold' retrieved from /opt/airflow/dags/lakehouse_bsg_dag.py
[2026-02-18T11:25:21.330+0000] {logging_mixin.py:188} INFO - [2026-02-18T11:25:21.329+0000] {dag.py:3089} INFO - Sync 1 DAGs
[2026-02-18T11:25:21.340+0000] {logging_mixin.py:188} INFO - [2026-02-18T11:25:21.340+0000] {dag.py:3947} INFO - Setting next_dagrun for lakehouse_bronze_silver_gold to None, run_after=None
[2026-02-18T11:25:21.357+0000] {processor.py:183} INFO - Processing /opt/airflow/dags/lakehouse_bsg_dag.py took 0.080 seconds
[2026-02-18T11:25:53.190+0000] {processor.py:161} INFO - Started process (PID=879) to work on /opt/airflow/dags/lakehouse_bsg_dag.py
[2026-02-18T11:25:53.192+0000] {processor.py:830} INFO - Processing file /opt/airflow/dags/lakehouse_bsg_dag.py for tasks to queue
[2026-02-18T11:25:53.193+0000] {logging_mixin.py:188} INFO - [2026-02-18T11:25:53.193+0000] {dagbag.py:545} INFO - Filling up the DagBag from /opt/airflow/dags/lakehouse_bsg_dag.py
[2026-02-18T11:25:53.212+0000] {processor.py:840} INFO - DAG(s) 'lakehouse_bronze_silver_gold' retrieved from /opt/airflow/dags/lakehouse_bsg_dag.py
[2026-02-18T11:25:53.238+0000] {logging_mixin.py:188} INFO - [2026-02-18T11:25:53.238+0000] {dag.py:3089} INFO - Sync 1 DAGs
[2026-02-18T11:25:53.248+0000] {logging_mixin.py:188} INFO - [2026-02-18T11:25:53.247+0000] {dag.py:3947} INFO - Setting next_dagrun for lakehouse_bronze_silver_gold to None, run_after=None
[2026-02-18T11:25:53.261+0000] {processor.py:183} INFO - Processing /opt/airflow/dags/lakehouse_bsg_dag.py took 0.075 seconds
[2026-02-18T11:26:26.188+0000] {processor.py:161} INFO - Started process (PID=884) to work on /opt/airflow/dags/lakehouse_bsg_dag.py
[2026-02-18T11:26:26.189+0000] {processor.py:830} INFO - Processing file /opt/airflow/dags/lakehouse_bsg_dag.py for tasks to queue
[2026-02-18T11:26:26.191+0000] {logging_mixin.py:188} INFO - [2026-02-18T11:26:26.190+0000] {dagbag.py:545} INFO - Filling up the DagBag from /opt/airflow/dags/lakehouse_bsg_dag.py
[2026-02-18T11:26:26.208+0000] {processor.py:840} INFO - DAG(s) 'lakehouse_bronze_silver_gold' retrieved from /opt/airflow/dags/lakehouse_bsg_dag.py
[2026-02-18T11:26:26.243+0000] {logging_mixin.py:188} INFO - [2026-02-18T11:26:26.243+0000] {dag.py:3089} INFO - Sync 1 DAGs
[2026-02-18T11:26:26.254+0000] {logging_mixin.py:188} INFO - [2026-02-18T11:26:26.254+0000] {dag.py:3947} INFO - Setting next_dagrun for lakehouse_bronze_silver_gold to None, run_after=None
[2026-02-18T11:26:26.270+0000] {processor.py:183} INFO - Processing /opt/airflow/dags/lakehouse_bsg_dag.py took 0.087 seconds
[2026-02-18T11:26:59.107+0000] {processor.py:161} INFO - Started process (PID=889) to work on /opt/airflow/dags/lakehouse_bsg_dag.py
[2026-02-18T11:26:59.108+0000] {processor.py:830} INFO - Processing file /opt/airflow/dags/lakehouse_bsg_dag.py for tasks to queue
[2026-02-18T11:26:59.110+0000] {logging_mixin.py:188} INFO - [2026-02-18T11:26:59.110+0000] {dagbag.py:545} INFO - Filling up the DagBag from /opt/airflow/dags/lakehouse_bsg_dag.py
[2026-02-18T11:26:59.125+0000] {processor.py:840} INFO - DAG(s) 'lakehouse_bronze_silver_gold' retrieved from /opt/airflow/dags/lakehouse_bsg_dag.py
[2026-02-18T11:26:59.150+0000] {logging_mixin.py:188} INFO - [2026-02-18T11:26:59.150+0000] {dag.py:3089} INFO - Sync 1 DAGs
[2026-02-18T11:26:59.160+0000] {logging_mixin.py:188} INFO - [2026-02-18T11:26:59.160+0000] {dag.py:3947} INFO - Setting next_dagrun for lakehouse_bronze_silver_gold to None, run_after=None
[2026-02-18T11:26:59.176+0000] {processor.py:183} INFO - Processing /opt/airflow/dags/lakehouse_bsg_dag.py took 0.074 seconds
[2026-02-18T11:27:32.104+0000] {processor.py:161} INFO - Started process (PID=894) to work on /opt/airflow/dags/lakehouse_bsg_dag.py
[2026-02-18T11:27:32.105+0000] {processor.py:830} INFO - Processing file /opt/airflow/dags/lakehouse_bsg_dag.py for tasks to queue
[2026-02-18T11:27:32.107+0000] {logging_mixin.py:188} INFO - [2026-02-18T11:27:32.107+0000] {dagbag.py:545} INFO - Filling up the DagBag from /opt/airflow/dags/lakehouse_bsg_dag.py
[2026-02-18T11:27:32.132+0000] {processor.py:840} INFO - DAG(s) 'lakehouse_bronze_silver_gold' retrieved from /opt/airflow/dags/lakehouse_bsg_dag.py
[2026-02-18T11:27:32.155+0000] {logging_mixin.py:188} INFO - [2026-02-18T11:27:32.155+0000] {dag.py:3089} INFO - Sync 1 DAGs
[2026-02-18T11:27:32.165+0000] {logging_mixin.py:188} INFO - [2026-02-18T11:27:32.165+0000] {dag.py:3947} INFO - Setting next_dagrun for lakehouse_bronze_silver_gold to None, run_after=None
[2026-02-18T11:27:32.180+0000] {processor.py:183} INFO - Processing /opt/airflow/dags/lakehouse_bsg_dag.py took 0.080 seconds
[2026-02-18T11:28:04.982+0000] {processor.py:161} INFO - Started process (PID=899) to work on /opt/airflow/dags/lakehouse_bsg_dag.py
[2026-02-18T11:28:04.983+0000] {processor.py:830} INFO - Processing file /opt/airflow/dags/lakehouse_bsg_dag.py for tasks to queue
[2026-02-18T11:28:04.985+0000] {logging_mixin.py:188} INFO - [2026-02-18T11:28:04.985+0000] {dagbag.py:545} INFO - Filling up the DagBag from /opt/airflow/dags/lakehouse_bsg_dag.py
[2026-02-18T11:28:05.000+0000] {processor.py:840} INFO - DAG(s) 'lakehouse_bronze_silver_gold' retrieved from /opt/airflow/dags/lakehouse_bsg_dag.py
[2026-02-18T11:28:05.025+0000] {logging_mixin.py:188} INFO - [2026-02-18T11:28:05.025+0000] {dag.py:3089} INFO - Sync 1 DAGs
[2026-02-18T11:28:05.037+0000] {logging_mixin.py:188} INFO - [2026-02-18T11:28:05.037+0000] {dag.py:3947} INFO - Setting next_dagrun for lakehouse_bronze_silver_gold to None, run_after=None
[2026-02-18T11:28:05.054+0000] {processor.py:183} INFO - Processing /opt/airflow/dags/lakehouse_bsg_dag.py took 0.075 seconds
[2026-02-18T11:28:36.978+0000] {processor.py:161} INFO - Started process (PID=904) to work on /opt/airflow/dags/lakehouse_bsg_dag.py
[2026-02-18T11:28:36.979+0000] {processor.py:830} INFO - Processing file /opt/airflow/dags/lakehouse_bsg_dag.py for tasks to queue
[2026-02-18T11:28:36.980+0000] {logging_mixin.py:188} INFO - [2026-02-18T11:28:36.980+0000] {dagbag.py:545} INFO - Filling up the DagBag from /opt/airflow/dags/lakehouse_bsg_dag.py
[2026-02-18T11:28:36.993+0000] {processor.py:840} INFO - DAG(s) 'lakehouse_bronze_silver_gold' retrieved from /opt/airflow/dags/lakehouse_bsg_dag.py
[2026-02-18T11:28:37.016+0000] {logging_mixin.py:188} INFO - [2026-02-18T11:28:37.016+0000] {dag.py:3089} INFO - Sync 1 DAGs
[2026-02-18T11:28:37.026+0000] {logging_mixin.py:188} INFO - [2026-02-18T11:28:37.026+0000] {dag.py:3947} INFO - Setting next_dagrun for lakehouse_bronze_silver_gold to None, run_after=None
[2026-02-18T11:28:37.041+0000] {processor.py:183} INFO - Processing /opt/airflow/dags/lakehouse_bsg_dag.py took 0.067 seconds
[2026-02-18T11:29:09.911+0000] {processor.py:161} INFO - Started process (PID=909) to work on /opt/airflow/dags/lakehouse_bsg_dag.py
[2026-02-18T11:29:09.912+0000] {processor.py:830} INFO - Processing file /opt/airflow/dags/lakehouse_bsg_dag.py for tasks to queue
[2026-02-18T11:29:09.913+0000] {logging_mixin.py:188} INFO - [2026-02-18T11:29:09.913+0000] {dagbag.py:545} INFO - Filling up the DagBag from /opt/airflow/dags/lakehouse_bsg_dag.py
[2026-02-18T11:29:09.930+0000] {processor.py:840} INFO - DAG(s) 'lakehouse_bronze_silver_gold' retrieved from /opt/airflow/dags/lakehouse_bsg_dag.py
[2026-02-18T11:29:09.956+0000] {logging_mixin.py:188} INFO - [2026-02-18T11:29:09.955+0000] {dag.py:3089} INFO - Sync 1 DAGs
[2026-02-18T11:29:09.966+0000] {logging_mixin.py:188} INFO - [2026-02-18T11:29:09.966+0000] {dag.py:3947} INFO - Setting next_dagrun for lakehouse_bronze_silver_gold to None, run_after=None
[2026-02-18T11:29:09.984+0000] {processor.py:183} INFO - Processing /opt/airflow/dags/lakehouse_bsg_dag.py took 0.078 seconds
[2026-02-18T11:29:42.814+0000] {processor.py:161} INFO - Started process (PID=914) to work on /opt/airflow/dags/lakehouse_bsg_dag.py
[2026-02-18T11:29:42.815+0000] {processor.py:830} INFO - Processing file /opt/airflow/dags/lakehouse_bsg_dag.py for tasks to queue
[2026-02-18T11:29:42.817+0000] {logging_mixin.py:188} INFO - [2026-02-18T11:29:42.816+0000] {dagbag.py:545} INFO - Filling up the DagBag from /opt/airflow/dags/lakehouse_bsg_dag.py
[2026-02-18T11:29:42.836+0000] {processor.py:840} INFO - DAG(s) 'lakehouse_bronze_silver_gold' retrieved from /opt/airflow/dags/lakehouse_bsg_dag.py
[2026-02-18T11:29:42.882+0000] {logging_mixin.py:188} INFO - [2026-02-18T11:29:42.882+0000] {dag.py:3089} INFO - Sync 1 DAGs
[2026-02-18T11:29:42.894+0000] {logging_mixin.py:188} INFO - [2026-02-18T11:29:42.894+0000] {dag.py:3947} INFO - Setting next_dagrun for lakehouse_bronze_silver_gold to None, run_after=None
[2026-02-18T11:29:42.918+0000] {processor.py:183} INFO - Processing /opt/airflow/dags/lakehouse_bsg_dag.py took 0.109 seconds
[2026-02-18T11:30:15.718+0000] {processor.py:161} INFO - Started process (PID=919) to work on /opt/airflow/dags/lakehouse_bsg_dag.py
[2026-02-18T11:30:15.720+0000] {processor.py:830} INFO - Processing file /opt/airflow/dags/lakehouse_bsg_dag.py for tasks to queue
[2026-02-18T11:30:15.722+0000] {logging_mixin.py:188} INFO - [2026-02-18T11:30:15.721+0000] {dagbag.py:545} INFO - Filling up the DagBag from /opt/airflow/dags/lakehouse_bsg_dag.py
[2026-02-18T11:30:15.747+0000] {processor.py:840} INFO - DAG(s) 'lakehouse_bronze_silver_gold' retrieved from /opt/airflow/dags/lakehouse_bsg_dag.py
[2026-02-18T11:30:15.776+0000] {logging_mixin.py:188} INFO - [2026-02-18T11:30:15.776+0000] {dag.py:3089} INFO - Sync 1 DAGs
[2026-02-18T11:30:15.786+0000] {logging_mixin.py:188} INFO - [2026-02-18T11:30:15.786+0000] {dag.py:3947} INFO - Setting next_dagrun for lakehouse_bronze_silver_gold to None, run_after=None
[2026-02-18T11:30:15.804+0000] {processor.py:183} INFO - Processing /opt/airflow/dags/lakehouse_bsg_dag.py took 0.092 seconds
[2026-02-18T11:30:47.682+0000] {processor.py:161} INFO - Started process (PID=924) to work on /opt/airflow/dags/lakehouse_bsg_dag.py
[2026-02-18T11:30:47.684+0000] {processor.py:830} INFO - Processing file /opt/airflow/dags/lakehouse_bsg_dag.py for tasks to queue
[2026-02-18T11:30:47.686+0000] {logging_mixin.py:188} INFO - [2026-02-18T11:30:47.686+0000] {dagbag.py:545} INFO - Filling up the DagBag from /opt/airflow/dags/lakehouse_bsg_dag.py
[2026-02-18T11:30:47.703+0000] {processor.py:840} INFO - DAG(s) 'lakehouse_bronze_silver_gold' retrieved from /opt/airflow/dags/lakehouse_bsg_dag.py
[2026-02-18T11:30:47.731+0000] {logging_mixin.py:188} INFO - [2026-02-18T11:30:47.731+0000] {dag.py:3089} INFO - Sync 1 DAGs
[2026-02-18T11:30:47.742+0000] {logging_mixin.py:188} INFO - [2026-02-18T11:30:47.742+0000] {dag.py:3947} INFO - Setting next_dagrun for lakehouse_bronze_silver_gold to None, run_after=None
[2026-02-18T11:30:47.761+0000] {processor.py:183} INFO - Processing /opt/airflow/dags/lakehouse_bsg_dag.py took 0.083 seconds
[2026-02-18T11:31:20.632+0000] {processor.py:161} INFO - Started process (PID=929) to work on /opt/airflow/dags/lakehouse_bsg_dag.py
[2026-02-18T11:31:20.633+0000] {processor.py:830} INFO - Processing file /opt/airflow/dags/lakehouse_bsg_dag.py for tasks to queue
[2026-02-18T11:31:20.634+0000] {logging_mixin.py:188} INFO - [2026-02-18T11:31:20.634+0000] {dagbag.py:545} INFO - Filling up the DagBag from /opt/airflow/dags/lakehouse_bsg_dag.py
[2026-02-18T11:31:20.660+0000] {processor.py:840} INFO - DAG(s) 'lakehouse_bronze_silver_gold' retrieved from /opt/airflow/dags/lakehouse_bsg_dag.py
[2026-02-18T11:31:20.708+0000] {logging_mixin.py:188} INFO - [2026-02-18T11:31:20.708+0000] {dag.py:3089} INFO - Sync 1 DAGs
[2026-02-18T11:31:20.718+0000] {logging_mixin.py:188} INFO - [2026-02-18T11:31:20.718+0000] {dag.py:3947} INFO - Setting next_dagrun for lakehouse_bronze_silver_gold to None, run_after=None
[2026-02-18T11:31:20.736+0000] {processor.py:183} INFO - Processing /opt/airflow/dags/lakehouse_bsg_dag.py took 0.109 seconds
[2026-02-18T11:31:54.312+0000] {processor.py:161} INFO - Started process (PID=934) to work on /opt/airflow/dags/lakehouse_bsg_dag.py
[2026-02-18T11:31:54.332+0000] {processor.py:830} INFO - Processing file /opt/airflow/dags/lakehouse_bsg_dag.py for tasks to queue
[2026-02-18T11:31:54.396+0000] {logging_mixin.py:188} INFO - [2026-02-18T11:31:54.387+0000] {dagbag.py:545} INFO - Filling up the DagBag from /opt/airflow/dags/lakehouse_bsg_dag.py
[2026-02-18T11:31:54.660+0000] {processor.py:840} INFO - DAG(s) 'lakehouse_bronze_silver_gold' retrieved from /opt/airflow/dags/lakehouse_bsg_dag.py
[2026-02-18T11:31:55.331+0000] {logging_mixin.py:188} INFO - [2026-02-18T11:31:55.331+0000] {dag.py:3089} INFO - Sync 1 DAGs
[2026-02-18T11:31:55.430+0000] {logging_mixin.py:188} INFO - [2026-02-18T11:31:55.429+0000] {dag.py:3947} INFO - Setting next_dagrun for lakehouse_bronze_silver_gold to None, run_after=None
[2026-02-18T11:31:55.576+0000] {processor.py:183} INFO - Processing /opt/airflow/dags/lakehouse_bsg_dag.py took 1.376 seconds
[2026-02-18T11:32:26.511+0000] {processor.py:161} INFO - Started process (PID=939) to work on /opt/airflow/dags/lakehouse_bsg_dag.py
[2026-02-18T11:32:26.513+0000] {processor.py:830} INFO - Processing file /opt/airflow/dags/lakehouse_bsg_dag.py for tasks to queue
[2026-02-18T11:32:26.516+0000] {logging_mixin.py:188} INFO - [2026-02-18T11:32:26.515+0000] {dagbag.py:545} INFO - Filling up the DagBag from /opt/airflow/dags/lakehouse_bsg_dag.py
[2026-02-18T11:32:26.544+0000] {processor.py:840} INFO - DAG(s) 'lakehouse_bronze_silver_gold' retrieved from /opt/airflow/dags/lakehouse_bsg_dag.py
[2026-02-18T11:32:26.580+0000] {logging_mixin.py:188} INFO - [2026-02-18T11:32:26.580+0000] {dag.py:3089} INFO - Sync 1 DAGs
[2026-02-18T11:32:26.592+0000] {logging_mixin.py:188} INFO - [2026-02-18T11:32:26.591+0000] {dag.py:3947} INFO - Setting next_dagrun for lakehouse_bronze_silver_gold to None, run_after=None
[2026-02-18T11:32:26.610+0000] {processor.py:183} INFO - Processing /opt/airflow/dags/lakehouse_bsg_dag.py took 0.106 seconds
[2026-02-18T11:32:59.397+0000] {processor.py:161} INFO - Started process (PID=944) to work on /opt/airflow/dags/lakehouse_bsg_dag.py
[2026-02-18T11:32:59.398+0000] {processor.py:830} INFO - Processing file /opt/airflow/dags/lakehouse_bsg_dag.py for tasks to queue
[2026-02-18T11:32:59.400+0000] {logging_mixin.py:188} INFO - [2026-02-18T11:32:59.400+0000] {dagbag.py:545} INFO - Filling up the DagBag from /opt/airflow/dags/lakehouse_bsg_dag.py
[2026-02-18T11:32:59.425+0000] {processor.py:840} INFO - DAG(s) 'lakehouse_bronze_silver_gold' retrieved from /opt/airflow/dags/lakehouse_bsg_dag.py
[2026-02-18T11:32:59.476+0000] {logging_mixin.py:188} INFO - [2026-02-18T11:32:59.475+0000] {dag.py:3089} INFO - Sync 1 DAGs
[2026-02-18T11:32:59.490+0000] {logging_mixin.py:188} INFO - [2026-02-18T11:32:59.490+0000] {dag.py:3947} INFO - Setting next_dagrun for lakehouse_bronze_silver_gold to None, run_after=None
[2026-02-18T11:32:59.516+0000] {processor.py:183} INFO - Processing /opt/airflow/dags/lakehouse_bsg_dag.py took 0.135 seconds
[2026-02-18T11:33:32.594+0000] {processor.py:161} INFO - Started process (PID=949) to work on /opt/airflow/dags/lakehouse_bsg_dag.py
[2026-02-18T11:33:32.606+0000] {processor.py:830} INFO - Processing file /opt/airflow/dags/lakehouse_bsg_dag.py for tasks to queue
[2026-02-18T11:33:32.637+0000] {logging_mixin.py:188} INFO - [2026-02-18T11:33:32.631+0000] {dagbag.py:545} INFO - Filling up the DagBag from /opt/airflow/dags/lakehouse_bsg_dag.py
[2026-02-18T11:33:32.825+0000] {processor.py:840} INFO - DAG(s) 'lakehouse_bronze_silver_gold' retrieved from /opt/airflow/dags/lakehouse_bsg_dag.py
[2026-02-18T11:33:33.074+0000] {logging_mixin.py:188} INFO - [2026-02-18T11:33:33.073+0000] {dag.py:3089} INFO - Sync 1 DAGs
[2026-02-18T11:33:33.144+0000] {logging_mixin.py:188} INFO - [2026-02-18T11:33:33.144+0000] {dag.py:3947} INFO - Setting next_dagrun for lakehouse_bronze_silver_gold to None, run_after=None
[2026-02-18T11:33:33.213+0000] {processor.py:183} INFO - Processing /opt/airflow/dags/lakehouse_bsg_dag.py took 0.692 seconds
[2026-02-18T11:34:05.104+0000] {processor.py:161} INFO - Started process (PID=954) to work on /opt/airflow/dags/lakehouse_bsg_dag.py
[2026-02-18T11:34:05.106+0000] {processor.py:830} INFO - Processing file /opt/airflow/dags/lakehouse_bsg_dag.py for tasks to queue
[2026-02-18T11:34:05.108+0000] {logging_mixin.py:188} INFO - [2026-02-18T11:34:05.107+0000] {dagbag.py:545} INFO - Filling up the DagBag from /opt/airflow/dags/lakehouse_bsg_dag.py
[2026-02-18T11:34:05.124+0000] {processor.py:840} INFO - DAG(s) 'lakehouse_bronze_silver_gold' retrieved from /opt/airflow/dags/lakehouse_bsg_dag.py
[2026-02-18T11:34:05.151+0000] {logging_mixin.py:188} INFO - [2026-02-18T11:34:05.151+0000] {dag.py:3089} INFO - Sync 1 DAGs
[2026-02-18T11:34:05.163+0000] {logging_mixin.py:188} INFO - [2026-02-18T11:34:05.162+0000] {dag.py:3947} INFO - Setting next_dagrun for lakehouse_bronze_silver_gold to None, run_after=None
[2026-02-18T11:34:05.181+0000] {processor.py:183} INFO - Processing /opt/airflow/dags/lakehouse_bsg_dag.py took 0.081 seconds
[2026-02-18T11:34:37.110+0000] {processor.py:161} INFO - Started process (PID=959) to work on /opt/airflow/dags/lakehouse_bsg_dag.py
[2026-02-18T11:34:37.111+0000] {processor.py:830} INFO - Processing file /opt/airflow/dags/lakehouse_bsg_dag.py for tasks to queue
[2026-02-18T11:34:37.113+0000] {logging_mixin.py:188} INFO - [2026-02-18T11:34:37.113+0000] {dagbag.py:545} INFO - Filling up the DagBag from /opt/airflow/dags/lakehouse_bsg_dag.py
[2026-02-18T11:34:37.127+0000] {processor.py:840} INFO - DAG(s) 'lakehouse_bronze_silver_gold' retrieved from /opt/airflow/dags/lakehouse_bsg_dag.py
[2026-02-18T11:34:37.154+0000] {logging_mixin.py:188} INFO - [2026-02-18T11:34:37.154+0000] {dag.py:3089} INFO - Sync 1 DAGs
[2026-02-18T11:34:37.164+0000] {logging_mixin.py:188} INFO - [2026-02-18T11:34:37.164+0000] {dag.py:3947} INFO - Setting next_dagrun for lakehouse_bronze_silver_gold to None, run_after=None
[2026-02-18T11:34:37.178+0000] {processor.py:183} INFO - Processing /opt/airflow/dags/lakehouse_bsg_dag.py took 0.073 seconds
[2026-02-18T11:35:10.009+0000] {processor.py:161} INFO - Started process (PID=964) to work on /opt/airflow/dags/lakehouse_bsg_dag.py
[2026-02-18T11:35:10.010+0000] {processor.py:830} INFO - Processing file /opt/airflow/dags/lakehouse_bsg_dag.py for tasks to queue
[2026-02-18T11:35:10.012+0000] {logging_mixin.py:188} INFO - [2026-02-18T11:35:10.011+0000] {dagbag.py:545} INFO - Filling up the DagBag from /opt/airflow/dags/lakehouse_bsg_dag.py
[2026-02-18T11:35:10.032+0000] {processor.py:840} INFO - DAG(s) 'lakehouse_bronze_silver_gold' retrieved from /opt/airflow/dags/lakehouse_bsg_dag.py
[2026-02-18T11:35:10.058+0000] {logging_mixin.py:188} INFO - [2026-02-18T11:35:10.058+0000] {dag.py:3089} INFO - Sync 1 DAGs
[2026-02-18T11:35:10.068+0000] {logging_mixin.py:188} INFO - [2026-02-18T11:35:10.068+0000] {dag.py:3947} INFO - Setting next_dagrun for lakehouse_bronze_silver_gold to None, run_after=None
[2026-02-18T11:35:10.089+0000] {processor.py:183} INFO - Processing /opt/airflow/dags/lakehouse_bsg_dag.py took 0.084 seconds
[2026-02-18T11:35:42.959+0000] {processor.py:161} INFO - Started process (PID=969) to work on /opt/airflow/dags/lakehouse_bsg_dag.py
[2026-02-18T11:35:42.961+0000] {processor.py:830} INFO - Processing file /opt/airflow/dags/lakehouse_bsg_dag.py for tasks to queue
[2026-02-18T11:35:42.962+0000] {logging_mixin.py:188} INFO - [2026-02-18T11:35:42.962+0000] {dagbag.py:545} INFO - Filling up the DagBag from /opt/airflow/dags/lakehouse_bsg_dag.py
[2026-02-18T11:35:42.983+0000] {processor.py:840} INFO - DAG(s) 'lakehouse_bronze_silver_gold' retrieved from /opt/airflow/dags/lakehouse_bsg_dag.py
[2026-02-18T11:35:43.010+0000] {logging_mixin.py:188} INFO - [2026-02-18T11:35:43.010+0000] {dag.py:3089} INFO - Sync 1 DAGs
[2026-02-18T11:35:43.022+0000] {logging_mixin.py:188} INFO - [2026-02-18T11:35:43.022+0000] {dag.py:3947} INFO - Setting next_dagrun for lakehouse_bronze_silver_gold to None, run_after=None
[2026-02-18T11:35:43.061+0000] {processor.py:183} INFO - Processing /opt/airflow/dags/lakehouse_bsg_dag.py took 0.107 seconds
[2026-02-18T11:36:15.953+0000] {processor.py:161} INFO - Started process (PID=974) to work on /opt/airflow/dags/lakehouse_bsg_dag.py
[2026-02-18T11:36:15.955+0000] {processor.py:830} INFO - Processing file /opt/airflow/dags/lakehouse_bsg_dag.py for tasks to queue
[2026-02-18T11:36:15.957+0000] {logging_mixin.py:188} INFO - [2026-02-18T11:36:15.957+0000] {dagbag.py:545} INFO - Filling up the DagBag from /opt/airflow/dags/lakehouse_bsg_dag.py
[2026-02-18T11:36:15.981+0000] {processor.py:840} INFO - DAG(s) 'lakehouse_bronze_silver_gold' retrieved from /opt/airflow/dags/lakehouse_bsg_dag.py
[2026-02-18T11:36:16.018+0000] {logging_mixin.py:188} INFO - [2026-02-18T11:36:16.018+0000] {dag.py:3089} INFO - Sync 1 DAGs
[2026-02-18T11:36:16.032+0000] {logging_mixin.py:188} INFO - [2026-02-18T11:36:16.032+0000] {dag.py:3947} INFO - Setting next_dagrun for lakehouse_bronze_silver_gold to None, run_after=None
[2026-02-18T11:36:16.050+0000] {processor.py:183} INFO - Processing /opt/airflow/dags/lakehouse_bsg_dag.py took 0.104 seconds
[2026-02-18T11:36:48.790+0000] {processor.py:161} INFO - Started process (PID=979) to work on /opt/airflow/dags/lakehouse_bsg_dag.py
[2026-02-18T11:36:48.791+0000] {processor.py:830} INFO - Processing file /opt/airflow/dags/lakehouse_bsg_dag.py for tasks to queue
[2026-02-18T11:36:48.793+0000] {logging_mixin.py:188} INFO - [2026-02-18T11:36:48.792+0000] {dagbag.py:545} INFO - Filling up the DagBag from /opt/airflow/dags/lakehouse_bsg_dag.py
[2026-02-18T11:36:48.812+0000] {processor.py:840} INFO - DAG(s) 'lakehouse_bronze_silver_gold' retrieved from /opt/airflow/dags/lakehouse_bsg_dag.py
[2026-02-18T11:36:48.846+0000] {logging_mixin.py:188} INFO - [2026-02-18T11:36:48.846+0000] {dag.py:3089} INFO - Sync 1 DAGs
[2026-02-18T11:36:48.857+0000] {logging_mixin.py:188} INFO - [2026-02-18T11:36:48.856+0000] {dag.py:3947} INFO - Setting next_dagrun for lakehouse_bronze_silver_gold to None, run_after=None
[2026-02-18T11:36:48.873+0000] {processor.py:183} INFO - Processing /opt/airflow/dags/lakehouse_bsg_dag.py took 0.087 seconds
[2026-02-18T11:37:20.796+0000] {processor.py:161} INFO - Started process (PID=984) to work on /opt/airflow/dags/lakehouse_bsg_dag.py
[2026-02-18T11:37:20.797+0000] {processor.py:830} INFO - Processing file /opt/airflow/dags/lakehouse_bsg_dag.py for tasks to queue
[2026-02-18T11:37:20.799+0000] {logging_mixin.py:188} INFO - [2026-02-18T11:37:20.799+0000] {dagbag.py:545} INFO - Filling up the DagBag from /opt/airflow/dags/lakehouse_bsg_dag.py
[2026-02-18T11:37:20.814+0000] {processor.py:840} INFO - DAG(s) 'lakehouse_bronze_silver_gold' retrieved from /opt/airflow/dags/lakehouse_bsg_dag.py
[2026-02-18T11:37:20.841+0000] {logging_mixin.py:188} INFO - [2026-02-18T11:37:20.841+0000] {dag.py:3089} INFO - Sync 1 DAGs
[2026-02-18T11:37:20.851+0000] {logging_mixin.py:188} INFO - [2026-02-18T11:37:20.851+0000] {dag.py:3947} INFO - Setting next_dagrun for lakehouse_bronze_silver_gold to None, run_after=None
[2026-02-18T11:37:20.869+0000] {processor.py:183} INFO - Processing /opt/airflow/dags/lakehouse_bsg_dag.py took 0.077 seconds
[2026-02-18T11:37:53.987+0000] {processor.py:161} INFO - Started process (PID=989) to work on /opt/airflow/dags/lakehouse_bsg_dag.py
[2026-02-18T11:37:53.995+0000] {processor.py:830} INFO - Processing file /opt/airflow/dags/lakehouse_bsg_dag.py for tasks to queue
[2026-02-18T11:37:54.031+0000] {logging_mixin.py:188} INFO - [2026-02-18T11:37:54.024+0000] {dagbag.py:545} INFO - Filling up the DagBag from /opt/airflow/dags/lakehouse_bsg_dag.py
[2026-02-18T11:37:54.248+0000] {processor.py:840} INFO - DAG(s) 'lakehouse_bronze_silver_gold' retrieved from /opt/airflow/dags/lakehouse_bsg_dag.py
[2026-02-18T11:37:54.489+0000] {logging_mixin.py:188} INFO - [2026-02-18T11:37:54.489+0000] {dag.py:3089} INFO - Sync 1 DAGs
[2026-02-18T11:37:54.575+0000] {logging_mixin.py:188} INFO - [2026-02-18T11:37:54.575+0000] {dag.py:3947} INFO - Setting next_dagrun for lakehouse_bronze_silver_gold to None, run_after=None
[2026-02-18T11:37:54.625+0000] {processor.py:183} INFO - Processing /opt/airflow/dags/lakehouse_bsg_dag.py took 0.730 seconds
[2026-02-18T11:38:26.597+0000] {processor.py:161} INFO - Started process (PID=994) to work on /opt/airflow/dags/lakehouse_bsg_dag.py
[2026-02-18T11:38:26.614+0000] {processor.py:830} INFO - Processing file /opt/airflow/dags/lakehouse_bsg_dag.py for tasks to queue
[2026-02-18T11:38:26.616+0000] {logging_mixin.py:188} INFO - [2026-02-18T11:38:26.616+0000] {dagbag.py:545} INFO - Filling up the DagBag from /opt/airflow/dags/lakehouse_bsg_dag.py
[2026-02-18T11:38:26.635+0000] {processor.py:840} INFO - DAG(s) 'lakehouse_bronze_silver_gold' retrieved from /opt/airflow/dags/lakehouse_bsg_dag.py
[2026-02-18T11:38:26.668+0000] {logging_mixin.py:188} INFO - [2026-02-18T11:38:26.668+0000] {dag.py:3089} INFO - Sync 1 DAGs
[2026-02-18T11:38:26.682+0000] {logging_mixin.py:188} INFO - [2026-02-18T11:38:26.682+0000] {dag.py:3947} INFO - Setting next_dagrun for lakehouse_bronze_silver_gold to None, run_after=None
[2026-02-18T11:38:26.739+0000] {processor.py:183} INFO - Processing /opt/airflow/dags/lakehouse_bsg_dag.py took 0.147 seconds
[2026-02-18T11:38:59.515+0000] {processor.py:161} INFO - Started process (PID=999) to work on /opt/airflow/dags/lakehouse_bsg_dag.py
[2026-02-18T11:38:59.516+0000] {processor.py:830} INFO - Processing file /opt/airflow/dags/lakehouse_bsg_dag.py for tasks to queue
[2026-02-18T11:38:59.518+0000] {logging_mixin.py:188} INFO - [2026-02-18T11:38:59.518+0000] {dagbag.py:545} INFO - Filling up the DagBag from /opt/airflow/dags/lakehouse_bsg_dag.py
[2026-02-18T11:38:59.536+0000] {processor.py:840} INFO - DAG(s) 'lakehouse_bronze_silver_gold' retrieved from /opt/airflow/dags/lakehouse_bsg_dag.py
[2026-02-18T11:38:59.564+0000] {logging_mixin.py:188} INFO - [2026-02-18T11:38:59.564+0000] {dag.py:3089} INFO - Sync 1 DAGs
[2026-02-18T11:38:59.574+0000] {logging_mixin.py:188} INFO - [2026-02-18T11:38:59.574+0000] {dag.py:3947} INFO - Setting next_dagrun for lakehouse_bronze_silver_gold to None, run_after=None
[2026-02-18T11:38:59.591+0000] {processor.py:183} INFO - Processing /opt/airflow/dags/lakehouse_bsg_dag.py took 0.080 seconds
[2026-02-18T11:39:32.516+0000] {processor.py:161} INFO - Started process (PID=1004) to work on /opt/airflow/dags/lakehouse_bsg_dag.py
[2026-02-18T11:39:32.517+0000] {processor.py:830} INFO - Processing file /opt/airflow/dags/lakehouse_bsg_dag.py for tasks to queue
[2026-02-18T11:39:32.519+0000] {logging_mixin.py:188} INFO - [2026-02-18T11:39:32.519+0000] {dagbag.py:545} INFO - Filling up the DagBag from /opt/airflow/dags/lakehouse_bsg_dag.py
[2026-02-18T11:39:32.534+0000] {processor.py:840} INFO - DAG(s) 'lakehouse_bronze_silver_gold' retrieved from /opt/airflow/dags/lakehouse_bsg_dag.py
[2026-02-18T11:39:32.559+0000] {logging_mixin.py:188} INFO - [2026-02-18T11:39:32.559+0000] {dag.py:3089} INFO - Sync 1 DAGs
[2026-02-18T11:39:32.569+0000] {logging_mixin.py:188} INFO - [2026-02-18T11:39:32.569+0000] {dag.py:3947} INFO - Setting next_dagrun for lakehouse_bronze_silver_gold to None, run_after=None
[2026-02-18T11:39:32.585+0000] {processor.py:183} INFO - Processing /opt/airflow/dags/lakehouse_bsg_dag.py took 0.073 seconds
[2026-02-18T11:40:04.431+0000] {processor.py:161} INFO - Started process (PID=1009) to work on /opt/airflow/dags/lakehouse_bsg_dag.py
[2026-02-18T11:40:04.432+0000] {processor.py:830} INFO - Processing file /opt/airflow/dags/lakehouse_bsg_dag.py for tasks to queue
[2026-02-18T11:40:04.433+0000] {logging_mixin.py:188} INFO - [2026-02-18T11:40:04.433+0000] {dagbag.py:545} INFO - Filling up the DagBag from /opt/airflow/dags/lakehouse_bsg_dag.py
[2026-02-18T11:40:04.448+0000] {processor.py:840} INFO - DAG(s) 'lakehouse_bronze_silver_gold' retrieved from /opt/airflow/dags/lakehouse_bsg_dag.py
[2026-02-18T11:40:04.475+0000] {logging_mixin.py:188} INFO - [2026-02-18T11:40:04.474+0000] {dag.py:3089} INFO - Sync 1 DAGs
[2026-02-18T11:40:04.484+0000] {logging_mixin.py:188} INFO - [2026-02-18T11:40:04.484+0000] {dag.py:3947} INFO - Setting next_dagrun for lakehouse_bronze_silver_gold to None, run_after=None
[2026-02-18T11:40:04.499+0000] {processor.py:183} INFO - Processing /opt/airflow/dags/lakehouse_bsg_dag.py took 0.074 seconds
[2026-02-18T11:40:37.462+0000] {processor.py:161} INFO - Started process (PID=1014) to work on /opt/airflow/dags/lakehouse_bsg_dag.py
[2026-02-18T11:40:37.463+0000] {processor.py:830} INFO - Processing file /opt/airflow/dags/lakehouse_bsg_dag.py for tasks to queue
[2026-02-18T11:40:37.465+0000] {logging_mixin.py:188} INFO - [2026-02-18T11:40:37.465+0000] {dagbag.py:545} INFO - Filling up the DagBag from /opt/airflow/dags/lakehouse_bsg_dag.py
[2026-02-18T11:40:37.481+0000] {processor.py:840} INFO - DAG(s) 'lakehouse_bronze_silver_gold' retrieved from /opt/airflow/dags/lakehouse_bsg_dag.py
[2026-02-18T11:40:37.509+0000] {logging_mixin.py:188} INFO - [2026-02-18T11:40:37.508+0000] {dag.py:3089} INFO - Sync 1 DAGs
[2026-02-18T11:40:37.519+0000] {logging_mixin.py:188} INFO - [2026-02-18T11:40:37.519+0000] {dag.py:3947} INFO - Setting next_dagrun for lakehouse_bronze_silver_gold to None, run_after=None
[2026-02-18T11:40:37.535+0000] {processor.py:183} INFO - Processing /opt/airflow/dags/lakehouse_bsg_dag.py took 0.077 seconds
[2026-02-18T11:41:10.386+0000] {processor.py:161} INFO - Started process (PID=1019) to work on /opt/airflow/dags/lakehouse_bsg_dag.py
[2026-02-18T11:41:10.392+0000] {processor.py:830} INFO - Processing file /opt/airflow/dags/lakehouse_bsg_dag.py for tasks to queue
[2026-02-18T11:41:10.395+0000] {logging_mixin.py:188} INFO - [2026-02-18T11:41:10.395+0000] {dagbag.py:545} INFO - Filling up the DagBag from /opt/airflow/dags/lakehouse_bsg_dag.py
[2026-02-18T11:41:10.425+0000] {processor.py:840} INFO - DAG(s) 'lakehouse_bronze_silver_gold' retrieved from /opt/airflow/dags/lakehouse_bsg_dag.py
[2026-02-18T11:41:10.452+0000] {logging_mixin.py:188} INFO - [2026-02-18T11:41:10.452+0000] {dag.py:3089} INFO - Sync 1 DAGs
[2026-02-18T11:41:10.465+0000] {logging_mixin.py:188} INFO - [2026-02-18T11:41:10.465+0000] {dag.py:3947} INFO - Setting next_dagrun for lakehouse_bronze_silver_gold to None, run_after=None
[2026-02-18T11:41:10.499+0000] {processor.py:183} INFO - Processing /opt/airflow/dags/lakehouse_bsg_dag.py took 0.118 seconds
[2026-02-18T11:41:43.392+0000] {processor.py:161} INFO - Started process (PID=1024) to work on /opt/airflow/dags/lakehouse_bsg_dag.py
[2026-02-18T11:41:43.397+0000] {processor.py:830} INFO - Processing file /opt/airflow/dags/lakehouse_bsg_dag.py for tasks to queue
[2026-02-18T11:41:43.399+0000] {logging_mixin.py:188} INFO - [2026-02-18T11:41:43.399+0000] {dagbag.py:545} INFO - Filling up the DagBag from /opt/airflow/dags/lakehouse_bsg_dag.py
[2026-02-18T11:41:43.432+0000] {processor.py:840} INFO - DAG(s) 'lakehouse_bronze_silver_gold' retrieved from /opt/airflow/dags/lakehouse_bsg_dag.py
[2026-02-18T11:41:43.460+0000] {logging_mixin.py:188} INFO - [2026-02-18T11:41:43.460+0000] {dag.py:3089} INFO - Sync 1 DAGs
[2026-02-18T11:41:43.472+0000] {logging_mixin.py:188} INFO - [2026-02-18T11:41:43.472+0000] {dag.py:3947} INFO - Setting next_dagrun for lakehouse_bronze_silver_gold to None, run_after=None
[2026-02-18T11:41:43.490+0000] {processor.py:183} INFO - Processing /opt/airflow/dags/lakehouse_bsg_dag.py took 0.103 seconds
[2026-02-18T11:42:15.351+0000] {processor.py:161} INFO - Started process (PID=1029) to work on /opt/airflow/dags/lakehouse_bsg_dag.py
[2026-02-18T11:42:15.352+0000] {processor.py:830} INFO - Processing file /opt/airflow/dags/lakehouse_bsg_dag.py for tasks to queue
[2026-02-18T11:42:15.353+0000] {logging_mixin.py:188} INFO - [2026-02-18T11:42:15.353+0000] {dagbag.py:545} INFO - Filling up the DagBag from /opt/airflow/dags/lakehouse_bsg_dag.py
[2026-02-18T11:42:15.367+0000] {processor.py:840} INFO - DAG(s) 'lakehouse_bronze_silver_gold' retrieved from /opt/airflow/dags/lakehouse_bsg_dag.py
[2026-02-18T11:42:15.390+0000] {logging_mixin.py:188} INFO - [2026-02-18T11:42:15.390+0000] {dag.py:3089} INFO - Sync 1 DAGs
[2026-02-18T11:42:15.400+0000] {logging_mixin.py:188} INFO - [2026-02-18T11:42:15.400+0000] {dag.py:3947} INFO - Setting next_dagrun for lakehouse_bronze_silver_gold to None, run_after=None
[2026-02-18T11:42:15.413+0000] {processor.py:183} INFO - Processing /opt/airflow/dags/lakehouse_bsg_dag.py took 0.066 seconds
[2026-02-18T11:42:48.290+0000] {processor.py:161} INFO - Started process (PID=1034) to work on /opt/airflow/dags/lakehouse_bsg_dag.py
[2026-02-18T11:42:48.291+0000] {processor.py:830} INFO - Processing file /opt/airflow/dags/lakehouse_bsg_dag.py for tasks to queue
[2026-02-18T11:42:48.292+0000] {logging_mixin.py:188} INFO - [2026-02-18T11:42:48.292+0000] {dagbag.py:545} INFO - Filling up the DagBag from /opt/airflow/dags/lakehouse_bsg_dag.py
[2026-02-18T11:42:48.311+0000] {processor.py:840} INFO - DAG(s) 'lakehouse_bronze_silver_gold' retrieved from /opt/airflow/dags/lakehouse_bsg_dag.py
[2026-02-18T11:42:48.337+0000] {logging_mixin.py:188} INFO - [2026-02-18T11:42:48.336+0000] {dag.py:3089} INFO - Sync 1 DAGs
[2026-02-18T11:42:48.347+0000] {logging_mixin.py:188} INFO - [2026-02-18T11:42:48.347+0000] {dag.py:3947} INFO - Setting next_dagrun for lakehouse_bronze_silver_gold to None, run_after=None
[2026-02-18T11:42:48.361+0000] {processor.py:183} INFO - Processing /opt/airflow/dags/lakehouse_bsg_dag.py took 0.077 seconds
[2026-02-18T11:43:21.179+0000] {processor.py:161} INFO - Started process (PID=1039) to work on /opt/airflow/dags/lakehouse_bsg_dag.py
[2026-02-18T11:43:21.180+0000] {processor.py:830} INFO - Processing file /opt/airflow/dags/lakehouse_bsg_dag.py for tasks to queue
[2026-02-18T11:43:21.182+0000] {logging_mixin.py:188} INFO - [2026-02-18T11:43:21.181+0000] {dagbag.py:545} INFO - Filling up the DagBag from /opt/airflow/dags/lakehouse_bsg_dag.py
[2026-02-18T11:43:21.197+0000] {processor.py:840} INFO - DAG(s) 'lakehouse_bronze_silver_gold' retrieved from /opt/airflow/dags/lakehouse_bsg_dag.py
[2026-02-18T11:43:21.225+0000] {logging_mixin.py:188} INFO - [2026-02-18T11:43:21.224+0000] {dag.py:3089} INFO - Sync 1 DAGs
[2026-02-18T11:43:21.235+0000] {logging_mixin.py:188} INFO - [2026-02-18T11:43:21.234+0000] {dag.py:3947} INFO - Setting next_dagrun for lakehouse_bronze_silver_gold to None, run_after=None
[2026-02-18T11:43:21.250+0000] {processor.py:183} INFO - Processing /opt/airflow/dags/lakehouse_bsg_dag.py took 0.075 seconds
[2026-02-18T11:43:54.045+0000] {processor.py:161} INFO - Started process (PID=1044) to work on /opt/airflow/dags/lakehouse_bsg_dag.py
[2026-02-18T11:43:54.047+0000] {processor.py:830} INFO - Processing file /opt/airflow/dags/lakehouse_bsg_dag.py for tasks to queue
[2026-02-18T11:43:54.049+0000] {logging_mixin.py:188} INFO - [2026-02-18T11:43:54.048+0000] {dagbag.py:545} INFO - Filling up the DagBag from /opt/airflow/dags/lakehouse_bsg_dag.py
[2026-02-18T11:43:54.071+0000] {processor.py:840} INFO - DAG(s) 'lakehouse_bronze_silver_gold' retrieved from /opt/airflow/dags/lakehouse_bsg_dag.py
[2026-02-18T11:43:54.098+0000] {logging_mixin.py:188} INFO - [2026-02-18T11:43:54.098+0000] {dag.py:3089} INFO - Sync 1 DAGs
[2026-02-18T11:43:54.108+0000] {logging_mixin.py:188} INFO - [2026-02-18T11:43:54.108+0000] {dag.py:3947} INFO - Setting next_dagrun for lakehouse_bronze_silver_gold to None, run_after=None
[2026-02-18T11:43:54.125+0000] {processor.py:183} INFO - Processing /opt/airflow/dags/lakehouse_bsg_dag.py took 0.084 seconds
[2026-02-18T11:44:27.020+0000] {processor.py:161} INFO - Started process (PID=1049) to work on /opt/airflow/dags/lakehouse_bsg_dag.py
[2026-02-18T11:44:27.021+0000] {processor.py:830} INFO - Processing file /opt/airflow/dags/lakehouse_bsg_dag.py for tasks to queue
[2026-02-18T11:44:27.023+0000] {logging_mixin.py:188} INFO - [2026-02-18T11:44:27.023+0000] {dagbag.py:545} INFO - Filling up the DagBag from /opt/airflow/dags/lakehouse_bsg_dag.py
[2026-02-18T11:44:27.040+0000] {processor.py:840} INFO - DAG(s) 'lakehouse_bronze_silver_gold' retrieved from /opt/airflow/dags/lakehouse_bsg_dag.py
[2026-02-18T11:44:27.062+0000] {logging_mixin.py:188} INFO - [2026-02-18T11:44:27.062+0000] {dag.py:3089} INFO - Sync 1 DAGs
[2026-02-18T11:44:27.071+0000] {logging_mixin.py:188} INFO - [2026-02-18T11:44:27.071+0000] {dag.py:3947} INFO - Setting next_dagrun for lakehouse_bronze_silver_gold to None, run_after=None
[2026-02-18T11:44:27.085+0000] {processor.py:183} INFO - Processing /opt/airflow/dags/lakehouse_bsg_dag.py took 0.070 seconds
[2026-02-18T11:44:59.926+0000] {processor.py:161} INFO - Started process (PID=1054) to work on /opt/airflow/dags/lakehouse_bsg_dag.py
[2026-02-18T11:44:59.927+0000] {processor.py:830} INFO - Processing file /opt/airflow/dags/lakehouse_bsg_dag.py for tasks to queue
[2026-02-18T11:44:59.929+0000] {logging_mixin.py:188} INFO - [2026-02-18T11:44:59.928+0000] {dagbag.py:545} INFO - Filling up the DagBag from /opt/airflow/dags/lakehouse_bsg_dag.py
[2026-02-18T11:44:59.946+0000] {processor.py:840} INFO - DAG(s) 'lakehouse_bronze_silver_gold' retrieved from /opt/airflow/dags/lakehouse_bsg_dag.py
[2026-02-18T11:44:59.972+0000] {logging_mixin.py:188} INFO - [2026-02-18T11:44:59.972+0000] {dag.py:3089} INFO - Sync 1 DAGs
[2026-02-18T11:44:59.982+0000] {logging_mixin.py:188} INFO - [2026-02-18T11:44:59.982+0000] {dag.py:3947} INFO - Setting next_dagrun for lakehouse_bronze_silver_gold to None, run_after=None
[2026-02-18T11:44:59.997+0000] {processor.py:183} INFO - Processing /opt/airflow/dags/lakehouse_bsg_dag.py took 0.076 seconds
[2026-02-18T11:45:31.867+0000] {processor.py:161} INFO - Started process (PID=1059) to work on /opt/airflow/dags/lakehouse_bsg_dag.py
[2026-02-18T11:45:31.868+0000] {processor.py:830} INFO - Processing file /opt/airflow/dags/lakehouse_bsg_dag.py for tasks to queue
[2026-02-18T11:45:31.870+0000] {logging_mixin.py:188} INFO - [2026-02-18T11:45:31.870+0000] {dagbag.py:545} INFO - Filling up the DagBag from /opt/airflow/dags/lakehouse_bsg_dag.py
[2026-02-18T11:45:31.891+0000] {processor.py:840} INFO - DAG(s) 'lakehouse_bronze_silver_gold' retrieved from /opt/airflow/dags/lakehouse_bsg_dag.py
[2026-02-18T11:45:31.926+0000] {logging_mixin.py:188} INFO - [2026-02-18T11:45:31.925+0000] {dag.py:3089} INFO - Sync 1 DAGs
[2026-02-18T11:45:31.946+0000] {logging_mixin.py:188} INFO - [2026-02-18T11:45:31.946+0000] {dag.py:3947} INFO - Setting next_dagrun for lakehouse_bronze_silver_gold to None, run_after=None
[2026-02-18T11:45:31.964+0000] {processor.py:183} INFO - Processing /opt/airflow/dags/lakehouse_bsg_dag.py took 0.102 seconds
[2026-02-18T11:46:04.795+0000] {processor.py:161} INFO - Started process (PID=1064) to work on /opt/airflow/dags/lakehouse_bsg_dag.py
[2026-02-18T11:46:04.796+0000] {processor.py:830} INFO - Processing file /opt/airflow/dags/lakehouse_bsg_dag.py for tasks to queue
[2026-02-18T11:46:04.798+0000] {logging_mixin.py:188} INFO - [2026-02-18T11:46:04.798+0000] {dagbag.py:545} INFO - Filling up the DagBag from /opt/airflow/dags/lakehouse_bsg_dag.py
[2026-02-18T11:46:04.813+0000] {processor.py:840} INFO - DAG(s) 'lakehouse_bronze_silver_gold' retrieved from /opt/airflow/dags/lakehouse_bsg_dag.py
[2026-02-18T11:46:04.838+0000] {logging_mixin.py:188} INFO - [2026-02-18T11:46:04.837+0000] {dag.py:3089} INFO - Sync 1 DAGs
[2026-02-18T11:46:04.848+0000] {logging_mixin.py:188} INFO - [2026-02-18T11:46:04.847+0000] {dag.py:3947} INFO - Setting next_dagrun for lakehouse_bronze_silver_gold to None, run_after=None
[2026-02-18T11:46:04.860+0000] {processor.py:183} INFO - Processing /opt/airflow/dags/lakehouse_bsg_dag.py took 0.069 seconds
[2026-02-18T11:46:37.815+0000] {processor.py:161} INFO - Started process (PID=1069) to work on /opt/airflow/dags/lakehouse_bsg_dag.py
[2026-02-18T11:46:37.816+0000] {processor.py:830} INFO - Processing file /opt/airflow/dags/lakehouse_bsg_dag.py for tasks to queue
[2026-02-18T11:46:37.818+0000] {logging_mixin.py:188} INFO - [2026-02-18T11:46:37.817+0000] {dagbag.py:545} INFO - Filling up the DagBag from /opt/airflow/dags/lakehouse_bsg_dag.py
[2026-02-18T11:46:37.832+0000] {processor.py:840} INFO - DAG(s) 'lakehouse_bronze_silver_gold' retrieved from /opt/airflow/dags/lakehouse_bsg_dag.py
[2026-02-18T11:46:37.854+0000] {logging_mixin.py:188} INFO - [2026-02-18T11:46:37.854+0000] {dag.py:3089} INFO - Sync 1 DAGs
[2026-02-18T11:46:37.864+0000] {logging_mixin.py:188} INFO - [2026-02-18T11:46:37.864+0000] {dag.py:3947} INFO - Setting next_dagrun for lakehouse_bronze_silver_gold to None, run_after=None
[2026-02-18T11:46:37.878+0000] {processor.py:183} INFO - Processing /opt/airflow/dags/lakehouse_bsg_dag.py took 0.067 seconds
[2026-02-18T11:47:10.733+0000] {processor.py:161} INFO - Started process (PID=1074) to work on /opt/airflow/dags/lakehouse_bsg_dag.py
[2026-02-18T11:47:10.734+0000] {processor.py:830} INFO - Processing file /opt/airflow/dags/lakehouse_bsg_dag.py for tasks to queue
[2026-02-18T11:47:10.736+0000] {logging_mixin.py:188} INFO - [2026-02-18T11:47:10.735+0000] {dagbag.py:545} INFO - Filling up the DagBag from /opt/airflow/dags/lakehouse_bsg_dag.py
[2026-02-18T11:47:10.754+0000] {processor.py:840} INFO - DAG(s) 'lakehouse_bronze_silver_gold' retrieved from /opt/airflow/dags/lakehouse_bsg_dag.py
[2026-02-18T11:47:10.787+0000] {logging_mixin.py:188} INFO - [2026-02-18T11:47:10.787+0000] {dag.py:3089} INFO - Sync 1 DAGs
[2026-02-18T11:47:10.797+0000] {logging_mixin.py:188} INFO - [2026-02-18T11:47:10.797+0000] {dag.py:3947} INFO - Setting next_dagrun for lakehouse_bronze_silver_gold to None, run_after=None
[2026-02-18T11:47:10.813+0000] {processor.py:183} INFO - Processing /opt/airflow/dags/lakehouse_bsg_dag.py took 0.086 seconds
[2026-02-18T11:47:42.848+0000] {processor.py:161} INFO - Started process (PID=1079) to work on /opt/airflow/dags/lakehouse_bsg_dag.py
[2026-02-18T11:47:42.851+0000] {processor.py:830} INFO - Processing file /opt/airflow/dags/lakehouse_bsg_dag.py for tasks to queue
[2026-02-18T11:47:42.869+0000] {logging_mixin.py:188} INFO - [2026-02-18T11:47:42.866+0000] {dagbag.py:545} INFO - Filling up the DagBag from /opt/airflow/dags/lakehouse_bsg_dag.py
[2026-02-18T11:47:42.959+0000] {processor.py:840} INFO - DAG(s) 'lakehouse_bronze_silver_gold' retrieved from /opt/airflow/dags/lakehouse_bsg_dag.py
[2026-02-18T11:47:43.069+0000] {logging_mixin.py:188} INFO - [2026-02-18T11:47:43.069+0000] {dag.py:3089} INFO - Sync 1 DAGs
[2026-02-18T11:47:43.128+0000] {logging_mixin.py:188} INFO - [2026-02-18T11:47:43.128+0000] {dag.py:3947} INFO - Setting next_dagrun for lakehouse_bronze_silver_gold to None, run_after=None
[2026-02-18T11:47:43.180+0000] {processor.py:183} INFO - Processing /opt/airflow/dags/lakehouse_bsg_dag.py took 0.368 seconds
[2026-02-18T11:48:15.648+0000] {processor.py:161} INFO - Started process (PID=1084) to work on /opt/airflow/dags/lakehouse_bsg_dag.py
[2026-02-18T11:48:15.650+0000] {processor.py:830} INFO - Processing file /opt/airflow/dags/lakehouse_bsg_dag.py for tasks to queue
[2026-02-18T11:48:15.652+0000] {logging_mixin.py:188} INFO - [2026-02-18T11:48:15.652+0000] {dagbag.py:545} INFO - Filling up the DagBag from /opt/airflow/dags/lakehouse_bsg_dag.py
[2026-02-18T11:48:15.671+0000] {processor.py:840} INFO - DAG(s) 'lakehouse_bronze_silver_gold' retrieved from /opt/airflow/dags/lakehouse_bsg_dag.py
[2026-02-18T11:48:15.701+0000] {logging_mixin.py:188} INFO - [2026-02-18T11:48:15.700+0000] {dag.py:3089} INFO - Sync 1 DAGs
[2026-02-18T11:48:15.711+0000] {logging_mixin.py:188} INFO - [2026-02-18T11:48:15.711+0000] {dag.py:3947} INFO - Setting next_dagrun for lakehouse_bronze_silver_gold to None, run_after=None
[2026-02-18T11:48:15.728+0000] {processor.py:183} INFO - Processing /opt/airflow/dags/lakehouse_bsg_dag.py took 0.086 seconds
[2026-02-18T11:48:48.676+0000] {processor.py:161} INFO - Started process (PID=1089) to work on /opt/airflow/dags/lakehouse_bsg_dag.py
[2026-02-18T11:48:48.678+0000] {processor.py:830} INFO - Processing file /opt/airflow/dags/lakehouse_bsg_dag.py for tasks to queue
[2026-02-18T11:48:48.681+0000] {logging_mixin.py:188} INFO - [2026-02-18T11:48:48.681+0000] {dagbag.py:545} INFO - Filling up the DagBag from /opt/airflow/dags/lakehouse_bsg_dag.py
[2026-02-18T11:48:48.714+0000] {processor.py:840} INFO - DAG(s) 'lakehouse_bronze_silver_gold' retrieved from /opt/airflow/dags/lakehouse_bsg_dag.py
[2026-02-18T11:48:48.765+0000] {logging_mixin.py:188} INFO - [2026-02-18T11:48:48.764+0000] {dag.py:3089} INFO - Sync 1 DAGs
[2026-02-18T11:48:48.780+0000] {logging_mixin.py:188} INFO - [2026-02-18T11:48:48.780+0000] {dag.py:3947} INFO - Setting next_dagrun for lakehouse_bronze_silver_gold to None, run_after=None
[2026-02-18T11:48:48.797+0000] {processor.py:183} INFO - Processing /opt/airflow/dags/lakehouse_bsg_dag.py took 0.132 seconds
[2026-02-18T11:49:21.617+0000] {processor.py:161} INFO - Started process (PID=1094) to work on /opt/airflow/dags/lakehouse_bsg_dag.py
[2026-02-18T11:49:21.618+0000] {processor.py:830} INFO - Processing file /opt/airflow/dags/lakehouse_bsg_dag.py for tasks to queue
[2026-02-18T11:49:21.620+0000] {logging_mixin.py:188} INFO - [2026-02-18T11:49:21.620+0000] {dagbag.py:545} INFO - Filling up the DagBag from /opt/airflow/dags/lakehouse_bsg_dag.py
[2026-02-18T11:49:21.636+0000] {processor.py:840} INFO - DAG(s) 'lakehouse_bronze_silver_gold' retrieved from /opt/airflow/dags/lakehouse_bsg_dag.py
[2026-02-18T11:49:21.664+0000] {logging_mixin.py:188} INFO - [2026-02-18T11:49:21.664+0000] {dag.py:3089} INFO - Sync 1 DAGs
[2026-02-18T11:49:21.675+0000] {logging_mixin.py:188} INFO - [2026-02-18T11:49:21.675+0000] {dag.py:3947} INFO - Setting next_dagrun for lakehouse_bronze_silver_gold to None, run_after=None
[2026-02-18T11:49:21.690+0000] {processor.py:183} INFO - Processing /opt/airflow/dags/lakehouse_bsg_dag.py took 0.077 seconds
[2026-02-18T11:49:54.525+0000] {processor.py:161} INFO - Started process (PID=1099) to work on /opt/airflow/dags/lakehouse_bsg_dag.py
[2026-02-18T11:49:54.525+0000] {processor.py:830} INFO - Processing file /opt/airflow/dags/lakehouse_bsg_dag.py for tasks to queue
[2026-02-18T11:49:54.527+0000] {logging_mixin.py:188} INFO - [2026-02-18T11:49:54.527+0000] {dagbag.py:545} INFO - Filling up the DagBag from /opt/airflow/dags/lakehouse_bsg_dag.py
[2026-02-18T11:49:54.543+0000] {processor.py:840} INFO - DAG(s) 'lakehouse_bronze_silver_gold' retrieved from /opt/airflow/dags/lakehouse_bsg_dag.py
[2026-02-18T11:49:54.569+0000] {logging_mixin.py:188} INFO - [2026-02-18T11:49:54.569+0000] {dag.py:3089} INFO - Sync 1 DAGs
[2026-02-18T11:49:54.579+0000] {logging_mixin.py:188} INFO - [2026-02-18T11:49:54.579+0000] {dag.py:3947} INFO - Setting next_dagrun for lakehouse_bronze_silver_gold to None, run_after=None
[2026-02-18T11:49:54.613+0000] {processor.py:183} INFO - Processing /opt/airflow/dags/lakehouse_bsg_dag.py took 0.092 seconds
[2026-02-18T11:50:26.534+0000] {processor.py:161} INFO - Started process (PID=1104) to work on /opt/airflow/dags/lakehouse_bsg_dag.py
[2026-02-18T11:50:26.535+0000] {processor.py:830} INFO - Processing file /opt/airflow/dags/lakehouse_bsg_dag.py for tasks to queue
[2026-02-18T11:50:26.537+0000] {logging_mixin.py:188} INFO - [2026-02-18T11:50:26.536+0000] {dagbag.py:545} INFO - Filling up the DagBag from /opt/airflow/dags/lakehouse_bsg_dag.py
[2026-02-18T11:50:26.562+0000] {processor.py:840} INFO - DAG(s) 'lakehouse_bronze_silver_gold' retrieved from /opt/airflow/dags/lakehouse_bsg_dag.py
[2026-02-18T11:50:26.585+0000] {logging_mixin.py:188} INFO - [2026-02-18T11:50:26.585+0000] {dag.py:3089} INFO - Sync 1 DAGs
[2026-02-18T11:50:26.594+0000] {logging_mixin.py:188} INFO - [2026-02-18T11:50:26.594+0000] {dag.py:3947} INFO - Setting next_dagrun for lakehouse_bronze_silver_gold to None, run_after=None
[2026-02-18T11:50:26.609+0000] {processor.py:183} INFO - Processing /opt/airflow/dags/lakehouse_bsg_dag.py took 0.079 seconds
[2026-02-18T11:50:59.476+0000] {processor.py:161} INFO - Started process (PID=1109) to work on /opt/airflow/dags/lakehouse_bsg_dag.py
[2026-02-18T11:50:59.477+0000] {processor.py:830} INFO - Processing file /opt/airflow/dags/lakehouse_bsg_dag.py for tasks to queue
[2026-02-18T11:50:59.479+0000] {logging_mixin.py:188} INFO - [2026-02-18T11:50:59.478+0000] {dagbag.py:545} INFO - Filling up the DagBag from /opt/airflow/dags/lakehouse_bsg_dag.py
[2026-02-18T11:50:59.518+0000] {processor.py:840} INFO - DAG(s) 'lakehouse_bronze_silver_gold' retrieved from /opt/airflow/dags/lakehouse_bsg_dag.py
[2026-02-18T11:50:59.543+0000] {logging_mixin.py:188} INFO - [2026-02-18T11:50:59.543+0000] {dag.py:3089} INFO - Sync 1 DAGs
[2026-02-18T11:50:59.552+0000] {logging_mixin.py:188} INFO - [2026-02-18T11:50:59.552+0000] {dag.py:3947} INFO - Setting next_dagrun for lakehouse_bronze_silver_gold to None, run_after=None
[2026-02-18T11:50:59.568+0000] {processor.py:183} INFO - Processing /opt/airflow/dags/lakehouse_bsg_dag.py took 0.095 seconds
[2026-02-18T11:51:32.439+0000] {processor.py:161} INFO - Started process (PID=1114) to work on /opt/airflow/dags/lakehouse_bsg_dag.py
[2026-02-18T11:51:32.440+0000] {processor.py:830} INFO - Processing file /opt/airflow/dags/lakehouse_bsg_dag.py for tasks to queue
[2026-02-18T11:51:32.442+0000] {logging_mixin.py:188} INFO - [2026-02-18T11:51:32.442+0000] {dagbag.py:545} INFO - Filling up the DagBag from /opt/airflow/dags/lakehouse_bsg_dag.py
[2026-02-18T11:51:32.458+0000] {processor.py:840} INFO - DAG(s) 'lakehouse_bronze_silver_gold' retrieved from /opt/airflow/dags/lakehouse_bsg_dag.py
[2026-02-18T11:51:32.484+0000] {logging_mixin.py:188} INFO - [2026-02-18T11:51:32.484+0000] {dag.py:3089} INFO - Sync 1 DAGs
[2026-02-18T11:51:32.494+0000] {logging_mixin.py:188} INFO - [2026-02-18T11:51:32.494+0000] {dag.py:3947} INFO - Setting next_dagrun for lakehouse_bronze_silver_gold to None, run_after=None
[2026-02-18T11:51:32.508+0000] {processor.py:183} INFO - Processing /opt/airflow/dags/lakehouse_bsg_dag.py took 0.074 seconds
[2026-02-18T11:52:05.369+0000] {processor.py:161} INFO - Started process (PID=1119) to work on /opt/airflow/dags/lakehouse_bsg_dag.py
[2026-02-18T11:52:05.370+0000] {processor.py:830} INFO - Processing file /opt/airflow/dags/lakehouse_bsg_dag.py for tasks to queue
[2026-02-18T11:52:05.372+0000] {logging_mixin.py:188} INFO - [2026-02-18T11:52:05.372+0000] {dagbag.py:545} INFO - Filling up the DagBag from /opt/airflow/dags/lakehouse_bsg_dag.py
[2026-02-18T11:52:05.389+0000] {processor.py:840} INFO - DAG(s) 'lakehouse_bronze_silver_gold' retrieved from /opt/airflow/dags/lakehouse_bsg_dag.py
[2026-02-18T11:52:05.415+0000] {logging_mixin.py:188} INFO - [2026-02-18T11:52:05.415+0000] {dag.py:3089} INFO - Sync 1 DAGs
[2026-02-18T11:52:05.426+0000] {logging_mixin.py:188} INFO - [2026-02-18T11:52:05.426+0000] {dag.py:3947} INFO - Setting next_dagrun for lakehouse_bronze_silver_gold to None, run_after=None
[2026-02-18T11:52:05.444+0000] {processor.py:183} INFO - Processing /opt/airflow/dags/lakehouse_bsg_dag.py took 0.079 seconds
[2026-02-18T11:52:38.337+0000] {processor.py:161} INFO - Started process (PID=1124) to work on /opt/airflow/dags/lakehouse_bsg_dag.py
[2026-02-18T11:52:38.340+0000] {processor.py:830} INFO - Processing file /opt/airflow/dags/lakehouse_bsg_dag.py for tasks to queue
[2026-02-18T11:52:38.343+0000] {logging_mixin.py:188} INFO - [2026-02-18T11:52:38.343+0000] {dagbag.py:545} INFO - Filling up the DagBag from /opt/airflow/dags/lakehouse_bsg_dag.py
[2026-02-18T11:52:38.372+0000] {processor.py:840} INFO - DAG(s) 'lakehouse_bronze_silver_gold' retrieved from /opt/airflow/dags/lakehouse_bsg_dag.py
[2026-02-18T11:52:38.406+0000] {logging_mixin.py:188} INFO - [2026-02-18T11:52:38.406+0000] {dag.py:3089} INFO - Sync 1 DAGs
[2026-02-18T11:52:38.417+0000] {logging_mixin.py:188} INFO - [2026-02-18T11:52:38.417+0000] {dag.py:3947} INFO - Setting next_dagrun for lakehouse_bronze_silver_gold to None, run_after=None
[2026-02-18T11:52:38.435+0000] {processor.py:183} INFO - Processing /opt/airflow/dags/lakehouse_bsg_dag.py took 0.103 seconds
[2026-02-18T11:53:10.313+0000] {processor.py:161} INFO - Started process (PID=1129) to work on /opt/airflow/dags/lakehouse_bsg_dag.py
[2026-02-18T11:53:10.315+0000] {processor.py:830} INFO - Processing file /opt/airflow/dags/lakehouse_bsg_dag.py for tasks to queue
[2026-02-18T11:53:10.317+0000] {logging_mixin.py:188} INFO - [2026-02-18T11:53:10.316+0000] {dagbag.py:545} INFO - Filling up the DagBag from /opt/airflow/dags/lakehouse_bsg_dag.py
[2026-02-18T11:53:10.334+0000] {processor.py:840} INFO - DAG(s) 'lakehouse_bronze_silver_gold' retrieved from /opt/airflow/dags/lakehouse_bsg_dag.py
[2026-02-18T11:53:10.359+0000] {logging_mixin.py:188} INFO - [2026-02-18T11:53:10.358+0000] {dag.py:3089} INFO - Sync 1 DAGs
[2026-02-18T11:53:10.368+0000] {logging_mixin.py:188} INFO - [2026-02-18T11:53:10.367+0000] {dag.py:3947} INFO - Setting next_dagrun for lakehouse_bronze_silver_gold to None, run_after=None
[2026-02-18T11:53:10.386+0000] {processor.py:183} INFO - Processing /opt/airflow/dags/lakehouse_bsg_dag.py took 0.077 seconds
[2026-02-18T11:53:43.389+0000] {processor.py:161} INFO - Started process (PID=1134) to work on /opt/airflow/dags/lakehouse_bsg_dag.py
[2026-02-18T11:53:43.389+0000] {processor.py:830} INFO - Processing file /opt/airflow/dags/lakehouse_bsg_dag.py for tasks to queue
[2026-02-18T11:53:43.393+0000] {logging_mixin.py:188} INFO - [2026-02-18T11:53:43.392+0000] {dagbag.py:545} INFO - Filling up the DagBag from /opt/airflow/dags/lakehouse_bsg_dag.py
[2026-02-18T11:53:43.414+0000] {processor.py:840} INFO - DAG(s) 'lakehouse_bronze_silver_gold' retrieved from /opt/airflow/dags/lakehouse_bsg_dag.py
[2026-02-18T11:53:43.441+0000] {logging_mixin.py:188} INFO - [2026-02-18T11:53:43.441+0000] {dag.py:3089} INFO - Sync 1 DAGs
[2026-02-18T11:53:43.452+0000] {logging_mixin.py:188} INFO - [2026-02-18T11:53:43.452+0000] {dag.py:3947} INFO - Setting next_dagrun for lakehouse_bronze_silver_gold to None, run_after=None
[2026-02-18T11:53:43.468+0000] {processor.py:183} INFO - Processing /opt/airflow/dags/lakehouse_bsg_dag.py took 0.085 seconds
[2026-02-18T11:54:16.261+0000] {processor.py:161} INFO - Started process (PID=1139) to work on /opt/airflow/dags/lakehouse_bsg_dag.py
[2026-02-18T11:54:16.262+0000] {processor.py:830} INFO - Processing file /opt/airflow/dags/lakehouse_bsg_dag.py for tasks to queue
[2026-02-18T11:54:16.263+0000] {logging_mixin.py:188} INFO - [2026-02-18T11:54:16.263+0000] {dagbag.py:545} INFO - Filling up the DagBag from /opt/airflow/dags/lakehouse_bsg_dag.py
[2026-02-18T11:54:16.281+0000] {processor.py:840} INFO - DAG(s) 'lakehouse_bronze_silver_gold' retrieved from /opt/airflow/dags/lakehouse_bsg_dag.py
[2026-02-18T11:54:16.305+0000] {logging_mixin.py:188} INFO - [2026-02-18T11:54:16.304+0000] {dag.py:3089} INFO - Sync 1 DAGs
[2026-02-18T11:54:16.314+0000] {logging_mixin.py:188} INFO - [2026-02-18T11:54:16.314+0000] {dag.py:3947} INFO - Setting next_dagrun for lakehouse_bronze_silver_gold to None, run_after=None
[2026-02-18T11:54:16.329+0000] {processor.py:183} INFO - Processing /opt/airflow/dags/lakehouse_bsg_dag.py took 0.072 seconds
[2026-02-18T11:54:49.251+0000] {processor.py:161} INFO - Started process (PID=1144) to work on /opt/airflow/dags/lakehouse_bsg_dag.py
[2026-02-18T11:54:49.253+0000] {processor.py:830} INFO - Processing file /opt/airflow/dags/lakehouse_bsg_dag.py for tasks to queue
[2026-02-18T11:54:49.255+0000] {logging_mixin.py:188} INFO - [2026-02-18T11:54:49.254+0000] {dagbag.py:545} INFO - Filling up the DagBag from /opt/airflow/dags/lakehouse_bsg_dag.py
[2026-02-18T11:54:49.275+0000] {processor.py:840} INFO - DAG(s) 'lakehouse_bronze_silver_gold' retrieved from /opt/airflow/dags/lakehouse_bsg_dag.py
[2026-02-18T11:54:49.304+0000] {logging_mixin.py:188} INFO - [2026-02-18T11:54:49.304+0000] {dag.py:3089} INFO - Sync 1 DAGs
[2026-02-18T11:54:49.315+0000] {logging_mixin.py:188} INFO - [2026-02-18T11:54:49.314+0000] {dag.py:3947} INFO - Setting next_dagrun for lakehouse_bronze_silver_gold to None, run_after=None
[2026-02-18T11:54:49.332+0000] {processor.py:183} INFO - Processing /opt/airflow/dags/lakehouse_bsg_dag.py took 0.085 seconds
[2026-02-18T11:55:21.265+0000] {processor.py:161} INFO - Started process (PID=1149) to work on /opt/airflow/dags/lakehouse_bsg_dag.py
[2026-02-18T11:55:21.266+0000] {processor.py:830} INFO - Processing file /opt/airflow/dags/lakehouse_bsg_dag.py for tasks to queue
[2026-02-18T11:55:21.269+0000] {logging_mixin.py:188} INFO - [2026-02-18T11:55:21.268+0000] {dagbag.py:545} INFO - Filling up the DagBag from /opt/airflow/dags/lakehouse_bsg_dag.py
[2026-02-18T11:55:21.287+0000] {processor.py:840} INFO - DAG(s) 'lakehouse_bronze_silver_gold' retrieved from /opt/airflow/dags/lakehouse_bsg_dag.py
[2026-02-18T11:55:21.315+0000] {logging_mixin.py:188} INFO - [2026-02-18T11:55:21.315+0000] {dag.py:3089} INFO - Sync 1 DAGs
[2026-02-18T11:55:21.326+0000] {logging_mixin.py:188} INFO - [2026-02-18T11:55:21.326+0000] {dag.py:3947} INFO - Setting next_dagrun for lakehouse_bronze_silver_gold to None, run_after=None
[2026-02-18T11:55:21.342+0000] {processor.py:183} INFO - Processing /opt/airflow/dags/lakehouse_bsg_dag.py took 0.085 seconds
[2026-02-18T11:55:54.130+0000] {processor.py:161} INFO - Started process (PID=1154) to work on /opt/airflow/dags/lakehouse_bsg_dag.py
[2026-02-18T11:55:54.131+0000] {processor.py:830} INFO - Processing file /opt/airflow/dags/lakehouse_bsg_dag.py for tasks to queue
[2026-02-18T11:55:54.134+0000] {logging_mixin.py:188} INFO - [2026-02-18T11:55:54.133+0000] {dagbag.py:545} INFO - Filling up the DagBag from /opt/airflow/dags/lakehouse_bsg_dag.py
[2026-02-18T11:55:54.149+0000] {processor.py:840} INFO - DAG(s) 'lakehouse_bronze_silver_gold' retrieved from /opt/airflow/dags/lakehouse_bsg_dag.py
[2026-02-18T11:55:54.176+0000] {logging_mixin.py:188} INFO - [2026-02-18T11:55:54.176+0000] {dag.py:3089} INFO - Sync 1 DAGs
[2026-02-18T11:55:54.187+0000] {logging_mixin.py:188} INFO - [2026-02-18T11:55:54.187+0000] {dag.py:3947} INFO - Setting next_dagrun for lakehouse_bronze_silver_gold to None, run_after=None
[2026-02-18T11:55:54.202+0000] {processor.py:183} INFO - Processing /opt/airflow/dags/lakehouse_bsg_dag.py took 0.076 seconds
[2026-02-18T11:56:27.125+0000] {processor.py:161} INFO - Started process (PID=1159) to work on /opt/airflow/dags/lakehouse_bsg_dag.py
[2026-02-18T11:56:27.126+0000] {processor.py:830} INFO - Processing file /opt/airflow/dags/lakehouse_bsg_dag.py for tasks to queue
[2026-02-18T11:56:27.128+0000] {logging_mixin.py:188} INFO - [2026-02-18T11:56:27.128+0000] {dagbag.py:545} INFO - Filling up the DagBag from /opt/airflow/dags/lakehouse_bsg_dag.py
[2026-02-18T11:56:27.144+0000] {processor.py:840} INFO - DAG(s) 'lakehouse_bronze_silver_gold' retrieved from /opt/airflow/dags/lakehouse_bsg_dag.py
[2026-02-18T11:56:27.167+0000] {logging_mixin.py:188} INFO - [2026-02-18T11:56:27.167+0000] {dag.py:3089} INFO - Sync 1 DAGs
[2026-02-18T11:56:27.176+0000] {logging_mixin.py:188} INFO - [2026-02-18T11:56:27.176+0000] {dag.py:3947} INFO - Setting next_dagrun for lakehouse_bronze_silver_gold to None, run_after=None
[2026-02-18T11:56:27.189+0000] {processor.py:183} INFO - Processing /opt/airflow/dags/lakehouse_bsg_dag.py took 0.070 seconds
[2026-02-18T11:57:00.042+0000] {processor.py:161} INFO - Started process (PID=1164) to work on /opt/airflow/dags/lakehouse_bsg_dag.py
[2026-02-18T11:57:00.043+0000] {processor.py:830} INFO - Processing file /opt/airflow/dags/lakehouse_bsg_dag.py for tasks to queue
[2026-02-18T11:57:00.045+0000] {logging_mixin.py:188} INFO - [2026-02-18T11:57:00.044+0000] {dagbag.py:545} INFO - Filling up the DagBag from /opt/airflow/dags/lakehouse_bsg_dag.py
[2026-02-18T11:57:00.061+0000] {processor.py:840} INFO - DAG(s) 'lakehouse_bronze_silver_gold' retrieved from /opt/airflow/dags/lakehouse_bsg_dag.py
[2026-02-18T11:57:00.087+0000] {logging_mixin.py:188} INFO - [2026-02-18T11:57:00.087+0000] {dag.py:3089} INFO - Sync 1 DAGs
[2026-02-18T11:57:00.098+0000] {logging_mixin.py:188} INFO - [2026-02-18T11:57:00.098+0000] {dag.py:3947} INFO - Setting next_dagrun for lakehouse_bronze_silver_gold to None, run_after=None
[2026-02-18T11:57:00.114+0000] {processor.py:183} INFO - Processing /opt/airflow/dags/lakehouse_bsg_dag.py took 0.077 seconds
[2026-02-18T11:57:32.945+0000] {processor.py:161} INFO - Started process (PID=1169) to work on /opt/airflow/dags/lakehouse_bsg_dag.py
[2026-02-18T11:57:32.946+0000] {processor.py:830} INFO - Processing file /opt/airflow/dags/lakehouse_bsg_dag.py for tasks to queue
[2026-02-18T11:57:32.948+0000] {logging_mixin.py:188} INFO - [2026-02-18T11:57:32.948+0000] {dagbag.py:545} INFO - Filling up the DagBag from /opt/airflow/dags/lakehouse_bsg_dag.py
[2026-02-18T11:57:32.964+0000] {processor.py:840} INFO - DAG(s) 'lakehouse_bronze_silver_gold' retrieved from /opt/airflow/dags/lakehouse_bsg_dag.py
[2026-02-18T11:57:32.989+0000] {logging_mixin.py:188} INFO - [2026-02-18T11:57:32.989+0000] {dag.py:3089} INFO - Sync 1 DAGs
[2026-02-18T11:57:32.999+0000] {logging_mixin.py:188} INFO - [2026-02-18T11:57:32.999+0000] {dag.py:3947} INFO - Setting next_dagrun for lakehouse_bronze_silver_gold to None, run_after=None
[2026-02-18T11:57:33.015+0000] {processor.py:183} INFO - Processing /opt/airflow/dags/lakehouse_bsg_dag.py took 0.075 seconds
[2026-02-18T11:58:05.007+0000] {processor.py:161} INFO - Started process (PID=1174) to work on /opt/airflow/dags/lakehouse_bsg_dag.py
[2026-02-18T11:58:05.008+0000] {processor.py:830} INFO - Processing file /opt/airflow/dags/lakehouse_bsg_dag.py for tasks to queue
[2026-02-18T11:58:05.010+0000] {logging_mixin.py:188} INFO - [2026-02-18T11:58:05.010+0000] {dagbag.py:545} INFO - Filling up the DagBag from /opt/airflow/dags/lakehouse_bsg_dag.py
[2026-02-18T11:58:05.026+0000] {processor.py:840} INFO - DAG(s) 'lakehouse_bronze_silver_gold' retrieved from /opt/airflow/dags/lakehouse_bsg_dag.py
[2026-02-18T11:58:05.048+0000] {logging_mixin.py:188} INFO - [2026-02-18T11:58:05.048+0000] {dag.py:3089} INFO - Sync 1 DAGs
[2026-02-18T11:58:05.058+0000] {logging_mixin.py:188} INFO - [2026-02-18T11:58:05.058+0000] {dag.py:3947} INFO - Setting next_dagrun for lakehouse_bronze_silver_gold to None, run_after=None
[2026-02-18T11:58:05.075+0000] {processor.py:183} INFO - Processing /opt/airflow/dags/lakehouse_bsg_dag.py took 0.073 seconds
[2026-02-18T11:58:37.946+0000] {processor.py:161} INFO - Started process (PID=1179) to work on /opt/airflow/dags/lakehouse_bsg_dag.py
[2026-02-18T11:58:37.947+0000] {processor.py:830} INFO - Processing file /opt/airflow/dags/lakehouse_bsg_dag.py for tasks to queue
[2026-02-18T11:58:37.949+0000] {logging_mixin.py:188} INFO - [2026-02-18T11:58:37.949+0000] {dagbag.py:545} INFO - Filling up the DagBag from /opt/airflow/dags/lakehouse_bsg_dag.py
[2026-02-18T11:58:37.966+0000] {processor.py:840} INFO - DAG(s) 'lakehouse_bronze_silver_gold' retrieved from /opt/airflow/dags/lakehouse_bsg_dag.py
[2026-02-18T11:58:37.991+0000] {logging_mixin.py:188} INFO - [2026-02-18T11:58:37.991+0000] {dag.py:3089} INFO - Sync 1 DAGs
[2026-02-18T11:58:38.002+0000] {logging_mixin.py:188} INFO - [2026-02-18T11:58:38.002+0000] {dag.py:3947} INFO - Setting next_dagrun for lakehouse_bronze_silver_gold to None, run_after=None
[2026-02-18T11:58:38.018+0000] {processor.py:183} INFO - Processing /opt/airflow/dags/lakehouse_bsg_dag.py took 0.076 seconds
[2026-02-18T11:59:10.900+0000] {processor.py:161} INFO - Started process (PID=1184) to work on /opt/airflow/dags/lakehouse_bsg_dag.py
[2026-02-18T11:59:10.901+0000] {processor.py:830} INFO - Processing file /opt/airflow/dags/lakehouse_bsg_dag.py for tasks to queue
[2026-02-18T11:59:10.903+0000] {logging_mixin.py:188} INFO - [2026-02-18T11:59:10.903+0000] {dagbag.py:545} INFO - Filling up the DagBag from /opt/airflow/dags/lakehouse_bsg_dag.py
[2026-02-18T11:59:10.924+0000] {processor.py:840} INFO - DAG(s) 'lakehouse_bronze_silver_gold' retrieved from /opt/airflow/dags/lakehouse_bsg_dag.py
[2026-02-18T11:59:10.957+0000] {logging_mixin.py:188} INFO - [2026-02-18T11:59:10.957+0000] {dag.py:3089} INFO - Sync 1 DAGs
[2026-02-18T11:59:10.970+0000] {logging_mixin.py:188} INFO - [2026-02-18T11:59:10.969+0000] {dag.py:3947} INFO - Setting next_dagrun for lakehouse_bronze_silver_gold to None, run_after=None
[2026-02-18T11:59:10.990+0000] {processor.py:183} INFO - Processing /opt/airflow/dags/lakehouse_bsg_dag.py took 0.094 seconds
[2026-02-18T11:59:43.864+0000] {processor.py:161} INFO - Started process (PID=1189) to work on /opt/airflow/dags/lakehouse_bsg_dag.py
[2026-02-18T11:59:43.866+0000] {processor.py:830} INFO - Processing file /opt/airflow/dags/lakehouse_bsg_dag.py for tasks to queue
[2026-02-18T11:59:43.868+0000] {logging_mixin.py:188} INFO - [2026-02-18T11:59:43.867+0000] {dagbag.py:545} INFO - Filling up the DagBag from /opt/airflow/dags/lakehouse_bsg_dag.py
[2026-02-18T11:59:43.892+0000] {processor.py:840} INFO - DAG(s) 'lakehouse_bronze_silver_gold' retrieved from /opt/airflow/dags/lakehouse_bsg_dag.py
[2026-02-18T11:59:43.923+0000] {logging_mixin.py:188} INFO - [2026-02-18T11:59:43.923+0000] {dag.py:3089} INFO - Sync 1 DAGs
[2026-02-18T11:59:43.935+0000] {logging_mixin.py:188} INFO - [2026-02-18T11:59:43.934+0000] {dag.py:3947} INFO - Setting next_dagrun for lakehouse_bronze_silver_gold to None, run_after=None
[2026-02-18T11:59:43.947+0000] {processor.py:183} INFO - Processing /opt/airflow/dags/lakehouse_bsg_dag.py took 0.089 seconds
[2026-02-18T12:00:16.903+0000] {processor.py:161} INFO - Started process (PID=1194) to work on /opt/airflow/dags/lakehouse_bsg_dag.py
[2026-02-18T12:00:16.904+0000] {processor.py:830} INFO - Processing file /opt/airflow/dags/lakehouse_bsg_dag.py for tasks to queue
[2026-02-18T12:00:16.906+0000] {logging_mixin.py:188} INFO - [2026-02-18T12:00:16.905+0000] {dagbag.py:545} INFO - Filling up the DagBag from /opt/airflow/dags/lakehouse_bsg_dag.py
[2026-02-18T12:00:16.923+0000] {processor.py:840} INFO - DAG(s) 'lakehouse_bronze_silver_gold' retrieved from /opt/airflow/dags/lakehouse_bsg_dag.py
[2026-02-18T12:00:16.948+0000] {logging_mixin.py:188} INFO - [2026-02-18T12:00:16.948+0000] {dag.py:3089} INFO - Sync 1 DAGs
[2026-02-18T12:00:16.957+0000] {logging_mixin.py:188} INFO - [2026-02-18T12:00:16.957+0000] {dag.py:3947} INFO - Setting next_dagrun for lakehouse_bronze_silver_gold to None, run_after=None
[2026-02-18T12:00:16.972+0000] {processor.py:183} INFO - Processing /opt/airflow/dags/lakehouse_bsg_dag.py took 0.073 seconds
[2026-02-18T12:00:48.876+0000] {processor.py:161} INFO - Started process (PID=1199) to work on /opt/airflow/dags/lakehouse_bsg_dag.py
[2026-02-18T12:00:48.877+0000] {processor.py:830} INFO - Processing file /opt/airflow/dags/lakehouse_bsg_dag.py for tasks to queue
[2026-02-18T12:00:48.879+0000] {logging_mixin.py:188} INFO - [2026-02-18T12:00:48.879+0000] {dagbag.py:545} INFO - Filling up the DagBag from /opt/airflow/dags/lakehouse_bsg_dag.py
[2026-02-18T12:00:48.915+0000] {processor.py:840} INFO - DAG(s) 'lakehouse_bronze_silver_gold' retrieved from /opt/airflow/dags/lakehouse_bsg_dag.py
[2026-02-18T12:00:48.942+0000] {logging_mixin.py:188} INFO - [2026-02-18T12:00:48.941+0000] {dag.py:3089} INFO - Sync 1 DAGs
[2026-02-18T12:00:48.952+0000] {logging_mixin.py:188} INFO - [2026-02-18T12:00:48.951+0000] {dag.py:3947} INFO - Setting next_dagrun for lakehouse_bronze_silver_gold to None, run_after=None
[2026-02-18T12:00:48.968+0000] {processor.py:183} INFO - Processing /opt/airflow/dags/lakehouse_bsg_dag.py took 0.096 seconds
[2026-02-18T12:01:21.913+0000] {processor.py:161} INFO - Started process (PID=1204) to work on /opt/airflow/dags/lakehouse_bsg_dag.py
[2026-02-18T12:01:21.914+0000] {processor.py:830} INFO - Processing file /opt/airflow/dags/lakehouse_bsg_dag.py for tasks to queue
[2026-02-18T12:01:21.916+0000] {logging_mixin.py:188} INFO - [2026-02-18T12:01:21.916+0000] {dagbag.py:545} INFO - Filling up the DagBag from /opt/airflow/dags/lakehouse_bsg_dag.py
[2026-02-18T12:01:21.931+0000] {processor.py:840} INFO - DAG(s) 'lakehouse_bronze_silver_gold' retrieved from /opt/airflow/dags/lakehouse_bsg_dag.py
[2026-02-18T12:01:21.957+0000] {logging_mixin.py:188} INFO - [2026-02-18T12:01:21.956+0000] {dag.py:3089} INFO - Sync 1 DAGs
[2026-02-18T12:01:21.966+0000] {logging_mixin.py:188} INFO - [2026-02-18T12:01:21.966+0000] {dag.py:3947} INFO - Setting next_dagrun for lakehouse_bronze_silver_gold to None, run_after=None
[2026-02-18T12:01:21.982+0000] {processor.py:183} INFO - Processing /opt/airflow/dags/lakehouse_bsg_dag.py took 0.075 seconds
[2026-02-18T12:01:54.847+0000] {processor.py:161} INFO - Started process (PID=1209) to work on /opt/airflow/dags/lakehouse_bsg_dag.py
[2026-02-18T12:01:54.848+0000] {processor.py:830} INFO - Processing file /opt/airflow/dags/lakehouse_bsg_dag.py for tasks to queue
[2026-02-18T12:01:54.849+0000] {logging_mixin.py:188} INFO - [2026-02-18T12:01:54.849+0000] {dagbag.py:545} INFO - Filling up the DagBag from /opt/airflow/dags/lakehouse_bsg_dag.py
[2026-02-18T12:01:54.865+0000] {processor.py:840} INFO - DAG(s) 'lakehouse_bronze_silver_gold' retrieved from /opt/airflow/dags/lakehouse_bsg_dag.py
[2026-02-18T12:01:54.891+0000] {logging_mixin.py:188} INFO - [2026-02-18T12:01:54.891+0000] {dag.py:3089} INFO - Sync 1 DAGs
[2026-02-18T12:01:54.901+0000] {logging_mixin.py:188} INFO - [2026-02-18T12:01:54.901+0000] {dag.py:3947} INFO - Setting next_dagrun for lakehouse_bronze_silver_gold to None, run_after=None
[2026-02-18T12:01:54.915+0000] {processor.py:183} INFO - Processing /opt/airflow/dags/lakehouse_bsg_dag.py took 0.072 seconds
[2026-02-18T12:02:27.844+0000] {processor.py:161} INFO - Started process (PID=1214) to work on /opt/airflow/dags/lakehouse_bsg_dag.py
[2026-02-18T12:02:27.845+0000] {processor.py:830} INFO - Processing file /opt/airflow/dags/lakehouse_bsg_dag.py for tasks to queue
[2026-02-18T12:02:27.846+0000] {logging_mixin.py:188} INFO - [2026-02-18T12:02:27.846+0000] {dagbag.py:545} INFO - Filling up the DagBag from /opt/airflow/dags/lakehouse_bsg_dag.py
[2026-02-18T12:02:27.863+0000] {processor.py:840} INFO - DAG(s) 'lakehouse_bronze_silver_gold' retrieved from /opt/airflow/dags/lakehouse_bsg_dag.py
[2026-02-18T12:02:27.888+0000] {logging_mixin.py:188} INFO - [2026-02-18T12:02:27.888+0000] {dag.py:3089} INFO - Sync 1 DAGs
[2026-02-18T12:02:27.897+0000] {logging_mixin.py:188} INFO - [2026-02-18T12:02:27.897+0000] {dag.py:3947} INFO - Setting next_dagrun for lakehouse_bronze_silver_gold to None, run_after=None
[2026-02-18T12:02:27.911+0000] {processor.py:183} INFO - Processing /opt/airflow/dags/lakehouse_bsg_dag.py took 0.072 seconds
[2026-02-18T12:02:59.826+0000] {processor.py:161} INFO - Started process (PID=1219) to work on /opt/airflow/dags/lakehouse_bsg_dag.py
[2026-02-18T12:02:59.827+0000] {processor.py:830} INFO - Processing file /opt/airflow/dags/lakehouse_bsg_dag.py for tasks to queue
[2026-02-18T12:02:59.828+0000] {logging_mixin.py:188} INFO - [2026-02-18T12:02:59.828+0000] {dagbag.py:545} INFO - Filling up the DagBag from /opt/airflow/dags/lakehouse_bsg_dag.py
[2026-02-18T12:02:59.843+0000] {processor.py:840} INFO - DAG(s) 'lakehouse_bronze_silver_gold' retrieved from /opt/airflow/dags/lakehouse_bsg_dag.py
[2026-02-18T12:02:59.866+0000] {logging_mixin.py:188} INFO - [2026-02-18T12:02:59.866+0000] {dag.py:3089} INFO - Sync 1 DAGs
[2026-02-18T12:02:59.879+0000] {logging_mixin.py:188} INFO - [2026-02-18T12:02:59.879+0000] {dag.py:3947} INFO - Setting next_dagrun for lakehouse_bronze_silver_gold to None, run_after=None
[2026-02-18T12:02:59.894+0000] {processor.py:183} INFO - Processing /opt/airflow/dags/lakehouse_bsg_dag.py took 0.073 seconds
[2026-02-18T12:03:32.742+0000] {processor.py:161} INFO - Started process (PID=1224) to work on /opt/airflow/dags/lakehouse_bsg_dag.py
[2026-02-18T12:03:32.743+0000] {processor.py:830} INFO - Processing file /opt/airflow/dags/lakehouse_bsg_dag.py for tasks to queue
[2026-02-18T12:03:32.745+0000] {logging_mixin.py:188} INFO - [2026-02-18T12:03:32.745+0000] {dagbag.py:545} INFO - Filling up the DagBag from /opt/airflow/dags/lakehouse_bsg_dag.py
[2026-02-18T12:03:32.760+0000] {processor.py:840} INFO - DAG(s) 'lakehouse_bronze_silver_gold' retrieved from /opt/airflow/dags/lakehouse_bsg_dag.py
[2026-02-18T12:03:32.788+0000] {logging_mixin.py:188} INFO - [2026-02-18T12:03:32.788+0000] {dag.py:3089} INFO - Sync 1 DAGs
[2026-02-18T12:03:32.798+0000] {logging_mixin.py:188} INFO - [2026-02-18T12:03:32.798+0000] {dag.py:3947} INFO - Setting next_dagrun for lakehouse_bronze_silver_gold to None, run_after=None
[2026-02-18T12:03:32.810+0000] {processor.py:183} INFO - Processing /opt/airflow/dags/lakehouse_bsg_dag.py took 0.075 seconds
[2026-02-18T12:04:05.721+0000] {processor.py:161} INFO - Started process (PID=1229) to work on /opt/airflow/dags/lakehouse_bsg_dag.py
[2026-02-18T12:04:05.722+0000] {processor.py:830} INFO - Processing file /opt/airflow/dags/lakehouse_bsg_dag.py for tasks to queue
[2026-02-18T12:04:05.724+0000] {logging_mixin.py:188} INFO - [2026-02-18T12:04:05.723+0000] {dagbag.py:545} INFO - Filling up the DagBag from /opt/airflow/dags/lakehouse_bsg_dag.py
[2026-02-18T12:04:05.739+0000] {processor.py:840} INFO - DAG(s) 'lakehouse_bronze_silver_gold' retrieved from /opt/airflow/dags/lakehouse_bsg_dag.py
[2026-02-18T12:04:05.761+0000] {logging_mixin.py:188} INFO - [2026-02-18T12:04:05.761+0000] {dag.py:3089} INFO - Sync 1 DAGs
[2026-02-18T12:04:05.770+0000] {logging_mixin.py:188} INFO - [2026-02-18T12:04:05.770+0000] {dag.py:3947} INFO - Setting next_dagrun for lakehouse_bronze_silver_gold to None, run_after=None
[2026-02-18T12:04:05.784+0000] {processor.py:183} INFO - Processing /opt/airflow/dags/lakehouse_bsg_dag.py took 0.067 seconds
[2026-02-18T12:04:38.621+0000] {processor.py:161} INFO - Started process (PID=1234) to work on /opt/airflow/dags/lakehouse_bsg_dag.py
[2026-02-18T12:04:38.622+0000] {processor.py:830} INFO - Processing file /opt/airflow/dags/lakehouse_bsg_dag.py for tasks to queue
[2026-02-18T12:04:38.624+0000] {logging_mixin.py:188} INFO - [2026-02-18T12:04:38.624+0000] {dagbag.py:545} INFO - Filling up the DagBag from /opt/airflow/dags/lakehouse_bsg_dag.py
[2026-02-18T12:04:38.649+0000] {processor.py:840} INFO - DAG(s) 'lakehouse_bronze_silver_gold' retrieved from /opt/airflow/dags/lakehouse_bsg_dag.py
[2026-02-18T12:04:38.676+0000] {logging_mixin.py:188} INFO - [2026-02-18T12:04:38.675+0000] {dag.py:3089} INFO - Sync 1 DAGs
[2026-02-18T12:04:38.686+0000] {logging_mixin.py:188} INFO - [2026-02-18T12:04:38.685+0000] {dag.py:3947} INFO - Setting next_dagrun for lakehouse_bronze_silver_gold to None, run_after=None
[2026-02-18T12:04:38.704+0000] {processor.py:183} INFO - Processing /opt/airflow/dags/lakehouse_bsg_dag.py took 0.089 seconds
[2026-02-18T12:05:11.662+0000] {processor.py:161} INFO - Started process (PID=1239) to work on /opt/airflow/dags/lakehouse_bsg_dag.py
[2026-02-18T12:05:11.663+0000] {processor.py:830} INFO - Processing file /opt/airflow/dags/lakehouse_bsg_dag.py for tasks to queue
[2026-02-18T12:05:11.665+0000] {logging_mixin.py:188} INFO - [2026-02-18T12:05:11.665+0000] {dagbag.py:545} INFO - Filling up the DagBag from /opt/airflow/dags/lakehouse_bsg_dag.py
[2026-02-18T12:05:11.682+0000] {processor.py:840} INFO - DAG(s) 'lakehouse_bronze_silver_gold' retrieved from /opt/airflow/dags/lakehouse_bsg_dag.py
[2026-02-18T12:05:11.708+0000] {logging_mixin.py:188} INFO - [2026-02-18T12:05:11.707+0000] {dag.py:3089} INFO - Sync 1 DAGs
[2026-02-18T12:05:11.719+0000] {logging_mixin.py:188} INFO - [2026-02-18T12:05:11.719+0000] {dag.py:3947} INFO - Setting next_dagrun for lakehouse_bronze_silver_gold to None, run_after=None
[2026-02-18T12:05:11.736+0000] {processor.py:183} INFO - Processing /opt/airflow/dags/lakehouse_bsg_dag.py took 0.078 seconds
[2026-02-18T12:05:43.582+0000] {processor.py:161} INFO - Started process (PID=1244) to work on /opt/airflow/dags/lakehouse_bsg_dag.py
[2026-02-18T12:05:43.583+0000] {processor.py:830} INFO - Processing file /opt/airflow/dags/lakehouse_bsg_dag.py for tasks to queue
[2026-02-18T12:05:43.585+0000] {logging_mixin.py:188} INFO - [2026-02-18T12:05:43.585+0000] {dagbag.py:545} INFO - Filling up the DagBag from /opt/airflow/dags/lakehouse_bsg_dag.py
[2026-02-18T12:05:43.604+0000] {processor.py:840} INFO - DAG(s) 'lakehouse_bronze_silver_gold' retrieved from /opt/airflow/dags/lakehouse_bsg_dag.py
[2026-02-18T12:05:43.632+0000] {logging_mixin.py:188} INFO - [2026-02-18T12:05:43.631+0000] {dag.py:3089} INFO - Sync 1 DAGs
[2026-02-18T12:05:43.643+0000] {logging_mixin.py:188} INFO - [2026-02-18T12:05:43.643+0000] {dag.py:3947} INFO - Setting next_dagrun for lakehouse_bronze_silver_gold to None, run_after=None
[2026-02-18T12:05:43.660+0000] {processor.py:183} INFO - Processing /opt/airflow/dags/lakehouse_bsg_dag.py took 0.083 seconds
[2026-02-18T12:06:16.483+0000] {processor.py:161} INFO - Started process (PID=1249) to work on /opt/airflow/dags/lakehouse_bsg_dag.py
[2026-02-18T12:06:16.484+0000] {processor.py:830} INFO - Processing file /opt/airflow/dags/lakehouse_bsg_dag.py for tasks to queue
[2026-02-18T12:06:16.486+0000] {logging_mixin.py:188} INFO - [2026-02-18T12:06:16.486+0000] {dagbag.py:545} INFO - Filling up the DagBag from /opt/airflow/dags/lakehouse_bsg_dag.py
[2026-02-18T12:06:16.503+0000] {processor.py:840} INFO - DAG(s) 'lakehouse_bronze_silver_gold' retrieved from /opt/airflow/dags/lakehouse_bsg_dag.py
[2026-02-18T12:06:16.542+0000] {logging_mixin.py:188} INFO - [2026-02-18T12:06:16.541+0000] {dag.py:3089} INFO - Sync 1 DAGs
[2026-02-18T12:06:16.552+0000] {logging_mixin.py:188} INFO - [2026-02-18T12:06:16.552+0000] {dag.py:3947} INFO - Setting next_dagrun for lakehouse_bronze_silver_gold to None, run_after=None
[2026-02-18T12:06:16.570+0000] {processor.py:183} INFO - Processing /opt/airflow/dags/lakehouse_bsg_dag.py took 0.092 seconds
[2026-02-18T12:06:49.500+0000] {processor.py:161} INFO - Started process (PID=1254) to work on /opt/airflow/dags/lakehouse_bsg_dag.py
[2026-02-18T12:06:49.501+0000] {processor.py:830} INFO - Processing file /opt/airflow/dags/lakehouse_bsg_dag.py for tasks to queue
[2026-02-18T12:06:49.503+0000] {logging_mixin.py:188} INFO - [2026-02-18T12:06:49.503+0000] {dagbag.py:545} INFO - Filling up the DagBag from /opt/airflow/dags/lakehouse_bsg_dag.py
[2026-02-18T12:06:49.519+0000] {processor.py:840} INFO - DAG(s) 'lakehouse_bronze_silver_gold' retrieved from /opt/airflow/dags/lakehouse_bsg_dag.py
[2026-02-18T12:06:49.544+0000] {logging_mixin.py:188} INFO - [2026-02-18T12:06:49.544+0000] {dag.py:3089} INFO - Sync 1 DAGs
[2026-02-18T12:06:49.554+0000] {logging_mixin.py:188} INFO - [2026-02-18T12:06:49.554+0000] {dag.py:3947} INFO - Setting next_dagrun for lakehouse_bronze_silver_gold to None, run_after=None
[2026-02-18T12:06:49.571+0000] {processor.py:183} INFO - Processing /opt/airflow/dags/lakehouse_bsg_dag.py took 0.075 seconds
[2026-02-18T12:07:22.527+0000] {processor.py:161} INFO - Started process (PID=1259) to work on /opt/airflow/dags/lakehouse_bsg_dag.py
[2026-02-18T12:07:22.533+0000] {processor.py:830} INFO - Processing file /opt/airflow/dags/lakehouse_bsg_dag.py for tasks to queue
[2026-02-18T12:07:22.545+0000] {logging_mixin.py:188} INFO - [2026-02-18T12:07:22.543+0000] {dagbag.py:545} INFO - Filling up the DagBag from /opt/airflow/dags/lakehouse_bsg_dag.py
[2026-02-18T12:07:22.626+0000] {processor.py:840} INFO - DAG(s) 'lakehouse_bronze_silver_gold' retrieved from /opt/airflow/dags/lakehouse_bsg_dag.py
[2026-02-18T12:07:22.730+0000] {logging_mixin.py:188} INFO - [2026-02-18T12:07:22.730+0000] {dag.py:3089} INFO - Sync 1 DAGs
[2026-02-18T12:07:22.760+0000] {logging_mixin.py:188} INFO - [2026-02-18T12:07:22.760+0000] {dag.py:3947} INFO - Setting next_dagrun for lakehouse_bronze_silver_gold to None, run_after=None
[2026-02-18T12:07:22.792+0000] {processor.py:183} INFO - Processing /opt/airflow/dags/lakehouse_bsg_dag.py took 0.303 seconds
[2026-02-18T12:07:54.699+0000] {processor.py:161} INFO - Started process (PID=1264) to work on /opt/airflow/dags/lakehouse_bsg_dag.py
[2026-02-18T12:07:54.700+0000] {processor.py:830} INFO - Processing file /opt/airflow/dags/lakehouse_bsg_dag.py for tasks to queue
[2026-02-18T12:07:54.702+0000] {logging_mixin.py:188} INFO - [2026-02-18T12:07:54.702+0000] {dagbag.py:545} INFO - Filling up the DagBag from /opt/airflow/dags/lakehouse_bsg_dag.py
[2026-02-18T12:07:54.718+0000] {processor.py:840} INFO - DAG(s) 'lakehouse_bronze_silver_gold' retrieved from /opt/airflow/dags/lakehouse_bsg_dag.py
[2026-02-18T12:07:54.743+0000] {logging_mixin.py:188} INFO - [2026-02-18T12:07:54.743+0000] {dag.py:3089} INFO - Sync 1 DAGs
[2026-02-18T12:07:54.753+0000] {logging_mixin.py:188} INFO - [2026-02-18T12:07:54.753+0000] {dag.py:3947} INFO - Setting next_dagrun for lakehouse_bronze_silver_gold to None, run_after=None
[2026-02-18T12:07:54.769+0000] {processor.py:183} INFO - Processing /opt/airflow/dags/lakehouse_bsg_dag.py took 0.074 seconds
[2026-02-18T12:08:27.591+0000] {processor.py:161} INFO - Started process (PID=1269) to work on /opt/airflow/dags/lakehouse_bsg_dag.py
[2026-02-18T12:08:27.593+0000] {processor.py:830} INFO - Processing file /opt/airflow/dags/lakehouse_bsg_dag.py for tasks to queue
[2026-02-18T12:08:27.595+0000] {logging_mixin.py:188} INFO - [2026-02-18T12:08:27.595+0000] {dagbag.py:545} INFO - Filling up the DagBag from /opt/airflow/dags/lakehouse_bsg_dag.py
[2026-02-18T12:08:27.614+0000] {processor.py:840} INFO - DAG(s) 'lakehouse_bronze_silver_gold' retrieved from /opt/airflow/dags/lakehouse_bsg_dag.py
[2026-02-18T12:08:27.640+0000] {logging_mixin.py:188} INFO - [2026-02-18T12:08:27.640+0000] {dag.py:3089} INFO - Sync 1 DAGs
[2026-02-18T12:08:27.651+0000] {logging_mixin.py:188} INFO - [2026-02-18T12:08:27.651+0000] {dag.py:3947} INFO - Setting next_dagrun for lakehouse_bronze_silver_gold to None, run_after=None
[2026-02-18T12:08:27.667+0000] {processor.py:183} INFO - Processing /opt/airflow/dags/lakehouse_bsg_dag.py took 0.081 seconds
[2026-02-18T12:09:00.557+0000] {processor.py:161} INFO - Started process (PID=1274) to work on /opt/airflow/dags/lakehouse_bsg_dag.py
[2026-02-18T12:09:00.558+0000] {processor.py:830} INFO - Processing file /opt/airflow/dags/lakehouse_bsg_dag.py for tasks to queue
[2026-02-18T12:09:00.559+0000] {logging_mixin.py:188} INFO - [2026-02-18T12:09:00.559+0000] {dagbag.py:545} INFO - Filling up the DagBag from /opt/airflow/dags/lakehouse_bsg_dag.py
[2026-02-18T12:09:00.574+0000] {processor.py:840} INFO - DAG(s) 'lakehouse_bronze_silver_gold' retrieved from /opt/airflow/dags/lakehouse_bsg_dag.py
[2026-02-18T12:09:00.603+0000] {logging_mixin.py:188} INFO - [2026-02-18T12:09:00.603+0000] {dag.py:3089} INFO - Sync 1 DAGs
[2026-02-18T12:09:00.614+0000] {logging_mixin.py:188} INFO - [2026-02-18T12:09:00.614+0000] {dag.py:3947} INFO - Setting next_dagrun for lakehouse_bronze_silver_gold to None, run_after=None
[2026-02-18T12:09:00.633+0000] {processor.py:183} INFO - Processing /opt/airflow/dags/lakehouse_bsg_dag.py took 0.081 seconds
[2026-02-18T12:09:33.441+0000] {processor.py:161} INFO - Started process (PID=1279) to work on /opt/airflow/dags/lakehouse_bsg_dag.py
[2026-02-18T12:09:33.442+0000] {processor.py:830} INFO - Processing file /opt/airflow/dags/lakehouse_bsg_dag.py for tasks to queue
[2026-02-18T12:09:33.444+0000] {logging_mixin.py:188} INFO - [2026-02-18T12:09:33.444+0000] {dagbag.py:545} INFO - Filling up the DagBag from /opt/airflow/dags/lakehouse_bsg_dag.py
[2026-02-18T12:09:33.462+0000] {processor.py:840} INFO - DAG(s) 'lakehouse_bronze_silver_gold' retrieved from /opt/airflow/dags/lakehouse_bsg_dag.py
[2026-02-18T12:09:33.495+0000] {logging_mixin.py:188} INFO - [2026-02-18T12:09:33.495+0000] {dag.py:3089} INFO - Sync 1 DAGs
[2026-02-18T12:09:33.506+0000] {logging_mixin.py:188} INFO - [2026-02-18T12:09:33.506+0000] {dag.py:3947} INFO - Setting next_dagrun for lakehouse_bronze_silver_gold to None, run_after=None
[2026-02-18T12:09:33.523+0000] {processor.py:183} INFO - Processing /opt/airflow/dags/lakehouse_bsg_dag.py took 0.087 seconds
[2026-02-18T12:10:06.404+0000] {processor.py:161} INFO - Started process (PID=1284) to work on /opt/airflow/dags/lakehouse_bsg_dag.py
[2026-02-18T12:10:06.406+0000] {processor.py:830} INFO - Processing file /opt/airflow/dags/lakehouse_bsg_dag.py for tasks to queue
[2026-02-18T12:10:06.407+0000] {logging_mixin.py:188} INFO - [2026-02-18T12:10:06.407+0000] {dagbag.py:545} INFO - Filling up the DagBag from /opt/airflow/dags/lakehouse_bsg_dag.py
[2026-02-18T12:10:06.426+0000] {processor.py:840} INFO - DAG(s) 'lakehouse_bronze_silver_gold' retrieved from /opt/airflow/dags/lakehouse_bsg_dag.py
[2026-02-18T12:10:06.456+0000] {logging_mixin.py:188} INFO - [2026-02-18T12:10:06.456+0000] {dag.py:3089} INFO - Sync 1 DAGs
[2026-02-18T12:10:06.467+0000] {logging_mixin.py:188} INFO - [2026-02-18T12:10:06.467+0000] {dag.py:3947} INFO - Setting next_dagrun for lakehouse_bronze_silver_gold to None, run_after=None
[2026-02-18T12:10:06.484+0000] {processor.py:183} INFO - Processing /opt/airflow/dags/lakehouse_bsg_dag.py took 0.085 seconds
[2026-02-18T12:10:38.281+0000] {processor.py:161} INFO - Started process (PID=1289) to work on /opt/airflow/dags/lakehouse_bsg_dag.py
[2026-02-18T12:10:38.302+0000] {processor.py:830} INFO - Processing file /opt/airflow/dags/lakehouse_bsg_dag.py for tasks to queue
[2026-02-18T12:10:38.305+0000] {logging_mixin.py:188} INFO - [2026-02-18T12:10:38.304+0000] {dagbag.py:545} INFO - Filling up the DagBag from /opt/airflow/dags/lakehouse_bsg_dag.py
[2026-02-18T12:10:38.328+0000] {processor.py:840} INFO - DAG(s) 'lakehouse_bronze_silver_gold' retrieved from /opt/airflow/dags/lakehouse_bsg_dag.py
[2026-02-18T12:10:38.355+0000] {logging_mixin.py:188} INFO - [2026-02-18T12:10:38.355+0000] {dag.py:3089} INFO - Sync 1 DAGs
[2026-02-18T12:10:38.364+0000] {logging_mixin.py:188} INFO - [2026-02-18T12:10:38.364+0000] {dag.py:3947} INFO - Setting next_dagrun for lakehouse_bronze_silver_gold to None, run_after=None
[2026-02-18T12:10:38.383+0000] {processor.py:183} INFO - Processing /opt/airflow/dags/lakehouse_bsg_dag.py took 0.106 seconds
[2026-02-18T12:11:11.302+0000] {processor.py:161} INFO - Started process (PID=1294) to work on /opt/airflow/dags/lakehouse_bsg_dag.py
[2026-02-18T12:11:11.304+0000] {processor.py:830} INFO - Processing file /opt/airflow/dags/lakehouse_bsg_dag.py for tasks to queue
[2026-02-18T12:11:11.305+0000] {logging_mixin.py:188} INFO - [2026-02-18T12:11:11.305+0000] {dagbag.py:545} INFO - Filling up the DagBag from /opt/airflow/dags/lakehouse_bsg_dag.py
[2026-02-18T12:11:11.324+0000] {processor.py:840} INFO - DAG(s) 'lakehouse_bronze_silver_gold' retrieved from /opt/airflow/dags/lakehouse_bsg_dag.py
[2026-02-18T12:11:11.350+0000] {logging_mixin.py:188} INFO - [2026-02-18T12:11:11.350+0000] {dag.py:3089} INFO - Sync 1 DAGs
[2026-02-18T12:11:11.360+0000] {logging_mixin.py:188} INFO - [2026-02-18T12:11:11.360+0000] {dag.py:3947} INFO - Setting next_dagrun for lakehouse_bronze_silver_gold to None, run_after=None
[2026-02-18T12:11:11.377+0000] {processor.py:183} INFO - Processing /opt/airflow/dags/lakehouse_bsg_dag.py took 0.079 seconds
[2026-02-18T12:11:44.439+0000] {processor.py:161} INFO - Started process (PID=1299) to work on /opt/airflow/dags/lakehouse_bsg_dag.py
[2026-02-18T12:11:44.443+0000] {processor.py:830} INFO - Processing file /opt/airflow/dags/lakehouse_bsg_dag.py for tasks to queue
[2026-02-18T12:11:44.463+0000] {logging_mixin.py:188} INFO - [2026-02-18T12:11:44.458+0000] {dagbag.py:545} INFO - Filling up the DagBag from /opt/airflow/dags/lakehouse_bsg_dag.py
[2026-02-18T12:11:44.579+0000] {processor.py:840} INFO - DAG(s) 'lakehouse_bronze_silver_gold' retrieved from /opt/airflow/dags/lakehouse_bsg_dag.py
[2026-02-18T12:11:44.719+0000] {logging_mixin.py:188} INFO - [2026-02-18T12:11:44.718+0000] {dag.py:3089} INFO - Sync 1 DAGs
[2026-02-18T12:11:44.762+0000] {logging_mixin.py:188} INFO - [2026-02-18T12:11:44.762+0000] {dag.py:3947} INFO - Setting next_dagrun for lakehouse_bronze_silver_gold to None, run_after=None
[2026-02-18T12:11:44.802+0000] {processor.py:183} INFO - Processing /opt/airflow/dags/lakehouse_bsg_dag.py took 0.407 seconds
[2026-02-18T12:12:16.737+0000] {processor.py:161} INFO - Started process (PID=1304) to work on /opt/airflow/dags/lakehouse_bsg_dag.py
[2026-02-18T12:12:16.738+0000] {processor.py:830} INFO - Processing file /opt/airflow/dags/lakehouse_bsg_dag.py for tasks to queue
[2026-02-18T12:12:16.740+0000] {logging_mixin.py:188} INFO - [2026-02-18T12:12:16.740+0000] {dagbag.py:545} INFO - Filling up the DagBag from /opt/airflow/dags/lakehouse_bsg_dag.py
[2026-02-18T12:12:16.755+0000] {processor.py:840} INFO - DAG(s) 'lakehouse_bronze_silver_gold' retrieved from /opt/airflow/dags/lakehouse_bsg_dag.py
[2026-02-18T12:12:16.782+0000] {logging_mixin.py:188} INFO - [2026-02-18T12:12:16.782+0000] {dag.py:3089} INFO - Sync 1 DAGs
[2026-02-18T12:12:16.791+0000] {logging_mixin.py:188} INFO - [2026-02-18T12:12:16.791+0000] {dag.py:3947} INFO - Setting next_dagrun for lakehouse_bronze_silver_gold to None, run_after=None
[2026-02-18T12:12:16.805+0000] {processor.py:183} INFO - Processing /opt/airflow/dags/lakehouse_bsg_dag.py took 0.077 seconds
[2026-02-18T12:12:49.640+0000] {processor.py:161} INFO - Started process (PID=1309) to work on /opt/airflow/dags/lakehouse_bsg_dag.py
[2026-02-18T12:12:49.641+0000] {processor.py:830} INFO - Processing file /opt/airflow/dags/lakehouse_bsg_dag.py for tasks to queue
[2026-02-18T12:12:49.643+0000] {logging_mixin.py:188} INFO - [2026-02-18T12:12:49.642+0000] {dagbag.py:545} INFO - Filling up the DagBag from /opt/airflow/dags/lakehouse_bsg_dag.py
[2026-02-18T12:12:49.657+0000] {processor.py:840} INFO - DAG(s) 'lakehouse_bronze_silver_gold' retrieved from /opt/airflow/dags/lakehouse_bsg_dag.py
[2026-02-18T12:12:49.683+0000] {logging_mixin.py:188} INFO - [2026-02-18T12:12:49.683+0000] {dag.py:3089} INFO - Sync 1 DAGs
[2026-02-18T12:12:49.693+0000] {logging_mixin.py:188} INFO - [2026-02-18T12:12:49.693+0000] {dag.py:3947} INFO - Setting next_dagrun for lakehouse_bronze_silver_gold to None, run_after=None
[2026-02-18T12:12:49.708+0000] {processor.py:183} INFO - Processing /opt/airflow/dags/lakehouse_bsg_dag.py took 0.072 seconds
[2026-02-18T12:13:22.645+0000] {processor.py:161} INFO - Started process (PID=1314) to work on /opt/airflow/dags/lakehouse_bsg_dag.py
[2026-02-18T12:13:22.646+0000] {processor.py:830} INFO - Processing file /opt/airflow/dags/lakehouse_bsg_dag.py for tasks to queue
[2026-02-18T12:13:22.648+0000] {logging_mixin.py:188} INFO - [2026-02-18T12:13:22.648+0000] {dagbag.py:545} INFO - Filling up the DagBag from /opt/airflow/dags/lakehouse_bsg_dag.py
[2026-02-18T12:13:22.666+0000] {processor.py:840} INFO - DAG(s) 'lakehouse_bronze_silver_gold' retrieved from /opt/airflow/dags/lakehouse_bsg_dag.py
[2026-02-18T12:13:22.691+0000] {logging_mixin.py:188} INFO - [2026-02-18T12:13:22.691+0000] {dag.py:3089} INFO - Sync 1 DAGs
[2026-02-18T12:13:22.701+0000] {logging_mixin.py:188} INFO - [2026-02-18T12:13:22.701+0000] {dag.py:3947} INFO - Setting next_dagrun for lakehouse_bronze_silver_gold to None, run_after=None
[2026-02-18T12:13:22.717+0000] {processor.py:183} INFO - Processing /opt/airflow/dags/lakehouse_bsg_dag.py took 0.076 seconds
[2026-02-18T12:13:55.557+0000] {processor.py:161} INFO - Started process (PID=1319) to work on /opt/airflow/dags/lakehouse_bsg_dag.py
[2026-02-18T12:13:55.559+0000] {processor.py:830} INFO - Processing file /opt/airflow/dags/lakehouse_bsg_dag.py for tasks to queue
[2026-02-18T12:13:55.560+0000] {logging_mixin.py:188} INFO - [2026-02-18T12:13:55.560+0000] {dagbag.py:545} INFO - Filling up the DagBag from /opt/airflow/dags/lakehouse_bsg_dag.py
[2026-02-18T12:13:55.575+0000] {processor.py:840} INFO - DAG(s) 'lakehouse_bronze_silver_gold' retrieved from /opt/airflow/dags/lakehouse_bsg_dag.py
[2026-02-18T12:13:55.601+0000] {logging_mixin.py:188} INFO - [2026-02-18T12:13:55.600+0000] {dag.py:3089} INFO - Sync 1 DAGs
[2026-02-18T12:13:55.610+0000] {logging_mixin.py:188} INFO - [2026-02-18T12:13:55.610+0000] {dag.py:3947} INFO - Setting next_dagrun for lakehouse_bronze_silver_gold to None, run_after=None
[2026-02-18T12:13:55.623+0000] {processor.py:183} INFO - Processing /opt/airflow/dags/lakehouse_bsg_dag.py took 0.070 seconds
[2026-02-18T12:14:27.517+0000] {processor.py:161} INFO - Started process (PID=1324) to work on /opt/airflow/dags/lakehouse_bsg_dag.py
[2026-02-18T12:14:27.519+0000] {processor.py:830} INFO - Processing file /opt/airflow/dags/lakehouse_bsg_dag.py for tasks to queue
[2026-02-18T12:14:27.520+0000] {logging_mixin.py:188} INFO - [2026-02-18T12:14:27.520+0000] {dagbag.py:545} INFO - Filling up the DagBag from /opt/airflow/dags/lakehouse_bsg_dag.py
[2026-02-18T12:14:27.537+0000] {processor.py:840} INFO - DAG(s) 'lakehouse_bronze_silver_gold' retrieved from /opt/airflow/dags/lakehouse_bsg_dag.py
[2026-02-18T12:14:27.561+0000] {logging_mixin.py:188} INFO - [2026-02-18T12:14:27.561+0000] {dag.py:3089} INFO - Sync 1 DAGs
[2026-02-18T12:14:27.570+0000] {logging_mixin.py:188} INFO - [2026-02-18T12:14:27.570+0000] {dag.py:3947} INFO - Setting next_dagrun for lakehouse_bronze_silver_gold to None, run_after=None
[2026-02-18T12:14:27.586+0000] {processor.py:183} INFO - Processing /opt/airflow/dags/lakehouse_bsg_dag.py took 0.073 seconds
[2026-02-18T12:15:00.440+0000] {processor.py:161} INFO - Started process (PID=1329) to work on /opt/airflow/dags/lakehouse_bsg_dag.py
[2026-02-18T12:15:00.441+0000] {processor.py:830} INFO - Processing file /opt/airflow/dags/lakehouse_bsg_dag.py for tasks to queue
[2026-02-18T12:15:00.443+0000] {logging_mixin.py:188} INFO - [2026-02-18T12:15:00.443+0000] {dagbag.py:545} INFO - Filling up the DagBag from /opt/airflow/dags/lakehouse_bsg_dag.py
[2026-02-18T12:15:00.463+0000] {processor.py:840} INFO - DAG(s) 'lakehouse_bronze_silver_gold' retrieved from /opt/airflow/dags/lakehouse_bsg_dag.py
[2026-02-18T12:15:00.491+0000] {logging_mixin.py:188} INFO - [2026-02-18T12:15:00.491+0000] {dag.py:3089} INFO - Sync 1 DAGs
[2026-02-18T12:15:00.504+0000] {logging_mixin.py:188} INFO - [2026-02-18T12:15:00.504+0000] {dag.py:3947} INFO - Setting next_dagrun for lakehouse_bronze_silver_gold to None, run_after=None
[2026-02-18T12:15:00.520+0000] {processor.py:183} INFO - Processing /opt/airflow/dags/lakehouse_bsg_dag.py took 0.084 seconds
[2026-02-18T12:15:33.377+0000] {processor.py:161} INFO - Started process (PID=1334) to work on /opt/airflow/dags/lakehouse_bsg_dag.py
[2026-02-18T12:15:33.378+0000] {processor.py:830} INFO - Processing file /opt/airflow/dags/lakehouse_bsg_dag.py for tasks to queue
[2026-02-18T12:15:33.380+0000] {logging_mixin.py:188} INFO - [2026-02-18T12:15:33.379+0000] {dagbag.py:545} INFO - Filling up the DagBag from /opt/airflow/dags/lakehouse_bsg_dag.py
[2026-02-18T12:15:33.396+0000] {processor.py:840} INFO - DAG(s) 'lakehouse_bronze_silver_gold' retrieved from /opt/airflow/dags/lakehouse_bsg_dag.py
[2026-02-18T12:15:33.421+0000] {logging_mixin.py:188} INFO - [2026-02-18T12:15:33.421+0000] {dag.py:3089} INFO - Sync 1 DAGs
[2026-02-18T12:15:33.430+0000] {logging_mixin.py:188} INFO - [2026-02-18T12:15:33.430+0000] {dag.py:3947} INFO - Setting next_dagrun for lakehouse_bronze_silver_gold to None, run_after=None
[2026-02-18T12:15:33.446+0000] {processor.py:183} INFO - Processing /opt/airflow/dags/lakehouse_bsg_dag.py took 0.073 seconds
[2026-02-18T12:16:06.330+0000] {processor.py:161} INFO - Started process (PID=1339) to work on /opt/airflow/dags/lakehouse_bsg_dag.py
[2026-02-18T12:16:06.332+0000] {processor.py:830} INFO - Processing file /opt/airflow/dags/lakehouse_bsg_dag.py for tasks to queue
[2026-02-18T12:16:06.335+0000] {logging_mixin.py:188} INFO - [2026-02-18T12:16:06.334+0000] {dagbag.py:545} INFO - Filling up the DagBag from /opt/airflow/dags/lakehouse_bsg_dag.py
[2026-02-18T12:16:06.356+0000] {processor.py:840} INFO - DAG(s) 'lakehouse_bronze_silver_gold' retrieved from /opt/airflow/dags/lakehouse_bsg_dag.py
[2026-02-18T12:16:06.384+0000] {logging_mixin.py:188} INFO - [2026-02-18T12:16:06.384+0000] {dag.py:3089} INFO - Sync 1 DAGs
[2026-02-18T12:16:06.396+0000] {logging_mixin.py:188} INFO - [2026-02-18T12:16:06.396+0000] {dag.py:3947} INFO - Setting next_dagrun for lakehouse_bronze_silver_gold to None, run_after=None
[2026-02-18T12:16:06.421+0000] {processor.py:183} INFO - Processing /opt/airflow/dags/lakehouse_bsg_dag.py took 0.097 seconds
[2026-02-18T12:16:39.306+0000] {processor.py:161} INFO - Started process (PID=1344) to work on /opt/airflow/dags/lakehouse_bsg_dag.py
[2026-02-18T12:16:39.308+0000] {processor.py:830} INFO - Processing file /opt/airflow/dags/lakehouse_bsg_dag.py for tasks to queue
[2026-02-18T12:16:39.310+0000] {logging_mixin.py:188} INFO - [2026-02-18T12:16:39.309+0000] {dagbag.py:545} INFO - Filling up the DagBag from /opt/airflow/dags/lakehouse_bsg_dag.py
[2026-02-18T12:16:39.328+0000] {processor.py:840} INFO - DAG(s) 'lakehouse_bronze_silver_gold' retrieved from /opt/airflow/dags/lakehouse_bsg_dag.py
[2026-02-18T12:16:39.359+0000] {logging_mixin.py:188} INFO - [2026-02-18T12:16:39.359+0000] {dag.py:3089} INFO - Sync 1 DAGs
[2026-02-18T12:16:39.370+0000] {logging_mixin.py:188} INFO - [2026-02-18T12:16:39.369+0000] {dag.py:3947} INFO - Setting next_dagrun for lakehouse_bronze_silver_gold to None, run_after=None
[2026-02-18T12:16:39.384+0000] {processor.py:183} INFO - Processing /opt/airflow/dags/lakehouse_bsg_dag.py took 0.084 seconds
[2026-02-18T12:17:12.170+0000] {processor.py:161} INFO - Started process (PID=1349) to work on /opt/airflow/dags/lakehouse_bsg_dag.py
[2026-02-18T12:17:12.172+0000] {processor.py:830} INFO - Processing file /opt/airflow/dags/lakehouse_bsg_dag.py for tasks to queue
[2026-02-18T12:17:12.180+0000] {logging_mixin.py:188} INFO - [2026-02-18T12:17:12.180+0000] {dagbag.py:545} INFO - Filling up the DagBag from /opt/airflow/dags/lakehouse_bsg_dag.py
[2026-02-18T12:17:12.202+0000] {processor.py:840} INFO - DAG(s) 'lakehouse_bronze_silver_gold' retrieved from /opt/airflow/dags/lakehouse_bsg_dag.py
[2026-02-18T12:17:12.230+0000] {logging_mixin.py:188} INFO - [2026-02-18T12:17:12.230+0000] {dag.py:3089} INFO - Sync 1 DAGs
[2026-02-18T12:17:12.241+0000] {logging_mixin.py:188} INFO - [2026-02-18T12:17:12.241+0000] {dag.py:3947} INFO - Setting next_dagrun for lakehouse_bronze_silver_gold to None, run_after=None
[2026-02-18T12:17:12.256+0000] {processor.py:183} INFO - Processing /opt/airflow/dags/lakehouse_bsg_dag.py took 0.090 seconds
[2026-02-18T12:17:44.159+0000] {processor.py:161} INFO - Started process (PID=1354) to work on /opt/airflow/dags/lakehouse_bsg_dag.py
[2026-02-18T12:17:44.160+0000] {processor.py:830} INFO - Processing file /opt/airflow/dags/lakehouse_bsg_dag.py for tasks to queue
[2026-02-18T12:17:44.162+0000] {logging_mixin.py:188} INFO - [2026-02-18T12:17:44.161+0000] {dagbag.py:545} INFO - Filling up the DagBag from /opt/airflow/dags/lakehouse_bsg_dag.py
[2026-02-18T12:17:44.178+0000] {processor.py:840} INFO - DAG(s) 'lakehouse_bronze_silver_gold' retrieved from /opt/airflow/dags/lakehouse_bsg_dag.py
[2026-02-18T12:17:44.201+0000] {logging_mixin.py:188} INFO - [2026-02-18T12:17:44.200+0000] {dag.py:3089} INFO - Sync 1 DAGs
[2026-02-18T12:17:44.210+0000] {logging_mixin.py:188} INFO - [2026-02-18T12:17:44.210+0000] {dag.py:3947} INFO - Setting next_dagrun for lakehouse_bronze_silver_gold to None, run_after=None
[2026-02-18T12:17:44.225+0000] {processor.py:183} INFO - Processing /opt/airflow/dags/lakehouse_bsg_dag.py took 0.071 seconds
[2026-02-18T12:18:17.137+0000] {processor.py:161} INFO - Started process (PID=1359) to work on /opt/airflow/dags/lakehouse_bsg_dag.py
[2026-02-18T12:18:17.138+0000] {processor.py:830} INFO - Processing file /opt/airflow/dags/lakehouse_bsg_dag.py for tasks to queue
[2026-02-18T12:18:17.140+0000] {logging_mixin.py:188} INFO - [2026-02-18T12:18:17.140+0000] {dagbag.py:545} INFO - Filling up the DagBag from /opt/airflow/dags/lakehouse_bsg_dag.py
[2026-02-18T12:18:17.156+0000] {processor.py:840} INFO - DAG(s) 'lakehouse_bronze_silver_gold' retrieved from /opt/airflow/dags/lakehouse_bsg_dag.py
[2026-02-18T12:18:17.179+0000] {logging_mixin.py:188} INFO - [2026-02-18T12:18:17.179+0000] {dag.py:3089} INFO - Sync 1 DAGs
[2026-02-18T12:18:17.188+0000] {logging_mixin.py:188} INFO - [2026-02-18T12:18:17.188+0000] {dag.py:3947} INFO - Setting next_dagrun for lakehouse_bronze_silver_gold to None, run_after=None
[2026-02-18T12:18:17.201+0000] {processor.py:183} INFO - Processing /opt/airflow/dags/lakehouse_bsg_dag.py took 0.069 seconds
[2026-02-18T12:18:50.151+0000] {processor.py:161} INFO - Started process (PID=1364) to work on /opt/airflow/dags/lakehouse_bsg_dag.py
[2026-02-18T12:18:50.152+0000] {processor.py:830} INFO - Processing file /opt/airflow/dags/lakehouse_bsg_dag.py for tasks to queue
[2026-02-18T12:18:50.154+0000] {logging_mixin.py:188} INFO - [2026-02-18T12:18:50.154+0000] {dagbag.py:545} INFO - Filling up the DagBag from /opt/airflow/dags/lakehouse_bsg_dag.py
[2026-02-18T12:18:50.171+0000] {processor.py:840} INFO - DAG(s) 'lakehouse_bronze_silver_gold' retrieved from /opt/airflow/dags/lakehouse_bsg_dag.py
[2026-02-18T12:18:50.196+0000] {logging_mixin.py:188} INFO - [2026-02-18T12:18:50.196+0000] {dag.py:3089} INFO - Sync 1 DAGs
[2026-02-18T12:18:50.208+0000] {logging_mixin.py:188} INFO - [2026-02-18T12:18:50.207+0000] {dag.py:3947} INFO - Setting next_dagrun for lakehouse_bronze_silver_gold to None, run_after=None
[2026-02-18T12:18:50.222+0000] {processor.py:183} INFO - Processing /opt/airflow/dags/lakehouse_bsg_dag.py took 0.076 seconds
[2026-02-18T12:19:23.048+0000] {processor.py:161} INFO - Started process (PID=1369) to work on /opt/airflow/dags/lakehouse_bsg_dag.py
[2026-02-18T12:19:23.050+0000] {processor.py:830} INFO - Processing file /opt/airflow/dags/lakehouse_bsg_dag.py for tasks to queue
[2026-02-18T12:19:23.052+0000] {logging_mixin.py:188} INFO - [2026-02-18T12:19:23.052+0000] {dagbag.py:545} INFO - Filling up the DagBag from /opt/airflow/dags/lakehouse_bsg_dag.py
[2026-02-18T12:19:23.068+0000] {processor.py:840} INFO - DAG(s) 'lakehouse_bronze_silver_gold' retrieved from /opt/airflow/dags/lakehouse_bsg_dag.py
[2026-02-18T12:19:23.095+0000] {logging_mixin.py:188} INFO - [2026-02-18T12:19:23.095+0000] {dag.py:3089} INFO - Sync 1 DAGs
[2026-02-18T12:19:23.106+0000] {logging_mixin.py:188} INFO - [2026-02-18T12:19:23.105+0000] {dag.py:3947} INFO - Setting next_dagrun for lakehouse_bronze_silver_gold to None, run_after=None
[2026-02-18T12:19:23.120+0000] {processor.py:183} INFO - Processing /opt/airflow/dags/lakehouse_bsg_dag.py took 0.077 seconds
[2026-02-18T12:19:55.035+0000] {processor.py:161} INFO - Started process (PID=1374) to work on /opt/airflow/dags/lakehouse_bsg_dag.py
[2026-02-18T12:19:55.037+0000] {processor.py:830} INFO - Processing file /opt/airflow/dags/lakehouse_bsg_dag.py for tasks to queue
[2026-02-18T12:19:55.039+0000] {logging_mixin.py:188} INFO - [2026-02-18T12:19:55.039+0000] {dagbag.py:545} INFO - Filling up the DagBag from /opt/airflow/dags/lakehouse_bsg_dag.py
[2026-02-18T12:19:55.059+0000] {processor.py:840} INFO - DAG(s) 'lakehouse_bronze_silver_gold' retrieved from /opt/airflow/dags/lakehouse_bsg_dag.py
[2026-02-18T12:19:55.090+0000] {logging_mixin.py:188} INFO - [2026-02-18T12:19:55.090+0000] {dag.py:3089} INFO - Sync 1 DAGs
[2026-02-18T12:19:55.102+0000] {logging_mixin.py:188} INFO - [2026-02-18T12:19:55.101+0000] {dag.py:3947} INFO - Setting next_dagrun for lakehouse_bronze_silver_gold to None, run_after=None
[2026-02-18T12:19:55.118+0000] {processor.py:183} INFO - Processing /opt/airflow/dags/lakehouse_bsg_dag.py took 0.088 seconds
[2026-02-18T12:20:27.902+0000] {processor.py:161} INFO - Started process (PID=1379) to work on /opt/airflow/dags/lakehouse_bsg_dag.py
[2026-02-18T12:20:27.904+0000] {processor.py:830} INFO - Processing file /opt/airflow/dags/lakehouse_bsg_dag.py for tasks to queue
[2026-02-18T12:20:27.906+0000] {logging_mixin.py:188} INFO - [2026-02-18T12:20:27.906+0000] {dagbag.py:545} INFO - Filling up the DagBag from /opt/airflow/dags/lakehouse_bsg_dag.py
[2026-02-18T12:20:27.926+0000] {processor.py:840} INFO - DAG(s) 'lakehouse_bronze_silver_gold' retrieved from /opt/airflow/dags/lakehouse_bsg_dag.py
[2026-02-18T12:20:27.955+0000] {logging_mixin.py:188} INFO - [2026-02-18T12:20:27.955+0000] {dag.py:3089} INFO - Sync 1 DAGs
[2026-02-18T12:20:27.966+0000] {logging_mixin.py:188} INFO - [2026-02-18T12:20:27.965+0000] {dag.py:3947} INFO - Setting next_dagrun for lakehouse_bronze_silver_gold to None, run_after=None
[2026-02-18T12:20:27.981+0000] {processor.py:183} INFO - Processing /opt/airflow/dags/lakehouse_bsg_dag.py took 0.085 seconds
[2026-02-18T12:21:00.902+0000] {processor.py:161} INFO - Started process (PID=1384) to work on /opt/airflow/dags/lakehouse_bsg_dag.py
[2026-02-18T12:21:00.903+0000] {processor.py:830} INFO - Processing file /opt/airflow/dags/lakehouse_bsg_dag.py for tasks to queue
[2026-02-18T12:21:00.905+0000] {logging_mixin.py:188} INFO - [2026-02-18T12:21:00.905+0000] {dagbag.py:545} INFO - Filling up the DagBag from /opt/airflow/dags/lakehouse_bsg_dag.py
[2026-02-18T12:21:00.920+0000] {processor.py:840} INFO - DAG(s) 'lakehouse_bronze_silver_gold' retrieved from /opt/airflow/dags/lakehouse_bsg_dag.py
[2026-02-18T12:21:00.946+0000] {logging_mixin.py:188} INFO - [2026-02-18T12:21:00.946+0000] {dag.py:3089} INFO - Sync 1 DAGs
[2026-02-18T12:21:00.956+0000] {logging_mixin.py:188} INFO - [2026-02-18T12:21:00.956+0000] {dag.py:3947} INFO - Setting next_dagrun for lakehouse_bronze_silver_gold to None, run_after=None
[2026-02-18T12:21:00.971+0000] {processor.py:183} INFO - Processing /opt/airflow/dags/lakehouse_bsg_dag.py took 0.075 seconds
[2026-02-18T12:21:33.871+0000] {processor.py:161} INFO - Started process (PID=1389) to work on /opt/airflow/dags/lakehouse_bsg_dag.py
[2026-02-18T12:21:33.872+0000] {processor.py:830} INFO - Processing file /opt/airflow/dags/lakehouse_bsg_dag.py for tasks to queue
[2026-02-18T12:21:33.874+0000] {logging_mixin.py:188} INFO - [2026-02-18T12:21:33.873+0000] {dagbag.py:545} INFO - Filling up the DagBag from /opt/airflow/dags/lakehouse_bsg_dag.py
[2026-02-18T12:21:33.890+0000] {processor.py:840} INFO - DAG(s) 'lakehouse_bronze_silver_gold' retrieved from /opt/airflow/dags/lakehouse_bsg_dag.py
[2026-02-18T12:21:33.914+0000] {logging_mixin.py:188} INFO - [2026-02-18T12:21:33.914+0000] {dag.py:3089} INFO - Sync 1 DAGs
[2026-02-18T12:21:33.923+0000] {logging_mixin.py:188} INFO - [2026-02-18T12:21:33.923+0000] {dag.py:3947} INFO - Setting next_dagrun for lakehouse_bronze_silver_gold to None, run_after=None
[2026-02-18T12:21:33.939+0000] {processor.py:183} INFO - Processing /opt/airflow/dags/lakehouse_bsg_dag.py took 0.074 seconds
[2026-02-18T12:22:06.793+0000] {processor.py:161} INFO - Started process (PID=1394) to work on /opt/airflow/dags/lakehouse_bsg_dag.py
[2026-02-18T12:22:06.795+0000] {processor.py:830} INFO - Processing file /opt/airflow/dags/lakehouse_bsg_dag.py for tasks to queue
[2026-02-18T12:22:06.796+0000] {logging_mixin.py:188} INFO - [2026-02-18T12:22:06.796+0000] {dagbag.py:545} INFO - Filling up the DagBag from /opt/airflow/dags/lakehouse_bsg_dag.py
[2026-02-18T12:22:06.812+0000] {processor.py:840} INFO - DAG(s) 'lakehouse_bronze_silver_gold' retrieved from /opt/airflow/dags/lakehouse_bsg_dag.py
[2026-02-18T12:22:06.839+0000] {logging_mixin.py:188} INFO - [2026-02-18T12:22:06.839+0000] {dag.py:3089} INFO - Sync 1 DAGs
[2026-02-18T12:22:06.849+0000] {logging_mixin.py:188} INFO - [2026-02-18T12:22:06.849+0000] {dag.py:3947} INFO - Setting next_dagrun for lakehouse_bronze_silver_gold to None, run_after=None
[2026-02-18T12:22:06.864+0000] {processor.py:183} INFO - Processing /opt/airflow/dags/lakehouse_bsg_dag.py took 0.075 seconds
[2026-02-18T12:22:38.793+0000] {processor.py:161} INFO - Started process (PID=1399) to work on /opt/airflow/dags/lakehouse_bsg_dag.py
[2026-02-18T12:22:38.794+0000] {processor.py:830} INFO - Processing file /opt/airflow/dags/lakehouse_bsg_dag.py for tasks to queue
[2026-02-18T12:22:38.795+0000] {logging_mixin.py:188} INFO - [2026-02-18T12:22:38.795+0000] {dagbag.py:545} INFO - Filling up the DagBag from /opt/airflow/dags/lakehouse_bsg_dag.py
[2026-02-18T12:22:38.810+0000] {processor.py:840} INFO - DAG(s) 'lakehouse_bronze_silver_gold' retrieved from /opt/airflow/dags/lakehouse_bsg_dag.py
[2026-02-18T12:22:38.832+0000] {logging_mixin.py:188} INFO - [2026-02-18T12:22:38.832+0000] {dag.py:3089} INFO - Sync 1 DAGs
[2026-02-18T12:22:38.841+0000] {logging_mixin.py:188} INFO - [2026-02-18T12:22:38.841+0000] {dag.py:3947} INFO - Setting next_dagrun for lakehouse_bronze_silver_gold to None, run_after=None
[2026-02-18T12:22:38.855+0000] {processor.py:183} INFO - Processing /opt/airflow/dags/lakehouse_bsg_dag.py took 0.066 seconds
[2026-02-18T12:23:11.722+0000] {processor.py:161} INFO - Started process (PID=1404) to work on /opt/airflow/dags/lakehouse_bsg_dag.py
[2026-02-18T12:23:11.723+0000] {processor.py:830} INFO - Processing file /opt/airflow/dags/lakehouse_bsg_dag.py for tasks to queue
[2026-02-18T12:23:11.725+0000] {logging_mixin.py:188} INFO - [2026-02-18T12:23:11.725+0000] {dagbag.py:545} INFO - Filling up the DagBag from /opt/airflow/dags/lakehouse_bsg_dag.py
[2026-02-18T12:23:11.743+0000] {processor.py:840} INFO - DAG(s) 'lakehouse_bronze_silver_gold' retrieved from /opt/airflow/dags/lakehouse_bsg_dag.py
[2026-02-18T12:23:11.767+0000] {logging_mixin.py:188} INFO - [2026-02-18T12:23:11.767+0000] {dag.py:3089} INFO - Sync 1 DAGs
[2026-02-18T12:23:11.778+0000] {logging_mixin.py:188} INFO - [2026-02-18T12:23:11.777+0000] {dag.py:3947} INFO - Setting next_dagrun for lakehouse_bronze_silver_gold to None, run_after=None
[2026-02-18T12:23:11.794+0000] {processor.py:183} INFO - Processing /opt/airflow/dags/lakehouse_bsg_dag.py took 0.075 seconds
[2026-02-18T12:23:44.665+0000] {processor.py:161} INFO - Started process (PID=1409) to work on /opt/airflow/dags/lakehouse_bsg_dag.py
[2026-02-18T12:23:44.665+0000] {processor.py:830} INFO - Processing file /opt/airflow/dags/lakehouse_bsg_dag.py for tasks to queue
[2026-02-18T12:23:44.667+0000] {logging_mixin.py:188} INFO - [2026-02-18T12:23:44.667+0000] {dagbag.py:545} INFO - Filling up the DagBag from /opt/airflow/dags/lakehouse_bsg_dag.py
[2026-02-18T12:23:44.682+0000] {processor.py:840} INFO - DAG(s) 'lakehouse_bronze_silver_gold' retrieved from /opt/airflow/dags/lakehouse_bsg_dag.py
[2026-02-18T12:23:44.705+0000] {logging_mixin.py:188} INFO - [2026-02-18T12:23:44.705+0000] {dag.py:3089} INFO - Sync 1 DAGs
[2026-02-18T12:23:44.714+0000] {logging_mixin.py:188} INFO - [2026-02-18T12:23:44.713+0000] {dag.py:3947} INFO - Setting next_dagrun for lakehouse_bronze_silver_gold to None, run_after=None
[2026-02-18T12:23:44.730+0000] {processor.py:183} INFO - Processing /opt/airflow/dags/lakehouse_bsg_dag.py took 0.069 seconds
[2026-02-18T12:24:17.705+0000] {processor.py:161} INFO - Started process (PID=1414) to work on /opt/airflow/dags/lakehouse_bsg_dag.py
[2026-02-18T12:24:17.706+0000] {processor.py:830} INFO - Processing file /opt/airflow/dags/lakehouse_bsg_dag.py for tasks to queue
[2026-02-18T12:24:17.708+0000] {logging_mixin.py:188} INFO - [2026-02-18T12:24:17.708+0000] {dagbag.py:545} INFO - Filling up the DagBag from /opt/airflow/dags/lakehouse_bsg_dag.py
[2026-02-18T12:24:17.724+0000] {processor.py:840} INFO - DAG(s) 'lakehouse_bronze_silver_gold' retrieved from /opt/airflow/dags/lakehouse_bsg_dag.py
[2026-02-18T12:24:17.749+0000] {logging_mixin.py:188} INFO - [2026-02-18T12:24:17.749+0000] {dag.py:3089} INFO - Sync 1 DAGs
[2026-02-18T12:24:17.759+0000] {logging_mixin.py:188} INFO - [2026-02-18T12:24:17.759+0000] {dag.py:3947} INFO - Setting next_dagrun for lakehouse_bronze_silver_gold to None, run_after=None
[2026-02-18T12:24:17.774+0000] {processor.py:183} INFO - Processing /opt/airflow/dags/lakehouse_bsg_dag.py took 0.074 seconds
[2026-02-18T12:24:50.663+0000] {processor.py:161} INFO - Started process (PID=1419) to work on /opt/airflow/dags/lakehouse_bsg_dag.py
[2026-02-18T12:24:50.664+0000] {processor.py:830} INFO - Processing file /opt/airflow/dags/lakehouse_bsg_dag.py for tasks to queue
[2026-02-18T12:24:50.666+0000] {logging_mixin.py:188} INFO - [2026-02-18T12:24:50.666+0000] {dagbag.py:545} INFO - Filling up the DagBag from /opt/airflow/dags/lakehouse_bsg_dag.py
[2026-02-18T12:24:50.696+0000] {processor.py:840} INFO - DAG(s) 'lakehouse_bronze_silver_gold' retrieved from /opt/airflow/dags/lakehouse_bsg_dag.py
[2026-02-18T12:24:50.721+0000] {logging_mixin.py:188} INFO - [2026-02-18T12:24:50.721+0000] {dag.py:3089} INFO - Sync 1 DAGs
[2026-02-18T12:24:50.732+0000] {logging_mixin.py:188} INFO - [2026-02-18T12:24:50.732+0000] {dag.py:3947} INFO - Setting next_dagrun for lakehouse_bronze_silver_gold to None, run_after=None
[2026-02-18T12:24:50.752+0000] {processor.py:183} INFO - Processing /opt/airflow/dags/lakehouse_bsg_dag.py took 0.094 seconds
[2026-02-18T12:25:22.597+0000] {processor.py:161} INFO - Started process (PID=1424) to work on /opt/airflow/dags/lakehouse_bsg_dag.py
[2026-02-18T12:25:22.601+0000] {processor.py:830} INFO - Processing file /opt/airflow/dags/lakehouse_bsg_dag.py for tasks to queue
[2026-02-18T12:25:22.603+0000] {logging_mixin.py:188} INFO - [2026-02-18T12:25:22.603+0000] {dagbag.py:545} INFO - Filling up the DagBag from /opt/airflow/dags/lakehouse_bsg_dag.py
[2026-02-18T12:25:22.618+0000] {processor.py:840} INFO - DAG(s) 'lakehouse_bronze_silver_gold' retrieved from /opt/airflow/dags/lakehouse_bsg_dag.py
[2026-02-18T12:25:22.642+0000] {logging_mixin.py:188} INFO - [2026-02-18T12:25:22.642+0000] {dag.py:3089} INFO - Sync 1 DAGs
[2026-02-18T12:25:22.651+0000] {logging_mixin.py:188} INFO - [2026-02-18T12:25:22.651+0000] {dag.py:3947} INFO - Setting next_dagrun for lakehouse_bronze_silver_gold to None, run_after=None
[2026-02-18T12:25:22.667+0000] {processor.py:183} INFO - Processing /opt/airflow/dags/lakehouse_bsg_dag.py took 0.074 seconds
[2026-02-18T12:25:55.521+0000] {processor.py:161} INFO - Started process (PID=1429) to work on /opt/airflow/dags/lakehouse_bsg_dag.py
[2026-02-18T12:25:55.524+0000] {processor.py:830} INFO - Processing file /opt/airflow/dags/lakehouse_bsg_dag.py for tasks to queue
[2026-02-18T12:25:55.526+0000] {logging_mixin.py:188} INFO - [2026-02-18T12:25:55.526+0000] {dagbag.py:545} INFO - Filling up the DagBag from /opt/airflow/dags/lakehouse_bsg_dag.py
[2026-02-18T12:25:55.558+0000] {processor.py:840} INFO - DAG(s) 'lakehouse_bronze_silver_gold' retrieved from /opt/airflow/dags/lakehouse_bsg_dag.py
[2026-02-18T12:25:55.584+0000] {logging_mixin.py:188} INFO - [2026-02-18T12:25:55.584+0000] {dag.py:3089} INFO - Sync 1 DAGs
[2026-02-18T12:25:55.594+0000] {logging_mixin.py:188} INFO - [2026-02-18T12:25:55.594+0000] {dag.py:3947} INFO - Setting next_dagrun for lakehouse_bronze_silver_gold to None, run_after=None
[2026-02-18T12:25:55.609+0000] {processor.py:183} INFO - Processing /opt/airflow/dags/lakehouse_bsg_dag.py took 0.094 seconds
[2026-02-18T12:26:28.571+0000] {processor.py:161} INFO - Started process (PID=1434) to work on /opt/airflow/dags/lakehouse_bsg_dag.py
[2026-02-18T12:26:28.572+0000] {processor.py:830} INFO - Processing file /opt/airflow/dags/lakehouse_bsg_dag.py for tasks to queue
[2026-02-18T12:26:28.574+0000] {logging_mixin.py:188} INFO - [2026-02-18T12:26:28.574+0000] {dagbag.py:545} INFO - Filling up the DagBag from /opt/airflow/dags/lakehouse_bsg_dag.py
[2026-02-18T12:26:28.588+0000] {processor.py:840} INFO - DAG(s) 'lakehouse_bronze_silver_gold' retrieved from /opt/airflow/dags/lakehouse_bsg_dag.py
[2026-02-18T12:26:28.613+0000] {logging_mixin.py:188} INFO - [2026-02-18T12:26:28.613+0000] {dag.py:3089} INFO - Sync 1 DAGs
[2026-02-18T12:26:28.623+0000] {logging_mixin.py:188} INFO - [2026-02-18T12:26:28.623+0000] {dag.py:3947} INFO - Setting next_dagrun for lakehouse_bronze_silver_gold to None, run_after=None
[2026-02-18T12:26:28.638+0000] {processor.py:183} INFO - Processing /opt/airflow/dags/lakehouse_bsg_dag.py took 0.071 seconds
[2026-02-18T12:27:01.476+0000] {processor.py:161} INFO - Started process (PID=1439) to work on /opt/airflow/dags/lakehouse_bsg_dag.py
[2026-02-18T12:27:01.477+0000] {processor.py:830} INFO - Processing file /opt/airflow/dags/lakehouse_bsg_dag.py for tasks to queue
[2026-02-18T12:27:01.480+0000] {logging_mixin.py:188} INFO - [2026-02-18T12:27:01.479+0000] {dagbag.py:545} INFO - Filling up the DagBag from /opt/airflow/dags/lakehouse_bsg_dag.py
[2026-02-18T12:27:01.498+0000] {processor.py:840} INFO - DAG(s) 'lakehouse_bronze_silver_gold' retrieved from /opt/airflow/dags/lakehouse_bsg_dag.py
[2026-02-18T12:27:01.522+0000] {logging_mixin.py:188} INFO - [2026-02-18T12:27:01.522+0000] {dag.py:3089} INFO - Sync 1 DAGs
[2026-02-18T12:27:01.532+0000] {logging_mixin.py:188} INFO - [2026-02-18T12:27:01.532+0000] {dag.py:3947} INFO - Setting next_dagrun for lakehouse_bronze_silver_gold to None, run_after=None
[2026-02-18T12:27:01.547+0000] {processor.py:183} INFO - Processing /opt/airflow/dags/lakehouse_bsg_dag.py took 0.076 seconds
[2026-02-18T12:27:34.498+0000] {processor.py:161} INFO - Started process (PID=1444) to work on /opt/airflow/dags/lakehouse_bsg_dag.py
[2026-02-18T12:27:34.499+0000] {processor.py:830} INFO - Processing file /opt/airflow/dags/lakehouse_bsg_dag.py for tasks to queue
[2026-02-18T12:27:34.501+0000] {logging_mixin.py:188} INFO - [2026-02-18T12:27:34.501+0000] {dagbag.py:545} INFO - Filling up the DagBag from /opt/airflow/dags/lakehouse_bsg_dag.py
[2026-02-18T12:27:34.515+0000] {processor.py:840} INFO - DAG(s) 'lakehouse_bronze_silver_gold' retrieved from /opt/airflow/dags/lakehouse_bsg_dag.py
[2026-02-18T12:27:34.539+0000] {logging_mixin.py:188} INFO - [2026-02-18T12:27:34.538+0000] {dag.py:3089} INFO - Sync 1 DAGs
[2026-02-18T12:27:34.548+0000] {logging_mixin.py:188} INFO - [2026-02-18T12:27:34.548+0000] {dag.py:3947} INFO - Setting next_dagrun for lakehouse_bronze_silver_gold to None, run_after=None
[2026-02-18T12:27:34.567+0000] {processor.py:183} INFO - Processing /opt/airflow/dags/lakehouse_bsg_dag.py took 0.073 seconds
[2026-02-18T12:28:06.432+0000] {processor.py:161} INFO - Started process (PID=1449) to work on /opt/airflow/dags/lakehouse_bsg_dag.py
[2026-02-18T12:28:06.434+0000] {processor.py:830} INFO - Processing file /opt/airflow/dags/lakehouse_bsg_dag.py for tasks to queue
[2026-02-18T12:28:06.436+0000] {logging_mixin.py:188} INFO - [2026-02-18T12:28:06.435+0000] {dagbag.py:545} INFO - Filling up the DagBag from /opt/airflow/dags/lakehouse_bsg_dag.py
[2026-02-18T12:28:06.453+0000] {processor.py:840} INFO - DAG(s) 'lakehouse_bronze_silver_gold' retrieved from /opt/airflow/dags/lakehouse_bsg_dag.py
[2026-02-18T12:28:06.480+0000] {logging_mixin.py:188} INFO - [2026-02-18T12:28:06.479+0000] {dag.py:3089} INFO - Sync 1 DAGs
[2026-02-18T12:28:06.490+0000] {logging_mixin.py:188} INFO - [2026-02-18T12:28:06.490+0000] {dag.py:3947} INFO - Setting next_dagrun for lakehouse_bronze_silver_gold to None, run_after=None
[2026-02-18T12:28:06.505+0000] {processor.py:183} INFO - Processing /opt/airflow/dags/lakehouse_bsg_dag.py took 0.078 seconds
[2026-02-18T12:28:39.414+0000] {processor.py:161} INFO - Started process (PID=1454) to work on /opt/airflow/dags/lakehouse_bsg_dag.py
[2026-02-18T12:28:39.416+0000] {processor.py:830} INFO - Processing file /opt/airflow/dags/lakehouse_bsg_dag.py for tasks to queue
[2026-02-18T12:28:39.418+0000] {logging_mixin.py:188} INFO - [2026-02-18T12:28:39.418+0000] {dagbag.py:545} INFO - Filling up the DagBag from /opt/airflow/dags/lakehouse_bsg_dag.py
[2026-02-18T12:28:39.441+0000] {processor.py:840} INFO - DAG(s) 'lakehouse_bronze_silver_gold' retrieved from /opt/airflow/dags/lakehouse_bsg_dag.py
[2026-02-18T12:28:39.470+0000] {logging_mixin.py:188} INFO - [2026-02-18T12:28:39.470+0000] {dag.py:3089} INFO - Sync 1 DAGs
[2026-02-18T12:28:39.482+0000] {logging_mixin.py:188} INFO - [2026-02-18T12:28:39.481+0000] {dag.py:3947} INFO - Setting next_dagrun for lakehouse_bronze_silver_gold to None, run_after=None
[2026-02-18T12:28:39.497+0000] {processor.py:183} INFO - Processing /opt/airflow/dags/lakehouse_bsg_dag.py took 0.089 seconds
[2026-02-18T12:29:12.342+0000] {processor.py:161} INFO - Started process (PID=1459) to work on /opt/airflow/dags/lakehouse_bsg_dag.py
[2026-02-18T12:29:12.344+0000] {processor.py:830} INFO - Processing file /opt/airflow/dags/lakehouse_bsg_dag.py for tasks to queue
[2026-02-18T12:29:12.346+0000] {logging_mixin.py:188} INFO - [2026-02-18T12:29:12.345+0000] {dagbag.py:545} INFO - Filling up the DagBag from /opt/airflow/dags/lakehouse_bsg_dag.py
[2026-02-18T12:29:12.369+0000] {processor.py:840} INFO - DAG(s) 'lakehouse_bronze_silver_gold' retrieved from /opt/airflow/dags/lakehouse_bsg_dag.py
[2026-02-18T12:29:12.397+0000] {logging_mixin.py:188} INFO - [2026-02-18T12:29:12.397+0000] {dag.py:3089} INFO - Sync 1 DAGs
[2026-02-18T12:29:12.408+0000] {logging_mixin.py:188} INFO - [2026-02-18T12:29:12.408+0000] {dag.py:3947} INFO - Setting next_dagrun for lakehouse_bronze_silver_gold to None, run_after=None
[2026-02-18T12:29:12.425+0000] {processor.py:183} INFO - Processing /opt/airflow/dags/lakehouse_bsg_dag.py took 0.089 seconds
[2026-02-18T12:29:45.254+0000] {processor.py:161} INFO - Started process (PID=1464) to work on /opt/airflow/dags/lakehouse_bsg_dag.py
[2026-02-18T12:29:45.256+0000] {processor.py:830} INFO - Processing file /opt/airflow/dags/lakehouse_bsg_dag.py for tasks to queue
[2026-02-18T12:29:45.258+0000] {logging_mixin.py:188} INFO - [2026-02-18T12:29:45.257+0000] {dagbag.py:545} INFO - Filling up the DagBag from /opt/airflow/dags/lakehouse_bsg_dag.py
[2026-02-18T12:29:45.272+0000] {processor.py:840} INFO - DAG(s) 'lakehouse_bronze_silver_gold' retrieved from /opt/airflow/dags/lakehouse_bsg_dag.py
[2026-02-18T12:29:45.298+0000] {logging_mixin.py:188} INFO - [2026-02-18T12:29:45.298+0000] {dag.py:3089} INFO - Sync 1 DAGs
[2026-02-18T12:29:45.311+0000] {logging_mixin.py:188} INFO - [2026-02-18T12:29:45.311+0000] {dag.py:3947} INFO - Setting next_dagrun for lakehouse_bronze_silver_gold to None, run_after=None
[2026-02-18T12:29:45.327+0000] {processor.py:183} INFO - Processing /opt/airflow/dags/lakehouse_bsg_dag.py took 0.077 seconds
[2026-02-18T12:30:18.206+0000] {processor.py:161} INFO - Started process (PID=1469) to work on /opt/airflow/dags/lakehouse_bsg_dag.py
[2026-02-18T12:30:18.207+0000] {processor.py:830} INFO - Processing file /opt/airflow/dags/lakehouse_bsg_dag.py for tasks to queue
[2026-02-18T12:30:18.209+0000] {logging_mixin.py:188} INFO - [2026-02-18T12:30:18.208+0000] {dagbag.py:545} INFO - Filling up the DagBag from /opt/airflow/dags/lakehouse_bsg_dag.py
[2026-02-18T12:30:18.224+0000] {processor.py:840} INFO - DAG(s) 'lakehouse_bronze_silver_gold' retrieved from /opt/airflow/dags/lakehouse_bsg_dag.py
[2026-02-18T12:30:18.250+0000] {logging_mixin.py:188} INFO - [2026-02-18T12:30:18.249+0000] {dag.py:3089} INFO - Sync 1 DAGs
[2026-02-18T12:30:18.259+0000] {logging_mixin.py:188} INFO - [2026-02-18T12:30:18.259+0000] {dag.py:3947} INFO - Setting next_dagrun for lakehouse_bronze_silver_gold to None, run_after=None
[2026-02-18T12:30:18.277+0000] {processor.py:183} INFO - Processing /opt/airflow/dags/lakehouse_bsg_dag.py took 0.079 seconds
[2026-02-18T12:30:50.171+0000] {processor.py:161} INFO - Started process (PID=1474) to work on /opt/airflow/dags/lakehouse_bsg_dag.py
[2026-02-18T12:30:50.172+0000] {processor.py:830} INFO - Processing file /opt/airflow/dags/lakehouse_bsg_dag.py for tasks to queue
[2026-02-18T12:30:50.174+0000] {logging_mixin.py:188} INFO - [2026-02-18T12:30:50.173+0000] {dagbag.py:545} INFO - Filling up the DagBag from /opt/airflow/dags/lakehouse_bsg_dag.py
[2026-02-18T12:30:50.190+0000] {processor.py:840} INFO - DAG(s) 'lakehouse_bronze_silver_gold' retrieved from /opt/airflow/dags/lakehouse_bsg_dag.py
[2026-02-18T12:30:50.214+0000] {logging_mixin.py:188} INFO - [2026-02-18T12:30:50.214+0000] {dag.py:3089} INFO - Sync 1 DAGs
[2026-02-18T12:30:50.225+0000] {logging_mixin.py:188} INFO - [2026-02-18T12:30:50.225+0000] {dag.py:3947} INFO - Setting next_dagrun for lakehouse_bronze_silver_gold to None, run_after=None
[2026-02-18T12:30:50.243+0000] {processor.py:183} INFO - Processing /opt/airflow/dags/lakehouse_bsg_dag.py took 0.077 seconds
[2026-02-18T12:31:23.152+0000] {processor.py:161} INFO - Started process (PID=1479) to work on /opt/airflow/dags/lakehouse_bsg_dag.py
[2026-02-18T12:31:23.154+0000] {processor.py:830} INFO - Processing file /opt/airflow/dags/lakehouse_bsg_dag.py for tasks to queue
[2026-02-18T12:31:23.155+0000] {logging_mixin.py:188} INFO - [2026-02-18T12:31:23.155+0000] {dagbag.py:545} INFO - Filling up the DagBag from /opt/airflow/dags/lakehouse_bsg_dag.py
[2026-02-18T12:31:23.171+0000] {processor.py:840} INFO - DAG(s) 'lakehouse_bronze_silver_gold' retrieved from /opt/airflow/dags/lakehouse_bsg_dag.py
[2026-02-18T12:31:23.195+0000] {logging_mixin.py:188} INFO - [2026-02-18T12:31:23.195+0000] {dag.py:3089} INFO - Sync 1 DAGs
[2026-02-18T12:31:23.206+0000] {logging_mixin.py:188} INFO - [2026-02-18T12:31:23.206+0000] {dag.py:3947} INFO - Setting next_dagrun for lakehouse_bronze_silver_gold to None, run_after=None
[2026-02-18T12:31:23.220+0000] {processor.py:183} INFO - Processing /opt/airflow/dags/lakehouse_bsg_dag.py took 0.073 seconds
[2026-02-18T12:31:54.205+0000] {processor.py:161} INFO - Started process (PID=1484) to work on /opt/airflow/dags/lakehouse_bsg_dag.py
[2026-02-18T12:31:54.206+0000] {processor.py:830} INFO - Processing file /opt/airflow/dags/lakehouse_bsg_dag.py for tasks to queue
[2026-02-18T12:31:54.207+0000] {logging_mixin.py:188} INFO - [2026-02-18T12:31:54.207+0000] {dagbag.py:545} INFO - Filling up the DagBag from /opt/airflow/dags/lakehouse_bsg_dag.py
[2026-02-18T12:31:54.223+0000] {processor.py:840} INFO - DAG(s) 'lakehouse_bronze_silver_gold' retrieved from /opt/airflow/dags/lakehouse_bsg_dag.py
[2026-02-18T12:31:54.247+0000] {logging_mixin.py:188} INFO - [2026-02-18T12:31:54.247+0000] {dag.py:3089} INFO - Sync 1 DAGs
[2026-02-18T12:31:54.257+0000] {logging_mixin.py:188} INFO - [2026-02-18T12:31:54.257+0000] {dag.py:3947} INFO - Setting next_dagrun for lakehouse_bronze_silver_gold to None, run_after=None
[2026-02-18T12:31:54.272+0000] {processor.py:183} INFO - Processing /opt/airflow/dags/lakehouse_bsg_dag.py took 0.071 seconds
[2026-02-18T12:32:24.655+0000] {processor.py:161} INFO - Started process (PID=1489) to work on /opt/airflow/dags/lakehouse_bsg_dag.py
[2026-02-18T12:32:24.656+0000] {processor.py:830} INFO - Processing file /opt/airflow/dags/lakehouse_bsg_dag.py for tasks to queue
[2026-02-18T12:32:24.658+0000] {logging_mixin.py:188} INFO - [2026-02-18T12:32:24.657+0000] {dagbag.py:545} INFO - Filling up the DagBag from /opt/airflow/dags/lakehouse_bsg_dag.py
[2026-02-18T12:32:24.673+0000] {processor.py:840} INFO - DAG(s) 'lakehouse_bronze_silver_gold' retrieved from /opt/airflow/dags/lakehouse_bsg_dag.py
[2026-02-18T12:32:24.699+0000] {logging_mixin.py:188} INFO - [2026-02-18T12:32:24.699+0000] {dag.py:3089} INFO - Sync 1 DAGs
[2026-02-18T12:32:24.708+0000] {logging_mixin.py:188} INFO - [2026-02-18T12:32:24.708+0000] {dag.py:3947} INFO - Setting next_dagrun for lakehouse_bronze_silver_gold to None, run_after=None
[2026-02-18T12:32:24.722+0000] {processor.py:183} INFO - Processing /opt/airflow/dags/lakehouse_bsg_dag.py took 0.071 seconds
[2026-02-18T12:32:55.285+0000] {processor.py:161} INFO - Started process (PID=1494) to work on /opt/airflow/dags/lakehouse_bsg_dag.py
[2026-02-18T12:32:55.286+0000] {processor.py:830} INFO - Processing file /opt/airflow/dags/lakehouse_bsg_dag.py for tasks to queue
[2026-02-18T12:32:55.287+0000] {logging_mixin.py:188} INFO - [2026-02-18T12:32:55.287+0000] {dagbag.py:545} INFO - Filling up the DagBag from /opt/airflow/dags/lakehouse_bsg_dag.py
[2026-02-18T12:32:55.303+0000] {processor.py:840} INFO - DAG(s) 'lakehouse_bronze_silver_gold' retrieved from /opt/airflow/dags/lakehouse_bsg_dag.py
[2026-02-18T12:32:55.327+0000] {logging_mixin.py:188} INFO - [2026-02-18T12:32:55.326+0000] {dag.py:3089} INFO - Sync 1 DAGs
[2026-02-18T12:32:55.336+0000] {logging_mixin.py:188} INFO - [2026-02-18T12:32:55.336+0000] {dag.py:3947} INFO - Setting next_dagrun for lakehouse_bronze_silver_gold to None, run_after=None
[2026-02-18T12:32:55.349+0000] {processor.py:183} INFO - Processing /opt/airflow/dags/lakehouse_bsg_dag.py took 0.068 seconds
[2026-02-18T12:33:26.200+0000] {processor.py:161} INFO - Started process (PID=1499) to work on /opt/airflow/dags/lakehouse_bsg_dag.py
[2026-02-18T12:33:26.201+0000] {processor.py:830} INFO - Processing file /opt/airflow/dags/lakehouse_bsg_dag.py for tasks to queue
[2026-02-18T12:33:26.203+0000] {logging_mixin.py:188} INFO - [2026-02-18T12:33:26.203+0000] {dagbag.py:545} INFO - Filling up the DagBag from /opt/airflow/dags/lakehouse_bsg_dag.py
[2026-02-18T12:33:26.220+0000] {processor.py:840} INFO - DAG(s) 'lakehouse_bronze_silver_gold' retrieved from /opt/airflow/dags/lakehouse_bsg_dag.py
[2026-02-18T12:33:26.243+0000] {logging_mixin.py:188} INFO - [2026-02-18T12:33:26.243+0000] {dag.py:3089} INFO - Sync 1 DAGs
[2026-02-18T12:33:26.253+0000] {logging_mixin.py:188} INFO - [2026-02-18T12:33:26.253+0000] {dag.py:3947} INFO - Setting next_dagrun for lakehouse_bronze_silver_gold to None, run_after=None
[2026-02-18T12:33:26.267+0000] {processor.py:183} INFO - Processing /opt/airflow/dags/lakehouse_bsg_dag.py took 0.072 seconds
[2026-02-18T12:33:57.139+0000] {processor.py:161} INFO - Started process (PID=1504) to work on /opt/airflow/dags/lakehouse_bsg_dag.py
[2026-02-18T12:33:57.140+0000] {processor.py:830} INFO - Processing file /opt/airflow/dags/lakehouse_bsg_dag.py for tasks to queue
[2026-02-18T12:33:57.142+0000] {logging_mixin.py:188} INFO - [2026-02-18T12:33:57.141+0000] {dagbag.py:545} INFO - Filling up the DagBag from /opt/airflow/dags/lakehouse_bsg_dag.py
[2026-02-18T12:33:57.156+0000] {processor.py:840} INFO - DAG(s) 'lakehouse_bronze_silver_gold' retrieved from /opt/airflow/dags/lakehouse_bsg_dag.py
[2026-02-18T12:33:57.180+0000] {logging_mixin.py:188} INFO - [2026-02-18T12:33:57.180+0000] {dag.py:3089} INFO - Sync 1 DAGs
[2026-02-18T12:33:57.190+0000] {logging_mixin.py:188} INFO - [2026-02-18T12:33:57.190+0000] {dag.py:3947} INFO - Setting next_dagrun for lakehouse_bronze_silver_gold to None, run_after=None
[2026-02-18T12:33:57.204+0000] {processor.py:183} INFO - Processing /opt/airflow/dags/lakehouse_bsg_dag.py took 0.069 seconds
[2026-02-18T12:34:28.124+0000] {processor.py:161} INFO - Started process (PID=1509) to work on /opt/airflow/dags/lakehouse_bsg_dag.py
[2026-02-18T12:34:28.125+0000] {processor.py:830} INFO - Processing file /opt/airflow/dags/lakehouse_bsg_dag.py for tasks to queue
[2026-02-18T12:34:28.127+0000] {logging_mixin.py:188} INFO - [2026-02-18T12:34:28.126+0000] {dagbag.py:545} INFO - Filling up the DagBag from /opt/airflow/dags/lakehouse_bsg_dag.py
[2026-02-18T12:34:28.143+0000] {processor.py:840} INFO - DAG(s) 'lakehouse_bronze_silver_gold' retrieved from /opt/airflow/dags/lakehouse_bsg_dag.py
[2026-02-18T12:34:28.172+0000] {logging_mixin.py:188} INFO - [2026-02-18T12:34:28.171+0000] {dag.py:3089} INFO - Sync 1 DAGs
[2026-02-18T12:34:28.182+0000] {logging_mixin.py:188} INFO - [2026-02-18T12:34:28.182+0000] {dag.py:3947} INFO - Setting next_dagrun for lakehouse_bronze_silver_gold to None, run_after=None
[2026-02-18T12:34:28.202+0000] {processor.py:183} INFO - Processing /opt/airflow/dags/lakehouse_bsg_dag.py took 0.083 seconds
[2026-02-18T12:34:59.027+0000] {processor.py:161} INFO - Started process (PID=1514) to work on /opt/airflow/dags/lakehouse_bsg_dag.py
[2026-02-18T12:34:59.028+0000] {processor.py:830} INFO - Processing file /opt/airflow/dags/lakehouse_bsg_dag.py for tasks to queue
[2026-02-18T12:34:59.030+0000] {logging_mixin.py:188} INFO - [2026-02-18T12:34:59.030+0000] {dagbag.py:545} INFO - Filling up the DagBag from /opt/airflow/dags/lakehouse_bsg_dag.py
[2026-02-18T12:34:59.045+0000] {processor.py:840} INFO - DAG(s) 'lakehouse_bronze_silver_gold' retrieved from /opt/airflow/dags/lakehouse_bsg_dag.py
[2026-02-18T12:34:59.071+0000] {logging_mixin.py:188} INFO - [2026-02-18T12:34:59.070+0000] {dag.py:3089} INFO - Sync 1 DAGs
[2026-02-18T12:34:59.080+0000] {logging_mixin.py:188} INFO - [2026-02-18T12:34:59.080+0000] {dag.py:3947} INFO - Setting next_dagrun for lakehouse_bronze_silver_gold to None, run_after=None
[2026-02-18T12:34:59.095+0000] {processor.py:183} INFO - Processing /opt/airflow/dags/lakehouse_bsg_dag.py took 0.072 seconds
[2026-02-18T12:35:30.019+0000] {processor.py:161} INFO - Started process (PID=1519) to work on /opt/airflow/dags/lakehouse_bsg_dag.py
[2026-02-18T12:35:30.020+0000] {processor.py:830} INFO - Processing file /opt/airflow/dags/lakehouse_bsg_dag.py for tasks to queue
[2026-02-18T12:35:30.021+0000] {logging_mixin.py:188} INFO - [2026-02-18T12:35:30.021+0000] {dagbag.py:545} INFO - Filling up the DagBag from /opt/airflow/dags/lakehouse_bsg_dag.py
[2026-02-18T12:35:30.036+0000] {processor.py:840} INFO - DAG(s) 'lakehouse_bronze_silver_gold' retrieved from /opt/airflow/dags/lakehouse_bsg_dag.py
[2026-02-18T12:35:30.058+0000] {logging_mixin.py:188} INFO - [2026-02-18T12:35:30.058+0000] {dag.py:3089} INFO - Sync 1 DAGs
[2026-02-18T12:35:30.067+0000] {logging_mixin.py:188} INFO - [2026-02-18T12:35:30.067+0000] {dag.py:3947} INFO - Setting next_dagrun for lakehouse_bronze_silver_gold to None, run_after=None
[2026-02-18T12:35:30.082+0000] {processor.py:183} INFO - Processing /opt/airflow/dags/lakehouse_bsg_dag.py took 0.069 seconds
[2026-02-18T12:36:00.946+0000] {processor.py:161} INFO - Started process (PID=1524) to work on /opt/airflow/dags/lakehouse_bsg_dag.py
[2026-02-18T12:36:00.947+0000] {processor.py:830} INFO - Processing file /opt/airflow/dags/lakehouse_bsg_dag.py for tasks to queue
[2026-02-18T12:36:00.949+0000] {logging_mixin.py:188} INFO - [2026-02-18T12:36:00.949+0000] {dagbag.py:545} INFO - Filling up the DagBag from /opt/airflow/dags/lakehouse_bsg_dag.py
[2026-02-18T12:36:00.965+0000] {processor.py:840} INFO - DAG(s) 'lakehouse_bronze_silver_gold' retrieved from /opt/airflow/dags/lakehouse_bsg_dag.py
[2026-02-18T12:36:00.990+0000] {logging_mixin.py:188} INFO - [2026-02-18T12:36:00.990+0000] {dag.py:3089} INFO - Sync 1 DAGs
[2026-02-18T12:36:01.000+0000] {logging_mixin.py:188} INFO - [2026-02-18T12:36:01.000+0000] {dag.py:3947} INFO - Setting next_dagrun for lakehouse_bronze_silver_gold to None, run_after=None
[2026-02-18T12:36:01.018+0000] {processor.py:183} INFO - Processing /opt/airflow/dags/lakehouse_bsg_dag.py took 0.075 seconds
[2026-02-18T12:36:31.928+0000] {processor.py:161} INFO - Started process (PID=1529) to work on /opt/airflow/dags/lakehouse_bsg_dag.py
[2026-02-18T12:36:31.929+0000] {processor.py:830} INFO - Processing file /opt/airflow/dags/lakehouse_bsg_dag.py for tasks to queue
[2026-02-18T12:36:31.931+0000] {logging_mixin.py:188} INFO - [2026-02-18T12:36:31.931+0000] {dagbag.py:545} INFO - Filling up the DagBag from /opt/airflow/dags/lakehouse_bsg_dag.py
[2026-02-18T12:36:31.950+0000] {processor.py:840} INFO - DAG(s) 'lakehouse_bronze_silver_gold' retrieved from /opt/airflow/dags/lakehouse_bsg_dag.py
[2026-02-18T12:36:31.975+0000] {logging_mixin.py:188} INFO - [2026-02-18T12:36:31.975+0000] {dag.py:3089} INFO - Sync 1 DAGs
[2026-02-18T12:36:31.985+0000] {logging_mixin.py:188} INFO - [2026-02-18T12:36:31.985+0000] {dag.py:3947} INFO - Setting next_dagrun for lakehouse_bronze_silver_gold to None, run_after=None
[2026-02-18T12:36:32.003+0000] {processor.py:183} INFO - Processing /opt/airflow/dags/lakehouse_bsg_dag.py took 0.079 seconds
[2026-02-18T12:37:02.879+0000] {processor.py:161} INFO - Started process (PID=1534) to work on /opt/airflow/dags/lakehouse_bsg_dag.py
[2026-02-18T12:37:02.880+0000] {processor.py:830} INFO - Processing file /opt/airflow/dags/lakehouse_bsg_dag.py for tasks to queue
[2026-02-18T12:37:02.882+0000] {logging_mixin.py:188} INFO - [2026-02-18T12:37:02.882+0000] {dagbag.py:545} INFO - Filling up the DagBag from /opt/airflow/dags/lakehouse_bsg_dag.py
[2026-02-18T12:37:02.901+0000] {processor.py:840} INFO - DAG(s) 'lakehouse_bronze_silver_gold' retrieved from /opt/airflow/dags/lakehouse_bsg_dag.py
[2026-02-18T12:37:02.927+0000] {logging_mixin.py:188} INFO - [2026-02-18T12:37:02.927+0000] {dag.py:3089} INFO - Sync 1 DAGs
[2026-02-18T12:37:02.937+0000] {logging_mixin.py:188} INFO - [2026-02-18T12:37:02.937+0000] {dag.py:3947} INFO - Setting next_dagrun for lakehouse_bronze_silver_gold to None, run_after=None
[2026-02-18T12:37:02.954+0000] {processor.py:183} INFO - Processing /opt/airflow/dags/lakehouse_bsg_dag.py took 0.079 seconds
[2026-02-18T12:37:33.805+0000] {processor.py:161} INFO - Started process (PID=1539) to work on /opt/airflow/dags/lakehouse_bsg_dag.py
[2026-02-18T12:37:33.806+0000] {processor.py:830} INFO - Processing file /opt/airflow/dags/lakehouse_bsg_dag.py for tasks to queue
[2026-02-18T12:37:33.808+0000] {logging_mixin.py:188} INFO - [2026-02-18T12:37:33.808+0000] {dagbag.py:545} INFO - Filling up the DagBag from /opt/airflow/dags/lakehouse_bsg_dag.py
[2026-02-18T12:37:33.823+0000] {processor.py:840} INFO - DAG(s) 'lakehouse_bronze_silver_gold' retrieved from /opt/airflow/dags/lakehouse_bsg_dag.py
[2026-02-18T12:37:33.848+0000] {logging_mixin.py:188} INFO - [2026-02-18T12:37:33.848+0000] {dag.py:3089} INFO - Sync 1 DAGs
[2026-02-18T12:37:33.859+0000] {logging_mixin.py:188} INFO - [2026-02-18T12:37:33.859+0000] {dag.py:3947} INFO - Setting next_dagrun for lakehouse_bronze_silver_gold to None, run_after=None
[2026-02-18T12:37:33.874+0000] {processor.py:183} INFO - Processing /opt/airflow/dags/lakehouse_bsg_dag.py took 0.073 seconds
[2026-02-18T12:38:04.851+0000] {processor.py:161} INFO - Started process (PID=1544) to work on /opt/airflow/dags/lakehouse_bsg_dag.py
[2026-02-18T12:38:04.852+0000] {processor.py:830} INFO - Processing file /opt/airflow/dags/lakehouse_bsg_dag.py for tasks to queue
[2026-02-18T12:38:04.854+0000] {logging_mixin.py:188} INFO - [2026-02-18T12:38:04.853+0000] {dagbag.py:545} INFO - Filling up the DagBag from /opt/airflow/dags/lakehouse_bsg_dag.py
[2026-02-18T12:38:04.872+0000] {processor.py:840} INFO - DAG(s) 'lakehouse_bronze_silver_gold' retrieved from /opt/airflow/dags/lakehouse_bsg_dag.py
[2026-02-18T12:38:04.896+0000] {logging_mixin.py:188} INFO - [2026-02-18T12:38:04.896+0000] {dag.py:3089} INFO - Sync 1 DAGs
[2026-02-18T12:38:04.907+0000] {logging_mixin.py:188} INFO - [2026-02-18T12:38:04.906+0000] {dag.py:3947} INFO - Setting next_dagrun for lakehouse_bronze_silver_gold to None, run_after=None
[2026-02-18T12:38:04.921+0000] {processor.py:183} INFO - Processing /opt/airflow/dags/lakehouse_bsg_dag.py took 0.075 seconds
[2026-02-18T12:38:35.727+0000] {processor.py:161} INFO - Started process (PID=1549) to work on /opt/airflow/dags/lakehouse_bsg_dag.py
[2026-02-18T12:38:35.728+0000] {processor.py:830} INFO - Processing file /opt/airflow/dags/lakehouse_bsg_dag.py for tasks to queue
[2026-02-18T12:38:35.730+0000] {logging_mixin.py:188} INFO - [2026-02-18T12:38:35.729+0000] {dagbag.py:545} INFO - Filling up the DagBag from /opt/airflow/dags/lakehouse_bsg_dag.py
[2026-02-18T12:38:35.745+0000] {processor.py:840} INFO - DAG(s) 'lakehouse_bronze_silver_gold' retrieved from /opt/airflow/dags/lakehouse_bsg_dag.py
[2026-02-18T12:38:35.770+0000] {logging_mixin.py:188} INFO - [2026-02-18T12:38:35.770+0000] {dag.py:3089} INFO - Sync 1 DAGs
[2026-02-18T12:38:35.780+0000] {logging_mixin.py:188} INFO - [2026-02-18T12:38:35.780+0000] {dag.py:3947} INFO - Setting next_dagrun for lakehouse_bronze_silver_gold to None, run_after=None
[2026-02-18T12:38:35.795+0000] {processor.py:183} INFO - Processing /opt/airflow/dags/lakehouse_bsg_dag.py took 0.071 seconds
[2026-02-18T12:39:06.684+0000] {processor.py:161} INFO - Started process (PID=1554) to work on /opt/airflow/dags/lakehouse_bsg_dag.py
[2026-02-18T12:39:06.685+0000] {processor.py:830} INFO - Processing file /opt/airflow/dags/lakehouse_bsg_dag.py for tasks to queue
[2026-02-18T12:39:06.687+0000] {logging_mixin.py:188} INFO - [2026-02-18T12:39:06.687+0000] {dagbag.py:545} INFO - Filling up the DagBag from /opt/airflow/dags/lakehouse_bsg_dag.py
[2026-02-18T12:39:06.701+0000] {processor.py:840} INFO - DAG(s) 'lakehouse_bronze_silver_gold' retrieved from /opt/airflow/dags/lakehouse_bsg_dag.py
[2026-02-18T12:39:06.724+0000] {logging_mixin.py:188} INFO - [2026-02-18T12:39:06.724+0000] {dag.py:3089} INFO - Sync 1 DAGs
[2026-02-18T12:39:06.734+0000] {logging_mixin.py:188} INFO - [2026-02-18T12:39:06.733+0000] {dag.py:3947} INFO - Setting next_dagrun for lakehouse_bronze_silver_gold to None, run_after=None
[2026-02-18T12:39:06.755+0000] {processor.py:183} INFO - Processing /opt/airflow/dags/lakehouse_bsg_dag.py took 0.076 seconds
[2026-02-18T12:39:37.632+0000] {processor.py:161} INFO - Started process (PID=1559) to work on /opt/airflow/dags/lakehouse_bsg_dag.py
[2026-02-18T12:39:37.634+0000] {processor.py:830} INFO - Processing file /opt/airflow/dags/lakehouse_bsg_dag.py for tasks to queue
[2026-02-18T12:39:37.636+0000] {logging_mixin.py:188} INFO - [2026-02-18T12:39:37.636+0000] {dagbag.py:545} INFO - Filling up the DagBag from /opt/airflow/dags/lakehouse_bsg_dag.py
[2026-02-18T12:39:37.658+0000] {processor.py:840} INFO - DAG(s) 'lakehouse_bronze_silver_gold' retrieved from /opt/airflow/dags/lakehouse_bsg_dag.py
[2026-02-18T12:39:37.684+0000] {logging_mixin.py:188} INFO - [2026-02-18T12:39:37.683+0000] {dag.py:3089} INFO - Sync 1 DAGs
[2026-02-18T12:39:37.695+0000] {logging_mixin.py:188} INFO - [2026-02-18T12:39:37.695+0000] {dag.py:3947} INFO - Setting next_dagrun for lakehouse_bronze_silver_gold to None, run_after=None
[2026-02-18T12:39:37.710+0000] {processor.py:183} INFO - Processing /opt/airflow/dags/lakehouse_bsg_dag.py took 0.087 seconds
[2026-02-18T12:40:08.601+0000] {processor.py:161} INFO - Started process (PID=1564) to work on /opt/airflow/dags/lakehouse_bsg_dag.py
[2026-02-18T12:40:08.602+0000] {processor.py:830} INFO - Processing file /opt/airflow/dags/lakehouse_bsg_dag.py for tasks to queue
[2026-02-18T12:40:08.604+0000] {logging_mixin.py:188} INFO - [2026-02-18T12:40:08.604+0000] {dagbag.py:545} INFO - Filling up the DagBag from /opt/airflow/dags/lakehouse_bsg_dag.py
[2026-02-18T12:40:08.623+0000] {processor.py:840} INFO - DAG(s) 'lakehouse_bronze_silver_gold' retrieved from /opt/airflow/dags/lakehouse_bsg_dag.py
[2026-02-18T12:40:08.648+0000] {logging_mixin.py:188} INFO - [2026-02-18T12:40:08.648+0000] {dag.py:3089} INFO - Sync 1 DAGs
[2026-02-18T12:40:08.658+0000] {logging_mixin.py:188} INFO - [2026-02-18T12:40:08.658+0000] {dag.py:3947} INFO - Setting next_dagrun for lakehouse_bronze_silver_gold to None, run_after=None
[2026-02-18T12:40:08.672+0000] {processor.py:183} INFO - Processing /opt/airflow/dags/lakehouse_bsg_dag.py took 0.077 seconds
[2026-02-18T12:40:39.605+0000] {processor.py:161} INFO - Started process (PID=1569) to work on /opt/airflow/dags/lakehouse_bsg_dag.py
[2026-02-18T12:40:39.606+0000] {processor.py:830} INFO - Processing file /opt/airflow/dags/lakehouse_bsg_dag.py for tasks to queue
[2026-02-18T12:40:39.608+0000] {logging_mixin.py:188} INFO - [2026-02-18T12:40:39.608+0000] {dagbag.py:545} INFO - Filling up the DagBag from /opt/airflow/dags/lakehouse_bsg_dag.py
[2026-02-18T12:40:39.623+0000] {processor.py:840} INFO - DAG(s) 'lakehouse_bronze_silver_gold' retrieved from /opt/airflow/dags/lakehouse_bsg_dag.py
[2026-02-18T12:40:39.650+0000] {logging_mixin.py:188} INFO - [2026-02-18T12:40:39.650+0000] {dag.py:3089} INFO - Sync 1 DAGs
[2026-02-18T12:40:39.662+0000] {logging_mixin.py:188} INFO - [2026-02-18T12:40:39.662+0000] {dag.py:3947} INFO - Setting next_dagrun for lakehouse_bronze_silver_gold to None, run_after=None
[2026-02-18T12:40:39.678+0000] {processor.py:183} INFO - Processing /opt/airflow/dags/lakehouse_bsg_dag.py took 0.077 seconds
[2026-02-18T12:41:12.538+0000] {processor.py:161} INFO - Started process (PID=1574) to work on /opt/airflow/dags/lakehouse_bsg_dag.py
[2026-02-18T12:41:12.539+0000] {processor.py:830} INFO - Processing file /opt/airflow/dags/lakehouse_bsg_dag.py for tasks to queue
[2026-02-18T12:41:12.541+0000] {logging_mixin.py:188} INFO - [2026-02-18T12:41:12.540+0000] {dagbag.py:545} INFO - Filling up the DagBag from /opt/airflow/dags/lakehouse_bsg_dag.py
[2026-02-18T12:41:12.557+0000] {processor.py:840} INFO - DAG(s) 'lakehouse_bronze_silver_gold' retrieved from /opt/airflow/dags/lakehouse_bsg_dag.py
[2026-02-18T12:41:12.585+0000] {logging_mixin.py:188} INFO - [2026-02-18T12:41:12.585+0000] {dag.py:3089} INFO - Sync 1 DAGs
[2026-02-18T12:41:12.595+0000] {logging_mixin.py:188} INFO - [2026-02-18T12:41:12.594+0000] {dag.py:3947} INFO - Setting next_dagrun for lakehouse_bronze_silver_gold to None, run_after=None
[2026-02-18T12:41:12.611+0000] {processor.py:183} INFO - Processing /opt/airflow/dags/lakehouse_bsg_dag.py took 0.078 seconds
[2026-02-18T12:41:45.585+0000] {processor.py:161} INFO - Started process (PID=1579) to work on /opt/airflow/dags/lakehouse_bsg_dag.py
[2026-02-18T12:41:45.587+0000] {processor.py:830} INFO - Processing file /opt/airflow/dags/lakehouse_bsg_dag.py for tasks to queue
[2026-02-18T12:41:45.589+0000] {logging_mixin.py:188} INFO - [2026-02-18T12:41:45.589+0000] {dagbag.py:545} INFO - Filling up the DagBag from /opt/airflow/dags/lakehouse_bsg_dag.py
[2026-02-18T12:41:45.609+0000] {processor.py:840} INFO - DAG(s) 'lakehouse_bronze_silver_gold' retrieved from /opt/airflow/dags/lakehouse_bsg_dag.py
[2026-02-18T12:41:45.635+0000] {logging_mixin.py:188} INFO - [2026-02-18T12:41:45.634+0000] {dag.py:3089} INFO - Sync 1 DAGs
[2026-02-18T12:41:45.645+0000] {logging_mixin.py:188} INFO - [2026-02-18T12:41:45.645+0000] {dag.py:3947} INFO - Setting next_dagrun for lakehouse_bronze_silver_gold to None, run_after=None
[2026-02-18T12:41:45.661+0000] {processor.py:183} INFO - Processing /opt/airflow/dags/lakehouse_bsg_dag.py took 0.080 seconds
[2026-02-18T12:42:18.504+0000] {processor.py:161} INFO - Started process (PID=1584) to work on /opt/airflow/dags/lakehouse_bsg_dag.py
[2026-02-18T12:42:18.507+0000] {processor.py:830} INFO - Processing file /opt/airflow/dags/lakehouse_bsg_dag.py for tasks to queue
[2026-02-18T12:42:18.510+0000] {logging_mixin.py:188} INFO - [2026-02-18T12:42:18.510+0000] {dagbag.py:545} INFO - Filling up the DagBag from /opt/airflow/dags/lakehouse_bsg_dag.py
[2026-02-18T12:42:18.527+0000] {processor.py:840} INFO - DAG(s) 'lakehouse_bronze_silver_gold' retrieved from /opt/airflow/dags/lakehouse_bsg_dag.py
[2026-02-18T12:42:18.553+0000] {logging_mixin.py:188} INFO - [2026-02-18T12:42:18.553+0000] {dag.py:3089} INFO - Sync 1 DAGs
[2026-02-18T12:42:18.563+0000] {logging_mixin.py:188} INFO - [2026-02-18T12:42:18.563+0000] {dag.py:3947} INFO - Setting next_dagrun for lakehouse_bronze_silver_gold to None, run_after=None
[2026-02-18T12:42:18.577+0000] {processor.py:183} INFO - Processing /opt/airflow/dags/lakehouse_bsg_dag.py took 0.079 seconds
[2026-02-18T12:42:51.507+0000] {processor.py:161} INFO - Started process (PID=1589) to work on /opt/airflow/dags/lakehouse_bsg_dag.py
[2026-02-18T12:42:51.508+0000] {processor.py:830} INFO - Processing file /opt/airflow/dags/lakehouse_bsg_dag.py for tasks to queue
[2026-02-18T12:42:51.510+0000] {logging_mixin.py:188} INFO - [2026-02-18T12:42:51.509+0000] {dagbag.py:545} INFO - Filling up the DagBag from /opt/airflow/dags/lakehouse_bsg_dag.py
[2026-02-18T12:42:51.525+0000] {processor.py:840} INFO - DAG(s) 'lakehouse_bronze_silver_gold' retrieved from /opt/airflow/dags/lakehouse_bsg_dag.py
[2026-02-18T12:42:51.547+0000] {logging_mixin.py:188} INFO - [2026-02-18T12:42:51.547+0000] {dag.py:3089} INFO - Sync 1 DAGs
[2026-02-18T12:42:51.557+0000] {logging_mixin.py:188} INFO - [2026-02-18T12:42:51.557+0000] {dag.py:3947} INFO - Setting next_dagrun for lakehouse_bronze_silver_gold to None, run_after=None
[2026-02-18T12:42:51.571+0000] {processor.py:183} INFO - Processing /opt/airflow/dags/lakehouse_bsg_dag.py took 0.069 seconds
[2026-02-18T12:43:23.397+0000] {processor.py:161} INFO - Started process (PID=1594) to work on /opt/airflow/dags/lakehouse_bsg_dag.py
[2026-02-18T12:43:23.398+0000] {processor.py:830} INFO - Processing file /opt/airflow/dags/lakehouse_bsg_dag.py for tasks to queue
[2026-02-18T12:43:23.400+0000] {logging_mixin.py:188} INFO - [2026-02-18T12:43:23.400+0000] {dagbag.py:545} INFO - Filling up the DagBag from /opt/airflow/dags/lakehouse_bsg_dag.py
[2026-02-18T12:43:23.418+0000] {processor.py:840} INFO - DAG(s) 'lakehouse_bronze_silver_gold' retrieved from /opt/airflow/dags/lakehouse_bsg_dag.py
[2026-02-18T12:43:23.443+0000] {logging_mixin.py:188} INFO - [2026-02-18T12:43:23.442+0000] {dag.py:3089} INFO - Sync 1 DAGs
[2026-02-18T12:43:23.452+0000] {logging_mixin.py:188} INFO - [2026-02-18T12:43:23.451+0000] {dag.py:3947} INFO - Setting next_dagrun for lakehouse_bronze_silver_gold to None, run_after=None
[2026-02-18T12:43:23.474+0000] {processor.py:183} INFO - Processing /opt/airflow/dags/lakehouse_bsg_dag.py took 0.082 seconds
[2026-02-18T12:43:56.396+0000] {processor.py:161} INFO - Started process (PID=1599) to work on /opt/airflow/dags/lakehouse_bsg_dag.py
[2026-02-18T12:43:56.397+0000] {processor.py:830} INFO - Processing file /opt/airflow/dags/lakehouse_bsg_dag.py for tasks to queue
[2026-02-18T12:43:56.398+0000] {logging_mixin.py:188} INFO - [2026-02-18T12:43:56.398+0000] {dagbag.py:545} INFO - Filling up the DagBag from /opt/airflow/dags/lakehouse_bsg_dag.py
[2026-02-18T12:43:56.413+0000] {processor.py:840} INFO - DAG(s) 'lakehouse_bronze_silver_gold' retrieved from /opt/airflow/dags/lakehouse_bsg_dag.py
[2026-02-18T12:43:56.440+0000] {logging_mixin.py:188} INFO - [2026-02-18T12:43:56.440+0000] {dag.py:3089} INFO - Sync 1 DAGs
[2026-02-18T12:43:56.451+0000] {logging_mixin.py:188} INFO - [2026-02-18T12:43:56.451+0000] {dag.py:3947} INFO - Setting next_dagrun for lakehouse_bronze_silver_gold to None, run_after=None
[2026-02-18T12:43:56.486+0000] {processor.py:183} INFO - Processing /opt/airflow/dags/lakehouse_bsg_dag.py took 0.095 seconds
[2026-02-18T12:44:29.398+0000] {processor.py:161} INFO - Started process (PID=1604) to work on /opt/airflow/dags/lakehouse_bsg_dag.py
[2026-02-18T12:44:29.399+0000] {processor.py:830} INFO - Processing file /opt/airflow/dags/lakehouse_bsg_dag.py for tasks to queue
[2026-02-18T12:44:29.402+0000] {logging_mixin.py:188} INFO - [2026-02-18T12:44:29.402+0000] {dagbag.py:545} INFO - Filling up the DagBag from /opt/airflow/dags/lakehouse_bsg_dag.py
[2026-02-18T12:44:29.418+0000] {processor.py:840} INFO - DAG(s) 'lakehouse_bronze_silver_gold' retrieved from /opt/airflow/dags/lakehouse_bsg_dag.py
[2026-02-18T12:44:29.442+0000] {logging_mixin.py:188} INFO - [2026-02-18T12:44:29.442+0000] {dag.py:3089} INFO - Sync 1 DAGs
[2026-02-18T12:44:29.451+0000] {logging_mixin.py:188} INFO - [2026-02-18T12:44:29.451+0000] {dag.py:3947} INFO - Setting next_dagrun for lakehouse_bronze_silver_gold to None, run_after=None
[2026-02-18T12:44:29.467+0000] {processor.py:183} INFO - Processing /opt/airflow/dags/lakehouse_bsg_dag.py took 0.073 seconds
[2026-02-18T12:45:02.514+0000] {processor.py:161} INFO - Started process (PID=1609) to work on /opt/airflow/dags/lakehouse_bsg_dag.py
[2026-02-18T12:45:02.517+0000] {processor.py:830} INFO - Processing file /opt/airflow/dags/lakehouse_bsg_dag.py for tasks to queue
[2026-02-18T12:45:02.533+0000] {logging_mixin.py:188} INFO - [2026-02-18T12:45:02.528+0000] {dagbag.py:545} INFO - Filling up the DagBag from /opt/airflow/dags/lakehouse_bsg_dag.py
[2026-02-18T12:45:02.613+0000] {processor.py:840} INFO - DAG(s) 'lakehouse_bronze_silver_gold' retrieved from /opt/airflow/dags/lakehouse_bsg_dag.py
[2026-02-18T12:45:02.742+0000] {logging_mixin.py:188} INFO - [2026-02-18T12:45:02.741+0000] {dag.py:3089} INFO - Sync 1 DAGs
[2026-02-18T12:45:02.788+0000] {logging_mixin.py:188} INFO - [2026-02-18T12:45:02.788+0000] {dag.py:3947} INFO - Setting next_dagrun for lakehouse_bronze_silver_gold to None, run_after=None
[2026-02-18T12:45:02.821+0000] {processor.py:183} INFO - Processing /opt/airflow/dags/lakehouse_bsg_dag.py took 0.344 seconds
[2026-02-18T12:45:34.941+0000] {processor.py:161} INFO - Started process (PID=1614) to work on /opt/airflow/dags/lakehouse_bsg_dag.py
[2026-02-18T12:45:34.952+0000] {processor.py:830} INFO - Processing file /opt/airflow/dags/lakehouse_bsg_dag.py for tasks to queue
[2026-02-18T12:45:35.002+0000] {logging_mixin.py:188} INFO - [2026-02-18T12:45:34.994+0000] {dagbag.py:545} INFO - Filling up the DagBag from /opt/airflow/dags/lakehouse_bsg_dag.py
[2026-02-18T12:45:35.149+0000] {processor.py:840} INFO - DAG(s) 'lakehouse_bronze_silver_gold' retrieved from /opt/airflow/dags/lakehouse_bsg_dag.py
[2026-02-18T12:45:35.361+0000] {logging_mixin.py:188} INFO - [2026-02-18T12:45:35.361+0000] {dag.py:3089} INFO - Sync 1 DAGs
[2026-02-18T12:45:35.423+0000] {logging_mixin.py:188} INFO - [2026-02-18T12:45:35.423+0000] {dag.py:3947} INFO - Setting next_dagrun for lakehouse_bronze_silver_gold to None, run_after=None
[2026-02-18T12:45:35.487+0000] {processor.py:183} INFO - Processing /opt/airflow/dags/lakehouse_bsg_dag.py took 0.615 seconds
[2026-02-18T12:46:07.468+0000] {processor.py:161} INFO - Started process (PID=1619) to work on /opt/airflow/dags/lakehouse_bsg_dag.py
[2026-02-18T12:46:07.478+0000] {processor.py:830} INFO - Processing file /opt/airflow/dags/lakehouse_bsg_dag.py for tasks to queue
[2026-02-18T12:46:07.502+0000] {logging_mixin.py:188} INFO - [2026-02-18T12:46:07.497+0000] {dagbag.py:545} INFO - Filling up the DagBag from /opt/airflow/dags/lakehouse_bsg_dag.py
[2026-02-18T12:46:07.652+0000] {processor.py:840} INFO - DAG(s) 'lakehouse_bronze_silver_gold' retrieved from /opt/airflow/dags/lakehouse_bsg_dag.py
[2026-02-18T12:46:07.848+0000] {logging_mixin.py:188} INFO - [2026-02-18T12:46:07.848+0000] {dag.py:3089} INFO - Sync 1 DAGs
[2026-02-18T12:46:07.908+0000] {logging_mixin.py:188} INFO - [2026-02-18T12:46:07.908+0000] {dag.py:3947} INFO - Setting next_dagrun for lakehouse_bronze_silver_gold to None, run_after=None
[2026-02-18T12:46:07.954+0000] {processor.py:183} INFO - Processing /opt/airflow/dags/lakehouse_bsg_dag.py took 0.554 seconds
[2026-02-18T12:46:40.197+0000] {processor.py:161} INFO - Started process (PID=1624) to work on /opt/airflow/dags/lakehouse_bsg_dag.py
[2026-02-18T12:46:40.206+0000] {processor.py:830} INFO - Processing file /opt/airflow/dags/lakehouse_bsg_dag.py for tasks to queue
[2026-02-18T12:46:40.220+0000] {logging_mixin.py:188} INFO - [2026-02-18T12:46:40.219+0000] {dagbag.py:545} INFO - Filling up the DagBag from /opt/airflow/dags/lakehouse_bsg_dag.py
[2026-02-18T12:46:40.284+0000] {processor.py:840} INFO - DAG(s) 'lakehouse_bronze_silver_gold' retrieved from /opt/airflow/dags/lakehouse_bsg_dag.py
[2026-02-18T12:46:40.345+0000] {logging_mixin.py:188} INFO - [2026-02-18T12:46:40.345+0000] {dag.py:3089} INFO - Sync 1 DAGs
[2026-02-18T12:46:40.359+0000] {logging_mixin.py:188} INFO - [2026-02-18T12:46:40.359+0000] {dag.py:3947} INFO - Setting next_dagrun for lakehouse_bronze_silver_gold to None, run_after=None
[2026-02-18T12:46:40.387+0000] {processor.py:183} INFO - Processing /opt/airflow/dags/lakehouse_bsg_dag.py took 0.376 seconds
[2026-02-18T12:47:13.252+0000] {processor.py:161} INFO - Started process (PID=1629) to work on /opt/airflow/dags/lakehouse_bsg_dag.py
[2026-02-18T12:47:13.255+0000] {processor.py:830} INFO - Processing file /opt/airflow/dags/lakehouse_bsg_dag.py for tasks to queue
[2026-02-18T12:47:13.258+0000] {logging_mixin.py:188} INFO - [2026-02-18T12:47:13.257+0000] {dagbag.py:545} INFO - Filling up the DagBag from /opt/airflow/dags/lakehouse_bsg_dag.py
[2026-02-18T12:47:13.296+0000] {processor.py:840} INFO - DAG(s) 'lakehouse_bronze_silver_gold' retrieved from /opt/airflow/dags/lakehouse_bsg_dag.py
[2026-02-18T12:47:13.336+0000] {logging_mixin.py:188} INFO - [2026-02-18T12:47:13.335+0000] {dag.py:3089} INFO - Sync 1 DAGs
[2026-02-18T12:47:13.362+0000] {logging_mixin.py:188} INFO - [2026-02-18T12:47:13.362+0000] {dag.py:3947} INFO - Setting next_dagrun for lakehouse_bronze_silver_gold to None, run_after=None
[2026-02-18T12:47:13.385+0000] {processor.py:183} INFO - Processing /opt/airflow/dags/lakehouse_bsg_dag.py took 0.137 seconds
[2026-02-18T12:47:46.262+0000] {processor.py:161} INFO - Started process (PID=1634) to work on /opt/airflow/dags/lakehouse_bsg_dag.py
[2026-02-18T12:47:46.263+0000] {processor.py:830} INFO - Processing file /opt/airflow/dags/lakehouse_bsg_dag.py for tasks to queue
[2026-02-18T12:47:46.265+0000] {logging_mixin.py:188} INFO - [2026-02-18T12:47:46.264+0000] {dagbag.py:545} INFO - Filling up the DagBag from /opt/airflow/dags/lakehouse_bsg_dag.py
[2026-02-18T12:47:46.283+0000] {processor.py:840} INFO - DAG(s) 'lakehouse_bronze_silver_gold' retrieved from /opt/airflow/dags/lakehouse_bsg_dag.py
[2026-02-18T12:47:46.309+0000] {logging_mixin.py:188} INFO - [2026-02-18T12:47:46.308+0000] {dag.py:3089} INFO - Sync 1 DAGs
[2026-02-18T12:47:46.318+0000] {logging_mixin.py:188} INFO - [2026-02-18T12:47:46.318+0000] {dag.py:3947} INFO - Setting next_dagrun for lakehouse_bronze_silver_gold to None, run_after=None
[2026-02-18T12:47:46.334+0000] {processor.py:183} INFO - Processing /opt/airflow/dags/lakehouse_bsg_dag.py took 0.077 seconds
[2026-02-18T12:48:18.192+0000] {processor.py:161} INFO - Started process (PID=1639) to work on /opt/airflow/dags/lakehouse_bsg_dag.py
[2026-02-18T12:48:18.193+0000] {processor.py:830} INFO - Processing file /opt/airflow/dags/lakehouse_bsg_dag.py for tasks to queue
[2026-02-18T12:48:18.195+0000] {logging_mixin.py:188} INFO - [2026-02-18T12:48:18.194+0000] {dagbag.py:545} INFO - Filling up the DagBag from /opt/airflow/dags/lakehouse_bsg_dag.py
[2026-02-18T12:48:18.208+0000] {processor.py:840} INFO - DAG(s) 'lakehouse_bronze_silver_gold' retrieved from /opt/airflow/dags/lakehouse_bsg_dag.py
[2026-02-18T12:48:18.233+0000] {logging_mixin.py:188} INFO - [2026-02-18T12:48:18.233+0000] {dag.py:3089} INFO - Sync 1 DAGs
[2026-02-18T12:48:18.242+0000] {logging_mixin.py:188} INFO - [2026-02-18T12:48:18.242+0000] {dag.py:3947} INFO - Setting next_dagrun for lakehouse_bronze_silver_gold to None, run_after=None
[2026-02-18T12:48:18.258+0000] {processor.py:183} INFO - Processing /opt/airflow/dags/lakehouse_bsg_dag.py took 0.071 seconds
[2026-02-18T12:48:51.124+0000] {processor.py:161} INFO - Started process (PID=1644) to work on /opt/airflow/dags/lakehouse_bsg_dag.py
[2026-02-18T12:48:51.125+0000] {processor.py:830} INFO - Processing file /opt/airflow/dags/lakehouse_bsg_dag.py for tasks to queue
[2026-02-18T12:48:51.128+0000] {logging_mixin.py:188} INFO - [2026-02-18T12:48:51.127+0000] {dagbag.py:545} INFO - Filling up the DagBag from /opt/airflow/dags/lakehouse_bsg_dag.py
[2026-02-18T12:48:51.143+0000] {processor.py:840} INFO - DAG(s) 'lakehouse_bronze_silver_gold' retrieved from /opt/airflow/dags/lakehouse_bsg_dag.py
[2026-02-18T12:48:51.168+0000] {logging_mixin.py:188} INFO - [2026-02-18T12:48:51.168+0000] {dag.py:3089} INFO - Sync 1 DAGs
[2026-02-18T12:48:51.178+0000] {logging_mixin.py:188} INFO - [2026-02-18T12:48:51.178+0000] {dag.py:3947} INFO - Setting next_dagrun for lakehouse_bronze_silver_gold to None, run_after=None
[2026-02-18T12:48:51.195+0000] {processor.py:183} INFO - Processing /opt/airflow/dags/lakehouse_bsg_dag.py took 0.075 seconds
[2026-02-18T12:49:24.108+0000] {processor.py:161} INFO - Started process (PID=1649) to work on /opt/airflow/dags/lakehouse_bsg_dag.py
[2026-02-18T12:49:24.109+0000] {processor.py:830} INFO - Processing file /opt/airflow/dags/lakehouse_bsg_dag.py for tasks to queue
[2026-02-18T12:49:24.111+0000] {logging_mixin.py:188} INFO - [2026-02-18T12:49:24.110+0000] {dagbag.py:545} INFO - Filling up the DagBag from /opt/airflow/dags/lakehouse_bsg_dag.py
[2026-02-18T12:49:24.124+0000] {processor.py:840} INFO - DAG(s) 'lakehouse_bronze_silver_gold' retrieved from /opt/airflow/dags/lakehouse_bsg_dag.py
[2026-02-18T12:49:24.146+0000] {logging_mixin.py:188} INFO - [2026-02-18T12:49:24.146+0000] {dag.py:3089} INFO - Sync 1 DAGs
[2026-02-18T12:49:24.158+0000] {logging_mixin.py:188} INFO - [2026-02-18T12:49:24.157+0000] {dag.py:3947} INFO - Setting next_dagrun for lakehouse_bronze_silver_gold to None, run_after=None
[2026-02-18T12:49:24.173+0000] {processor.py:183} INFO - Processing /opt/airflow/dags/lakehouse_bsg_dag.py took 0.069 seconds
[2026-02-18T12:49:57.037+0000] {processor.py:161} INFO - Started process (PID=1654) to work on /opt/airflow/dags/lakehouse_bsg_dag.py
[2026-02-18T12:49:57.039+0000] {processor.py:830} INFO - Processing file /opt/airflow/dags/lakehouse_bsg_dag.py for tasks to queue
[2026-02-18T12:49:57.050+0000] {logging_mixin.py:188} INFO - [2026-02-18T12:49:57.050+0000] {dagbag.py:545} INFO - Filling up the DagBag from /opt/airflow/dags/lakehouse_bsg_dag.py
[2026-02-18T12:49:57.071+0000] {processor.py:840} INFO - DAG(s) 'lakehouse_bronze_silver_gold' retrieved from /opt/airflow/dags/lakehouse_bsg_dag.py
[2026-02-18T12:49:57.101+0000] {logging_mixin.py:188} INFO - [2026-02-18T12:49:57.101+0000] {dag.py:3089} INFO - Sync 1 DAGs
[2026-02-18T12:49:57.113+0000] {logging_mixin.py:188} INFO - [2026-02-18T12:49:57.113+0000] {dag.py:3947} INFO - Setting next_dagrun for lakehouse_bronze_silver_gold to None, run_after=None
[2026-02-18T12:49:57.131+0000] {processor.py:183} INFO - Processing /opt/airflow/dags/lakehouse_bsg_dag.py took 0.101 seconds
[2026-02-18T12:50:29.936+0000] {processor.py:161} INFO - Started process (PID=1659) to work on /opt/airflow/dags/lakehouse_bsg_dag.py
[2026-02-18T12:50:29.937+0000] {processor.py:830} INFO - Processing file /opt/airflow/dags/lakehouse_bsg_dag.py for tasks to queue
[2026-02-18T12:50:29.938+0000] {logging_mixin.py:188} INFO - [2026-02-18T12:50:29.938+0000] {dagbag.py:545} INFO - Filling up the DagBag from /opt/airflow/dags/lakehouse_bsg_dag.py
[2026-02-18T12:50:29.951+0000] {processor.py:840} INFO - DAG(s) 'lakehouse_bronze_silver_gold' retrieved from /opt/airflow/dags/lakehouse_bsg_dag.py
[2026-02-18T12:50:29.975+0000] {logging_mixin.py:188} INFO - [2026-02-18T12:50:29.975+0000] {dag.py:3089} INFO - Sync 1 DAGs
[2026-02-18T12:50:29.985+0000] {logging_mixin.py:188} INFO - [2026-02-18T12:50:29.985+0000] {dag.py:3947} INFO - Setting next_dagrun for lakehouse_bronze_silver_gold to None, run_after=None
[2026-02-18T12:50:29.998+0000] {processor.py:183} INFO - Processing /opt/airflow/dags/lakehouse_bsg_dag.py took 0.065 seconds
[2026-02-18T12:51:03.029+0000] {processor.py:161} INFO - Started process (PID=1664) to work on /opt/airflow/dags/lakehouse_bsg_dag.py
[2026-02-18T12:51:03.056+0000] {processor.py:830} INFO - Processing file /opt/airflow/dags/lakehouse_bsg_dag.py for tasks to queue
[2026-02-18T12:51:03.075+0000] {logging_mixin.py:188} INFO - [2026-02-18T12:51:03.070+0000] {dagbag.py:545} INFO - Filling up the DagBag from /opt/airflow/dags/lakehouse_bsg_dag.py
[2026-02-18T12:51:03.176+0000] {processor.py:840} INFO - DAG(s) 'lakehouse_bronze_silver_gold' retrieved from /opt/airflow/dags/lakehouse_bsg_dag.py
[2026-02-18T12:51:03.334+0000] {logging_mixin.py:188} INFO - [2026-02-18T12:51:03.334+0000] {dag.py:3089} INFO - Sync 1 DAGs
[2026-02-18T12:51:03.379+0000] {logging_mixin.py:188} INFO - [2026-02-18T12:51:03.378+0000] {dag.py:3947} INFO - Setting next_dagrun for lakehouse_bronze_silver_gold to None, run_after=None
[2026-02-18T12:51:03.436+0000] {processor.py:183} INFO - Processing /opt/airflow/dags/lakehouse_bsg_dag.py took 0.444 seconds
[2026-02-18T12:51:34.882+0000] {processor.py:161} INFO - Started process (PID=1669) to work on /opt/airflow/dags/lakehouse_bsg_dag.py
[2026-02-18T12:51:34.884+0000] {processor.py:830} INFO - Processing file /opt/airflow/dags/lakehouse_bsg_dag.py for tasks to queue
[2026-02-18T12:51:34.885+0000] {logging_mixin.py:188} INFO - [2026-02-18T12:51:34.885+0000] {dagbag.py:545} INFO - Filling up the DagBag from /opt/airflow/dags/lakehouse_bsg_dag.py
[2026-02-18T12:51:34.899+0000] {processor.py:840} INFO - DAG(s) 'lakehouse_bronze_silver_gold' retrieved from /opt/airflow/dags/lakehouse_bsg_dag.py
[2026-02-18T12:51:34.926+0000] {logging_mixin.py:188} INFO - [2026-02-18T12:51:34.926+0000] {dag.py:3089} INFO - Sync 1 DAGs
[2026-02-18T12:51:34.937+0000] {logging_mixin.py:188} INFO - [2026-02-18T12:51:34.937+0000] {dag.py:3947} INFO - Setting next_dagrun for lakehouse_bronze_silver_gold to None, run_after=None
[2026-02-18T12:51:34.954+0000] {processor.py:183} INFO - Processing /opt/airflow/dags/lakehouse_bsg_dag.py took 0.077 seconds
[2026-02-18T12:52:07.816+0000] {processor.py:161} INFO - Started process (PID=1674) to work on /opt/airflow/dags/lakehouse_bsg_dag.py
[2026-02-18T12:52:07.817+0000] {processor.py:830} INFO - Processing file /opt/airflow/dags/lakehouse_bsg_dag.py for tasks to queue
[2026-02-18T12:52:07.819+0000] {logging_mixin.py:188} INFO - [2026-02-18T12:52:07.819+0000] {dagbag.py:545} INFO - Filling up the DagBag from /opt/airflow/dags/lakehouse_bsg_dag.py
[2026-02-18T12:52:07.835+0000] {processor.py:840} INFO - DAG(s) 'lakehouse_bronze_silver_gold' retrieved from /opt/airflow/dags/lakehouse_bsg_dag.py
[2026-02-18T12:52:07.859+0000] {logging_mixin.py:188} INFO - [2026-02-18T12:52:07.858+0000] {dag.py:3089} INFO - Sync 1 DAGs
[2026-02-18T12:52:07.868+0000] {logging_mixin.py:188} INFO - [2026-02-18T12:52:07.868+0000] {dag.py:3947} INFO - Setting next_dagrun for lakehouse_bronze_silver_gold to None, run_after=None
[2026-02-18T12:52:07.882+0000] {processor.py:183} INFO - Processing /opt/airflow/dags/lakehouse_bsg_dag.py took 0.070 seconds
[2026-02-18T12:52:40.742+0000] {processor.py:161} INFO - Started process (PID=1679) to work on /opt/airflow/dags/lakehouse_bsg_dag.py
[2026-02-18T12:52:40.746+0000] {processor.py:830} INFO - Processing file /opt/airflow/dags/lakehouse_bsg_dag.py for tasks to queue
[2026-02-18T12:52:40.749+0000] {logging_mixin.py:188} INFO - [2026-02-18T12:52:40.749+0000] {dagbag.py:545} INFO - Filling up the DagBag from /opt/airflow/dags/lakehouse_bsg_dag.py
[2026-02-18T12:52:40.782+0000] {processor.py:840} INFO - DAG(s) 'lakehouse_bronze_silver_gold' retrieved from /opt/airflow/dags/lakehouse_bsg_dag.py
[2026-02-18T12:52:40.808+0000] {logging_mixin.py:188} INFO - [2026-02-18T12:52:40.808+0000] {dag.py:3089} INFO - Sync 1 DAGs
[2026-02-18T12:52:40.818+0000] {logging_mixin.py:188} INFO - [2026-02-18T12:52:40.817+0000] {dag.py:3947} INFO - Setting next_dagrun for lakehouse_bronze_silver_gold to None, run_after=None
[2026-02-18T12:52:40.831+0000] {processor.py:183} INFO - Processing /opt/airflow/dags/lakehouse_bsg_dag.py took 0.094 seconds
[2026-02-18T12:53:13.723+0000] {processor.py:161} INFO - Started process (PID=1684) to work on /opt/airflow/dags/lakehouse_bsg_dag.py
[2026-02-18T12:53:13.725+0000] {processor.py:830} INFO - Processing file /opt/airflow/dags/lakehouse_bsg_dag.py for tasks to queue
[2026-02-18T12:53:13.727+0000] {logging_mixin.py:188} INFO - [2026-02-18T12:53:13.727+0000] {dagbag.py:545} INFO - Filling up the DagBag from /opt/airflow/dags/lakehouse_bsg_dag.py
[2026-02-18T12:53:13.744+0000] {processor.py:840} INFO - DAG(s) 'lakehouse_bronze_silver_gold' retrieved from /opt/airflow/dags/lakehouse_bsg_dag.py
[2026-02-18T12:53:13.773+0000] {logging_mixin.py:188} INFO - [2026-02-18T12:53:13.773+0000] {dag.py:3089} INFO - Sync 1 DAGs
[2026-02-18T12:53:13.784+0000] {logging_mixin.py:188} INFO - [2026-02-18T12:53:13.784+0000] {dag.py:3947} INFO - Setting next_dagrun for lakehouse_bronze_silver_gold to None, run_after=None
[2026-02-18T12:53:13.800+0000] {processor.py:183} INFO - Processing /opt/airflow/dags/lakehouse_bsg_dag.py took 0.089 seconds
[2026-02-18T12:53:45.700+0000] {processor.py:161} INFO - Started process (PID=1689) to work on /opt/airflow/dags/lakehouse_bsg_dag.py
[2026-02-18T12:53:45.701+0000] {processor.py:830} INFO - Processing file /opt/airflow/dags/lakehouse_bsg_dag.py for tasks to queue
[2026-02-18T12:53:45.703+0000] {logging_mixin.py:188} INFO - [2026-02-18T12:53:45.703+0000] {dagbag.py:545} INFO - Filling up the DagBag from /opt/airflow/dags/lakehouse_bsg_dag.py
[2026-02-18T12:53:45.719+0000] {processor.py:840} INFO - DAG(s) 'lakehouse_bronze_silver_gold' retrieved from /opt/airflow/dags/lakehouse_bsg_dag.py
[2026-02-18T12:53:45.744+0000] {logging_mixin.py:188} INFO - [2026-02-18T12:53:45.744+0000] {dag.py:3089} INFO - Sync 1 DAGs
[2026-02-18T12:53:45.754+0000] {logging_mixin.py:188} INFO - [2026-02-18T12:53:45.754+0000] {dag.py:3947} INFO - Setting next_dagrun for lakehouse_bronze_silver_gold to None, run_after=None
[2026-02-18T12:53:45.769+0000] {processor.py:183} INFO - Processing /opt/airflow/dags/lakehouse_bsg_dag.py took 0.074 seconds
[2026-02-18T12:54:18.646+0000] {processor.py:161} INFO - Started process (PID=1694) to work on /opt/airflow/dags/lakehouse_bsg_dag.py
[2026-02-18T12:54:18.647+0000] {processor.py:830} INFO - Processing file /opt/airflow/dags/lakehouse_bsg_dag.py for tasks to queue
[2026-02-18T12:54:18.648+0000] {logging_mixin.py:188} INFO - [2026-02-18T12:54:18.648+0000] {dagbag.py:545} INFO - Filling up the DagBag from /opt/airflow/dags/lakehouse_bsg_dag.py
[2026-02-18T12:54:18.662+0000] {processor.py:840} INFO - DAG(s) 'lakehouse_bronze_silver_gold' retrieved from /opt/airflow/dags/lakehouse_bsg_dag.py
[2026-02-18T12:54:18.687+0000] {logging_mixin.py:188} INFO - [2026-02-18T12:54:18.687+0000] {dag.py:3089} INFO - Sync 1 DAGs
[2026-02-18T12:54:18.697+0000] {logging_mixin.py:188} INFO - [2026-02-18T12:54:18.697+0000] {dag.py:3947} INFO - Setting next_dagrun for lakehouse_bronze_silver_gold to None, run_after=None
[2026-02-18T12:54:18.713+0000] {processor.py:183} INFO - Processing /opt/airflow/dags/lakehouse_bsg_dag.py took 0.071 seconds
[2026-02-18T12:54:51.614+0000] {processor.py:161} INFO - Started process (PID=1699) to work on /opt/airflow/dags/lakehouse_bsg_dag.py
[2026-02-18T12:54:51.616+0000] {processor.py:830} INFO - Processing file /opt/airflow/dags/lakehouse_bsg_dag.py for tasks to queue
[2026-02-18T12:54:51.618+0000] {logging_mixin.py:188} INFO - [2026-02-18T12:54:51.618+0000] {dagbag.py:545} INFO - Filling up the DagBag from /opt/airflow/dags/lakehouse_bsg_dag.py
[2026-02-18T12:54:51.654+0000] {processor.py:840} INFO - DAG(s) 'lakehouse_bronze_silver_gold' retrieved from /opt/airflow/dags/lakehouse_bsg_dag.py
[2026-02-18T12:54:51.679+0000] {logging_mixin.py:188} INFO - [2026-02-18T12:54:51.679+0000] {dag.py:3089} INFO - Sync 1 DAGs
[2026-02-18T12:54:51.689+0000] {logging_mixin.py:188} INFO - [2026-02-18T12:54:51.688+0000] {dag.py:3947} INFO - Setting next_dagrun for lakehouse_bronze_silver_gold to None, run_after=None
[2026-02-18T12:54:51.701+0000] {processor.py:183} INFO - Processing /opt/airflow/dags/lakehouse_bsg_dag.py took 0.093 seconds
[2026-02-18T12:55:24.877+0000] {processor.py:161} INFO - Started process (PID=1704) to work on /opt/airflow/dags/lakehouse_bsg_dag.py
[2026-02-18T12:55:24.878+0000] {processor.py:830} INFO - Processing file /opt/airflow/dags/lakehouse_bsg_dag.py for tasks to queue
[2026-02-18T12:55:24.879+0000] {logging_mixin.py:188} INFO - [2026-02-18T12:55:24.879+0000] {dagbag.py:545} INFO - Filling up the DagBag from /opt/airflow/dags/lakehouse_bsg_dag.py
[2026-02-18T12:55:24.895+0000] {processor.py:840} INFO - DAG(s) 'lakehouse_bronze_silver_gold' retrieved from /opt/airflow/dags/lakehouse_bsg_dag.py
[2026-02-18T12:55:24.922+0000] {logging_mixin.py:188} INFO - [2026-02-18T12:55:24.922+0000] {dag.py:3089} INFO - Sync 1 DAGs
[2026-02-18T12:55:24.932+0000] {logging_mixin.py:188} INFO - [2026-02-18T12:55:24.932+0000] {dag.py:3947} INFO - Setting next_dagrun for lakehouse_bronze_silver_gold to None, run_after=None
[2026-02-18T12:55:24.950+0000] {processor.py:183} INFO - Processing /opt/airflow/dags/lakehouse_bsg_dag.py took 0.077 seconds
[2026-02-18T12:55:58.374+0000] {processor.py:161} INFO - Started process (PID=1709) to work on /opt/airflow/dags/lakehouse_bsg_dag.py
[2026-02-18T12:55:58.375+0000] {processor.py:830} INFO - Processing file /opt/airflow/dags/lakehouse_bsg_dag.py for tasks to queue
[2026-02-18T12:55:58.377+0000] {logging_mixin.py:188} INFO - [2026-02-18T12:55:58.377+0000] {dagbag.py:545} INFO - Filling up the DagBag from /opt/airflow/dags/lakehouse_bsg_dag.py
[2026-02-18T12:55:58.391+0000] {processor.py:840} INFO - DAG(s) 'lakehouse_bronze_silver_gold' retrieved from /opt/airflow/dags/lakehouse_bsg_dag.py
[2026-02-18T12:55:58.417+0000] {logging_mixin.py:188} INFO - [2026-02-18T12:55:58.417+0000] {dag.py:3089} INFO - Sync 1 DAGs
[2026-02-18T12:55:58.427+0000] {logging_mixin.py:188} INFO - [2026-02-18T12:55:58.427+0000] {dag.py:3947} INFO - Setting next_dagrun for lakehouse_bronze_silver_gold to None, run_after=None
[2026-02-18T12:55:58.444+0000] {processor.py:183} INFO - Processing /opt/airflow/dags/lakehouse_bsg_dag.py took 0.075 seconds
[2026-02-18T12:56:31.950+0000] {processor.py:161} INFO - Started process (PID=1714) to work on /opt/airflow/dags/lakehouse_bsg_dag.py
[2026-02-18T12:56:31.951+0000] {processor.py:830} INFO - Processing file /opt/airflow/dags/lakehouse_bsg_dag.py for tasks to queue
[2026-02-18T12:56:31.953+0000] {logging_mixin.py:188} INFO - [2026-02-18T12:56:31.953+0000] {dagbag.py:545} INFO - Filling up the DagBag from /opt/airflow/dags/lakehouse_bsg_dag.py
[2026-02-18T12:56:31.971+0000] {processor.py:840} INFO - DAG(s) 'lakehouse_bronze_silver_gold' retrieved from /opt/airflow/dags/lakehouse_bsg_dag.py
[2026-02-18T12:56:31.995+0000] {logging_mixin.py:188} INFO - [2026-02-18T12:56:31.995+0000] {dag.py:3089} INFO - Sync 1 DAGs
[2026-02-18T12:56:32.005+0000] {logging_mixin.py:188} INFO - [2026-02-18T12:56:32.005+0000] {dag.py:3947} INFO - Setting next_dagrun for lakehouse_bronze_silver_gold to None, run_after=None
[2026-02-18T12:56:32.021+0000] {processor.py:183} INFO - Processing /opt/airflow/dags/lakehouse_bsg_dag.py took 0.075 seconds
[2026-02-18T12:57:04.487+0000] {processor.py:161} INFO - Started process (PID=1719) to work on /opt/airflow/dags/lakehouse_bsg_dag.py
[2026-02-18T12:57:04.488+0000] {processor.py:830} INFO - Processing file /opt/airflow/dags/lakehouse_bsg_dag.py for tasks to queue
[2026-02-18T12:57:04.491+0000] {logging_mixin.py:188} INFO - [2026-02-18T12:57:04.491+0000] {dagbag.py:545} INFO - Filling up the DagBag from /opt/airflow/dags/lakehouse_bsg_dag.py
[2026-02-18T12:57:04.508+0000] {processor.py:840} INFO - DAG(s) 'lakehouse_bronze_silver_gold' retrieved from /opt/airflow/dags/lakehouse_bsg_dag.py
[2026-02-18T12:57:04.533+0000] {logging_mixin.py:188} INFO - [2026-02-18T12:57:04.533+0000] {dag.py:3089} INFO - Sync 1 DAGs
[2026-02-18T12:57:04.544+0000] {logging_mixin.py:188} INFO - [2026-02-18T12:57:04.544+0000] {dag.py:3947} INFO - Setting next_dagrun for lakehouse_bronze_silver_gold to None, run_after=None
[2026-02-18T12:57:04.559+0000] {processor.py:183} INFO - Processing /opt/airflow/dags/lakehouse_bsg_dag.py took 0.076 seconds
[2026-02-18T12:57:38.016+0000] {processor.py:161} INFO - Started process (PID=1724) to work on /opt/airflow/dags/lakehouse_bsg_dag.py
[2026-02-18T12:57:38.017+0000] {processor.py:830} INFO - Processing file /opt/airflow/dags/lakehouse_bsg_dag.py for tasks to queue
[2026-02-18T12:57:38.019+0000] {logging_mixin.py:188} INFO - [2026-02-18T12:57:38.018+0000] {dagbag.py:545} INFO - Filling up the DagBag from /opt/airflow/dags/lakehouse_bsg_dag.py
[2026-02-18T12:57:38.034+0000] {processor.py:840} INFO - DAG(s) 'lakehouse_bronze_silver_gold' retrieved from /opt/airflow/dags/lakehouse_bsg_dag.py
[2026-02-18T12:57:38.057+0000] {logging_mixin.py:188} INFO - [2026-02-18T12:57:38.057+0000] {dag.py:3089} INFO - Sync 1 DAGs
[2026-02-18T12:57:38.066+0000] {logging_mixin.py:188} INFO - [2026-02-18T12:57:38.066+0000] {dag.py:3947} INFO - Setting next_dagrun for lakehouse_bronze_silver_gold to None, run_after=None
[2026-02-18T12:57:38.079+0000] {processor.py:183} INFO - Processing /opt/airflow/dags/lakehouse_bsg_dag.py took 0.068 seconds
[2026-02-18T12:58:11.592+0000] {processor.py:161} INFO - Started process (PID=1729) to work on /opt/airflow/dags/lakehouse_bsg_dag.py
[2026-02-18T12:58:11.593+0000] {processor.py:830} INFO - Processing file /opt/airflow/dags/lakehouse_bsg_dag.py for tasks to queue
[2026-02-18T12:58:11.595+0000] {logging_mixin.py:188} INFO - [2026-02-18T12:58:11.595+0000] {dagbag.py:545} INFO - Filling up the DagBag from /opt/airflow/dags/lakehouse_bsg_dag.py
[2026-02-18T12:58:11.609+0000] {processor.py:840} INFO - DAG(s) 'lakehouse_bronze_silver_gold' retrieved from /opt/airflow/dags/lakehouse_bsg_dag.py
[2026-02-18T12:58:11.634+0000] {logging_mixin.py:188} INFO - [2026-02-18T12:58:11.634+0000] {dag.py:3089} INFO - Sync 1 DAGs
[2026-02-18T12:58:11.645+0000] {logging_mixin.py:188} INFO - [2026-02-18T12:58:11.645+0000] {dag.py:3947} INFO - Setting next_dagrun for lakehouse_bronze_silver_gold to None, run_after=None
[2026-02-18T12:58:11.664+0000] {processor.py:183} INFO - Processing /opt/airflow/dags/lakehouse_bsg_dag.py took 0.076 seconds
[2026-02-18T12:58:45.115+0000] {processor.py:161} INFO - Started process (PID=1734) to work on /opt/airflow/dags/lakehouse_bsg_dag.py
[2026-02-18T12:58:45.116+0000] {processor.py:830} INFO - Processing file /opt/airflow/dags/lakehouse_bsg_dag.py for tasks to queue
[2026-02-18T12:58:45.118+0000] {logging_mixin.py:188} INFO - [2026-02-18T12:58:45.118+0000] {dagbag.py:545} INFO - Filling up the DagBag from /opt/airflow/dags/lakehouse_bsg_dag.py
[2026-02-18T12:58:45.132+0000] {processor.py:840} INFO - DAG(s) 'lakehouse_bronze_silver_gold' retrieved from /opt/airflow/dags/lakehouse_bsg_dag.py
[2026-02-18T12:58:45.162+0000] {logging_mixin.py:188} INFO - [2026-02-18T12:58:45.162+0000] {dag.py:3089} INFO - Sync 1 DAGs
[2026-02-18T12:58:45.173+0000] {logging_mixin.py:188} INFO - [2026-02-18T12:58:45.172+0000] {dag.py:3947} INFO - Setting next_dagrun for lakehouse_bronze_silver_gold to None, run_after=None
[2026-02-18T12:58:45.187+0000] {processor.py:183} INFO - Processing /opt/airflow/dags/lakehouse_bsg_dag.py took 0.078 seconds
[2026-02-18T12:59:17.673+0000] {processor.py:161} INFO - Started process (PID=1739) to work on /opt/airflow/dags/lakehouse_bsg_dag.py
[2026-02-18T12:59:17.675+0000] {processor.py:830} INFO - Processing file /opt/airflow/dags/lakehouse_bsg_dag.py for tasks to queue
[2026-02-18T12:59:17.677+0000] {logging_mixin.py:188} INFO - [2026-02-18T12:59:17.676+0000] {dagbag.py:545} INFO - Filling up the DagBag from /opt/airflow/dags/lakehouse_bsg_dag.py
[2026-02-18T12:59:17.692+0000] {processor.py:840} INFO - DAG(s) 'lakehouse_bronze_silver_gold' retrieved from /opt/airflow/dags/lakehouse_bsg_dag.py
[2026-02-18T12:59:17.717+0000] {logging_mixin.py:188} INFO - [2026-02-18T12:59:17.717+0000] {dag.py:3089} INFO - Sync 1 DAGs
[2026-02-18T12:59:17.726+0000] {logging_mixin.py:188} INFO - [2026-02-18T12:59:17.726+0000] {dag.py:3947} INFO - Setting next_dagrun for lakehouse_bronze_silver_gold to None, run_after=None
[2026-02-18T12:59:17.742+0000] {processor.py:183} INFO - Processing /opt/airflow/dags/lakehouse_bsg_dag.py took 0.074 seconds
[2026-02-18T12:59:51.368+0000] {processor.py:161} INFO - Started process (PID=1744) to work on /opt/airflow/dags/lakehouse_bsg_dag.py
[2026-02-18T12:59:51.373+0000] {processor.py:830} INFO - Processing file /opt/airflow/dags/lakehouse_bsg_dag.py for tasks to queue
[2026-02-18T12:59:51.402+0000] {logging_mixin.py:188} INFO - [2026-02-18T12:59:51.396+0000] {dagbag.py:545} INFO - Filling up the DagBag from /opt/airflow/dags/lakehouse_bsg_dag.py
[2026-02-18T12:59:51.556+0000] {processor.py:840} INFO - DAG(s) 'lakehouse_bronze_silver_gold' retrieved from /opt/airflow/dags/lakehouse_bsg_dag.py
[2026-02-18T12:59:51.770+0000] {logging_mixin.py:188} INFO - [2026-02-18T12:59:51.770+0000] {dag.py:3089} INFO - Sync 1 DAGs
[2026-02-18T12:59:51.849+0000] {logging_mixin.py:188} INFO - [2026-02-18T12:59:51.849+0000] {dag.py:3947} INFO - Setting next_dagrun for lakehouse_bronze_silver_gold to None, run_after=None
[2026-02-18T12:59:51.896+0000] {processor.py:183} INFO - Processing /opt/airflow/dags/lakehouse_bsg_dag.py took 0.591 seconds
[2026-02-18T13:00:24.419+0000] {processor.py:161} INFO - Started process (PID=1749) to work on /opt/airflow/dags/lakehouse_bsg_dag.py
[2026-02-18T13:00:24.421+0000] {processor.py:830} INFO - Processing file /opt/airflow/dags/lakehouse_bsg_dag.py for tasks to queue
[2026-02-18T13:00:24.422+0000] {logging_mixin.py:188} INFO - [2026-02-18T13:00:24.422+0000] {dagbag.py:545} INFO - Filling up the DagBag from /opt/airflow/dags/lakehouse_bsg_dag.py
[2026-02-18T13:00:24.439+0000] {processor.py:840} INFO - DAG(s) 'lakehouse_bronze_silver_gold' retrieved from /opt/airflow/dags/lakehouse_bsg_dag.py
[2026-02-18T13:00:24.472+0000] {logging_mixin.py:188} INFO - [2026-02-18T13:00:24.472+0000] {dag.py:3089} INFO - Sync 1 DAGs
[2026-02-18T13:00:24.483+0000] {logging_mixin.py:188} INFO - [2026-02-18T13:00:24.483+0000] {dag.py:3947} INFO - Setting next_dagrun for lakehouse_bronze_silver_gold to None, run_after=None
[2026-02-18T13:00:24.502+0000] {processor.py:183} INFO - Processing /opt/airflow/dags/lakehouse_bsg_dag.py took 0.088 seconds
[2026-02-18T13:00:58.024+0000] {processor.py:161} INFO - Started process (PID=1754) to work on /opt/airflow/dags/lakehouse_bsg_dag.py
[2026-02-18T13:00:58.027+0000] {processor.py:830} INFO - Processing file /opt/airflow/dags/lakehouse_bsg_dag.py for tasks to queue
[2026-02-18T13:00:58.043+0000] {logging_mixin.py:188} INFO - [2026-02-18T13:00:58.039+0000] {dagbag.py:545} INFO - Filling up the DagBag from /opt/airflow/dags/lakehouse_bsg_dag.py
[2026-02-18T13:00:58.141+0000] {processor.py:840} INFO - DAG(s) 'lakehouse_bronze_silver_gold' retrieved from /opt/airflow/dags/lakehouse_bsg_dag.py
[2026-02-18T13:00:58.342+0000] {logging_mixin.py:188} INFO - [2026-02-18T13:00:58.342+0000] {dag.py:3089} INFO - Sync 1 DAGs
[2026-02-18T13:00:58.385+0000] {logging_mixin.py:188} INFO - [2026-02-18T13:00:58.384+0000] {dag.py:3947} INFO - Setting next_dagrun for lakehouse_bronze_silver_gold to None, run_after=None
[2026-02-18T13:00:58.418+0000] {processor.py:183} INFO - Processing /opt/airflow/dags/lakehouse_bsg_dag.py took 0.444 seconds
[2026-02-18T13:01:31.468+0000] {processor.py:161} INFO - Started process (PID=1759) to work on /opt/airflow/dags/lakehouse_bsg_dag.py
[2026-02-18T13:01:31.470+0000] {processor.py:830} INFO - Processing file /opt/airflow/dags/lakehouse_bsg_dag.py for tasks to queue
[2026-02-18T13:01:31.471+0000] {logging_mixin.py:188} INFO - [2026-02-18T13:01:31.471+0000] {dagbag.py:545} INFO - Filling up the DagBag from /opt/airflow/dags/lakehouse_bsg_dag.py
[2026-02-18T13:01:31.488+0000] {processor.py:840} INFO - DAG(s) 'lakehouse_bronze_silver_gold' retrieved from /opt/airflow/dags/lakehouse_bsg_dag.py
[2026-02-18T13:01:31.519+0000] {logging_mixin.py:188} INFO - [2026-02-18T13:01:31.519+0000] {dag.py:3089} INFO - Sync 1 DAGs
[2026-02-18T13:01:31.530+0000] {logging_mixin.py:188} INFO - [2026-02-18T13:01:31.530+0000] {dag.py:3947} INFO - Setting next_dagrun for lakehouse_bronze_silver_gold to None, run_after=None
[2026-02-18T13:01:31.551+0000] {processor.py:183} INFO - Processing /opt/airflow/dags/lakehouse_bsg_dag.py took 0.087 seconds
[2026-02-18T13:02:05.108+0000] {processor.py:161} INFO - Started process (PID=1764) to work on /opt/airflow/dags/lakehouse_bsg_dag.py
[2026-02-18T13:02:05.110+0000] {processor.py:830} INFO - Processing file /opt/airflow/dags/lakehouse_bsg_dag.py for tasks to queue
[2026-02-18T13:02:05.112+0000] {logging_mixin.py:188} INFO - [2026-02-18T13:02:05.112+0000] {dagbag.py:545} INFO - Filling up the DagBag from /opt/airflow/dags/lakehouse_bsg_dag.py
[2026-02-18T13:02:05.132+0000] {processor.py:840} INFO - DAG(s) 'lakehouse_bronze_silver_gold' retrieved from /opt/airflow/dags/lakehouse_bsg_dag.py
[2026-02-18T13:02:05.164+0000] {logging_mixin.py:188} INFO - [2026-02-18T13:02:05.163+0000] {dag.py:3089} INFO - Sync 1 DAGs
[2026-02-18T13:02:05.175+0000] {logging_mixin.py:188} INFO - [2026-02-18T13:02:05.175+0000] {dag.py:3947} INFO - Setting next_dagrun for lakehouse_bronze_silver_gold to None, run_after=None
[2026-02-18T13:02:05.194+0000] {processor.py:183} INFO - Processing /opt/airflow/dags/lakehouse_bsg_dag.py took 0.091 seconds
[2026-02-18T13:02:39.130+0000] {processor.py:161} INFO - Started process (PID=1769) to work on /opt/airflow/dags/lakehouse_bsg_dag.py
[2026-02-18T13:02:39.140+0000] {processor.py:830} INFO - Processing file /opt/airflow/dags/lakehouse_bsg_dag.py for tasks to queue
[2026-02-18T13:02:39.241+0000] {logging_mixin.py:188} INFO - [2026-02-18T13:02:39.207+0000] {dagbag.py:545} INFO - Filling up the DagBag from /opt/airflow/dags/lakehouse_bsg_dag.py
[2026-02-18T13:02:40.195+0000] {processor.py:840} INFO - DAG(s) 'lakehouse_bronze_silver_gold' retrieved from /opt/airflow/dags/lakehouse_bsg_dag.py
[2026-02-18T13:02:40.821+0000] {logging_mixin.py:188} INFO - [2026-02-18T13:02:40.821+0000] {dag.py:3089} INFO - Sync 1 DAGs
[2026-02-18T13:02:40.904+0000] {logging_mixin.py:188} INFO - [2026-02-18T13:02:40.904+0000] {dag.py:3947} INFO - Setting next_dagrun for lakehouse_bronze_silver_gold to None, run_after=None
[2026-02-18T13:02:40.965+0000] {processor.py:183} INFO - Processing /opt/airflow/dags/lakehouse_bsg_dag.py took 1.947 seconds
[2026-02-18T13:03:11.310+0000] {processor.py:161} INFO - Started process (PID=1774) to work on /opt/airflow/dags/lakehouse_bsg_dag.py
[2026-02-18T13:03:11.312+0000] {processor.py:830} INFO - Processing file /opt/airflow/dags/lakehouse_bsg_dag.py for tasks to queue
[2026-02-18T13:03:11.313+0000] {logging_mixin.py:188} INFO - [2026-02-18T13:03:11.313+0000] {dagbag.py:545} INFO - Filling up the DagBag from /opt/airflow/dags/lakehouse_bsg_dag.py
[2026-02-18T13:03:11.330+0000] {processor.py:840} INFO - DAG(s) 'lakehouse_bronze_silver_gold' retrieved from /opt/airflow/dags/lakehouse_bsg_dag.py
[2026-02-18T13:03:11.357+0000] {logging_mixin.py:188} INFO - [2026-02-18T13:03:11.357+0000] {dag.py:3089} INFO - Sync 1 DAGs
[2026-02-18T13:03:11.367+0000] {logging_mixin.py:188} INFO - [2026-02-18T13:03:11.367+0000] {dag.py:3947} INFO - Setting next_dagrun for lakehouse_bronze_silver_gold to None, run_after=None
[2026-02-18T13:03:11.383+0000] {processor.py:183} INFO - Processing /opt/airflow/dags/lakehouse_bsg_dag.py took 0.078 seconds
[2026-02-18T13:03:44.910+0000] {processor.py:161} INFO - Started process (PID=1779) to work on /opt/airflow/dags/lakehouse_bsg_dag.py
[2026-02-18T13:03:44.922+0000] {processor.py:830} INFO - Processing file /opt/airflow/dags/lakehouse_bsg_dag.py for tasks to queue
[2026-02-18T13:03:44.936+0000] {logging_mixin.py:188} INFO - [2026-02-18T13:03:44.933+0000] {dagbag.py:545} INFO - Filling up the DagBag from /opt/airflow/dags/lakehouse_bsg_dag.py
[2026-02-18T13:03:45.027+0000] {processor.py:840} INFO - DAG(s) 'lakehouse_bronze_silver_gold' retrieved from /opt/airflow/dags/lakehouse_bsg_dag.py
[2026-02-18T13:03:45.213+0000] {logging_mixin.py:188} INFO - [2026-02-18T13:03:45.213+0000] {dag.py:3089} INFO - Sync 1 DAGs
[2026-02-18T13:03:45.296+0000] {logging_mixin.py:188} INFO - [2026-02-18T13:03:45.296+0000] {dag.py:3947} INFO - Setting next_dagrun for lakehouse_bronze_silver_gold to None, run_after=None
[2026-02-18T13:03:45.358+0000] {processor.py:183} INFO - Processing /opt/airflow/dags/lakehouse_bsg_dag.py took 0.491 seconds
[2026-02-18T13:04:17.840+0000] {processor.py:161} INFO - Started process (PID=1784) to work on /opt/airflow/dags/lakehouse_bsg_dag.py
[2026-02-18T13:04:17.841+0000] {processor.py:830} INFO - Processing file /opt/airflow/dags/lakehouse_bsg_dag.py for tasks to queue
[2026-02-18T13:04:17.843+0000] {logging_mixin.py:188} INFO - [2026-02-18T13:04:17.843+0000] {dagbag.py:545} INFO - Filling up the DagBag from /opt/airflow/dags/lakehouse_bsg_dag.py
[2026-02-18T13:04:17.857+0000] {processor.py:840} INFO - DAG(s) 'lakehouse_bronze_silver_gold' retrieved from /opt/airflow/dags/lakehouse_bsg_dag.py
[2026-02-18T13:04:17.890+0000] {logging_mixin.py:188} INFO - [2026-02-18T13:04:17.890+0000] {dag.py:3089} INFO - Sync 1 DAGs
[2026-02-18T13:04:17.903+0000] {logging_mixin.py:188} INFO - [2026-02-18T13:04:17.903+0000] {dag.py:3947} INFO - Setting next_dagrun for lakehouse_bronze_silver_gold to None, run_after=None
[2026-02-18T13:04:17.921+0000] {processor.py:183} INFO - Processing /opt/airflow/dags/lakehouse_bsg_dag.py took 0.085 seconds
[2026-02-18T13:04:51.332+0000] {processor.py:161} INFO - Started process (PID=1789) to work on /opt/airflow/dags/lakehouse_bsg_dag.py
[2026-02-18T13:04:51.334+0000] {processor.py:830} INFO - Processing file /opt/airflow/dags/lakehouse_bsg_dag.py for tasks to queue
[2026-02-18T13:04:51.335+0000] {logging_mixin.py:188} INFO - [2026-02-18T13:04:51.335+0000] {dagbag.py:545} INFO - Filling up the DagBag from /opt/airflow/dags/lakehouse_bsg_dag.py
[2026-02-18T13:04:51.350+0000] {processor.py:840} INFO - DAG(s) 'lakehouse_bronze_silver_gold' retrieved from /opt/airflow/dags/lakehouse_bsg_dag.py
[2026-02-18T13:04:51.380+0000] {logging_mixin.py:188} INFO - [2026-02-18T13:04:51.380+0000] {dag.py:3089} INFO - Sync 1 DAGs
[2026-02-18T13:04:51.397+0000] {logging_mixin.py:188} INFO - [2026-02-18T13:04:51.397+0000] {dag.py:3947} INFO - Setting next_dagrun for lakehouse_bronze_silver_gold to None, run_after=None
[2026-02-18T13:04:51.413+0000] {processor.py:183} INFO - Processing /opt/airflow/dags/lakehouse_bsg_dag.py took 0.086 seconds
[2026-02-18T13:05:24.854+0000] {processor.py:161} INFO - Started process (PID=1794) to work on /opt/airflow/dags/lakehouse_bsg_dag.py
[2026-02-18T13:05:24.856+0000] {processor.py:830} INFO - Processing file /opt/airflow/dags/lakehouse_bsg_dag.py for tasks to queue
[2026-02-18T13:05:24.857+0000] {logging_mixin.py:188} INFO - [2026-02-18T13:05:24.857+0000] {dagbag.py:545} INFO - Filling up the DagBag from /opt/airflow/dags/lakehouse_bsg_dag.py
[2026-02-18T13:05:24.873+0000] {processor.py:840} INFO - DAG(s) 'lakehouse_bronze_silver_gold' retrieved from /opt/airflow/dags/lakehouse_bsg_dag.py
[2026-02-18T13:05:24.897+0000] {logging_mixin.py:188} INFO - [2026-02-18T13:05:24.897+0000] {dag.py:3089} INFO - Sync 1 DAGs
[2026-02-18T13:05:24.908+0000] {logging_mixin.py:188} INFO - [2026-02-18T13:05:24.907+0000] {dag.py:3947} INFO - Setting next_dagrun for lakehouse_bronze_silver_gold to None, run_after=None
[2026-02-18T13:05:24.922+0000] {processor.py:183} INFO - Processing /opt/airflow/dags/lakehouse_bsg_dag.py took 0.072 seconds
[2026-02-18T13:06:02.188+0000] {processor.py:161} INFO - Started process (PID=1799) to work on /opt/airflow/dags/lakehouse_bsg_dag.py
[2026-02-18T13:06:02.198+0000] {processor.py:830} INFO - Processing file /opt/airflow/dags/lakehouse_bsg_dag.py for tasks to queue
[2026-02-18T13:06:02.220+0000] {logging_mixin.py:188} INFO - [2026-02-18T13:06:02.215+0000] {dagbag.py:545} INFO - Filling up the DagBag from /opt/airflow/dags/lakehouse_bsg_dag.py
[2026-02-18T13:06:02.352+0000] {processor.py:840} INFO - DAG(s) 'lakehouse_bronze_silver_gold' retrieved from /opt/airflow/dags/lakehouse_bsg_dag.py
[2026-02-18T13:06:02.559+0000] {logging_mixin.py:188} INFO - [2026-02-18T13:06:02.559+0000] {dag.py:3089} INFO - Sync 1 DAGs
[2026-02-18T13:06:02.608+0000] {logging_mixin.py:188} INFO - [2026-02-18T13:06:02.607+0000] {dag.py:3947} INFO - Setting next_dagrun for lakehouse_bronze_silver_gold to None, run_after=None
[2026-02-18T13:06:02.648+0000] {processor.py:183} INFO - Processing /opt/airflow/dags/lakehouse_bsg_dag.py took 0.624 seconds
[2026-02-18T13:06:33.196+0000] {processor.py:161} INFO - Started process (PID=1804) to work on /opt/airflow/dags/lakehouse_bsg_dag.py
[2026-02-18T13:06:33.197+0000] {processor.py:830} INFO - Processing file /opt/airflow/dags/lakehouse_bsg_dag.py for tasks to queue
[2026-02-18T13:06:33.198+0000] {logging_mixin.py:188} INFO - [2026-02-18T13:06:33.198+0000] {dagbag.py:545} INFO - Filling up the DagBag from /opt/airflow/dags/lakehouse_bsg_dag.py
[2026-02-18T13:06:33.211+0000] {processor.py:840} INFO - DAG(s) 'lakehouse_bronze_silver_gold' retrieved from /opt/airflow/dags/lakehouse_bsg_dag.py
[2026-02-18T13:06:33.234+0000] {logging_mixin.py:188} INFO - [2026-02-18T13:06:33.233+0000] {dag.py:3089} INFO - Sync 1 DAGs
[2026-02-18T13:06:33.244+0000] {logging_mixin.py:188} INFO - [2026-02-18T13:06:33.244+0000] {dag.py:3947} INFO - Setting next_dagrun for lakehouse_bronze_silver_gold to None, run_after=None
[2026-02-18T13:06:33.261+0000] {processor.py:183} INFO - Processing /opt/airflow/dags/lakehouse_bsg_dag.py took 0.070 seconds
[2026-02-18T13:07:04.718+0000] {processor.py:161} INFO - Started process (PID=1809) to work on /opt/airflow/dags/lakehouse_bsg_dag.py
[2026-02-18T13:07:04.719+0000] {processor.py:830} INFO - Processing file /opt/airflow/dags/lakehouse_bsg_dag.py for tasks to queue
[2026-02-18T13:07:04.720+0000] {logging_mixin.py:188} INFO - [2026-02-18T13:07:04.720+0000] {dagbag.py:545} INFO - Filling up the DagBag from /opt/airflow/dags/lakehouse_bsg_dag.py
[2026-02-18T13:07:04.738+0000] {processor.py:840} INFO - DAG(s) 'lakehouse_bronze_silver_gold' retrieved from /opt/airflow/dags/lakehouse_bsg_dag.py
[2026-02-18T13:07:04.765+0000] {logging_mixin.py:188} INFO - [2026-02-18T13:07:04.765+0000] {dag.py:3089} INFO - Sync 1 DAGs
[2026-02-18T13:07:04.776+0000] {logging_mixin.py:188} INFO - [2026-02-18T13:07:04.776+0000] {dag.py:3947} INFO - Setting next_dagrun for lakehouse_bronze_silver_gold to None, run_after=None
[2026-02-18T13:07:04.798+0000] {processor.py:183} INFO - Processing /opt/airflow/dags/lakehouse_bsg_dag.py took 0.085 seconds
[2026-02-18T13:07:38.296+0000] {processor.py:161} INFO - Started process (PID=1814) to work on /opt/airflow/dags/lakehouse_bsg_dag.py
[2026-02-18T13:07:38.297+0000] {processor.py:830} INFO - Processing file /opt/airflow/dags/lakehouse_bsg_dag.py for tasks to queue
[2026-02-18T13:07:38.299+0000] {logging_mixin.py:188} INFO - [2026-02-18T13:07:38.299+0000] {dagbag.py:545} INFO - Filling up the DagBag from /opt/airflow/dags/lakehouse_bsg_dag.py
[2026-02-18T13:07:38.314+0000] {processor.py:840} INFO - DAG(s) 'lakehouse_bronze_silver_gold' retrieved from /opt/airflow/dags/lakehouse_bsg_dag.py
[2026-02-18T13:07:38.343+0000] {logging_mixin.py:188} INFO - [2026-02-18T13:07:38.342+0000] {dag.py:3089} INFO - Sync 1 DAGs
[2026-02-18T13:07:38.354+0000] {logging_mixin.py:188} INFO - [2026-02-18T13:07:38.354+0000] {dag.py:3947} INFO - Setting next_dagrun for lakehouse_bronze_silver_gold to None, run_after=None
[2026-02-18T13:07:38.367+0000] {processor.py:183} INFO - Processing /opt/airflow/dags/lakehouse_bsg_dag.py took 0.076 seconds
[2026-02-18T13:08:11.802+0000] {processor.py:161} INFO - Started process (PID=1819) to work on /opt/airflow/dags/lakehouse_bsg_dag.py
[2026-02-18T13:08:11.804+0000] {processor.py:830} INFO - Processing file /opt/airflow/dags/lakehouse_bsg_dag.py for tasks to queue
[2026-02-18T13:08:11.811+0000] {logging_mixin.py:188} INFO - [2026-02-18T13:08:11.810+0000] {dagbag.py:545} INFO - Filling up the DagBag from /opt/airflow/dags/lakehouse_bsg_dag.py
[2026-02-18T13:08:11.843+0000] {processor.py:840} INFO - DAG(s) 'lakehouse_bronze_silver_gold' retrieved from /opt/airflow/dags/lakehouse_bsg_dag.py
[2026-02-18T13:08:11.894+0000] {logging_mixin.py:188} INFO - [2026-02-18T13:08:11.894+0000] {dag.py:3089} INFO - Sync 1 DAGs
[2026-02-18T13:08:11.916+0000] {logging_mixin.py:188} INFO - [2026-02-18T13:08:11.916+0000] {dag.py:3947} INFO - Setting next_dagrun for lakehouse_bronze_silver_gold to None, run_after=None
[2026-02-18T13:08:11.950+0000] {processor.py:183} INFO - Processing /opt/airflow/dags/lakehouse_bsg_dag.py took 0.161 seconds
[2026-02-18T13:08:45.395+0000] {processor.py:161} INFO - Started process (PID=1824) to work on /opt/airflow/dags/lakehouse_bsg_dag.py
[2026-02-18T13:08:45.397+0000] {processor.py:830} INFO - Processing file /opt/airflow/dags/lakehouse_bsg_dag.py for tasks to queue
[2026-02-18T13:08:45.399+0000] {logging_mixin.py:188} INFO - [2026-02-18T13:08:45.399+0000] {dagbag.py:545} INFO - Filling up the DagBag from /opt/airflow/dags/lakehouse_bsg_dag.py
[2026-02-18T13:08:45.421+0000] {processor.py:840} INFO - DAG(s) 'lakehouse_bronze_silver_gold' retrieved from /opt/airflow/dags/lakehouse_bsg_dag.py
[2026-02-18T13:08:45.457+0000] {logging_mixin.py:188} INFO - [2026-02-18T13:08:45.457+0000] {dag.py:3089} INFO - Sync 1 DAGs
[2026-02-18T13:08:45.468+0000] {logging_mixin.py:188} INFO - [2026-02-18T13:08:45.468+0000] {dag.py:3947} INFO - Setting next_dagrun for lakehouse_bronze_silver_gold to None, run_after=None
[2026-02-18T13:08:45.485+0000] {processor.py:183} INFO - Processing /opt/airflow/dags/lakehouse_bsg_dag.py took 0.094 seconds
[2026-02-18T13:35:13.554+0000] {processor.py:161} INFO - Started process (PID=1829) to work on /opt/airflow/dags/lakehouse_bsg_dag.py
[2026-02-18T13:35:13.566+0000] {processor.py:830} INFO - Processing file /opt/airflow/dags/lakehouse_bsg_dag.py for tasks to queue
[2026-02-18T13:35:13.668+0000] {logging_mixin.py:188} INFO - [2026-02-18T13:35:13.652+0000] {dagbag.py:545} INFO - Filling up the DagBag from /opt/airflow/dags/lakehouse_bsg_dag.py
[2026-02-18T13:35:14.974+0000] {processor.py:840} INFO - DAG(s) 'lakehouse_bronze_silver_gold' retrieved from /opt/airflow/dags/lakehouse_bsg_dag.py
[2026-02-18T13:35:17.701+0000] {logging_mixin.py:188} INFO - [2026-02-18T13:35:17.700+0000] {dag.py:3089} INFO - Sync 1 DAGs
[2026-02-18T13:35:18.414+0000] {logging_mixin.py:188} INFO - [2026-02-18T13:35:18.414+0000] {dag.py:3947} INFO - Setting next_dagrun for lakehouse_bronze_silver_gold to None, run_after=None
[2026-02-18T13:35:18.916+0000] {processor.py:183} INFO - Processing /opt/airflow/dags/lakehouse_bsg_dag.py took 5.536 seconds
[2026-02-18T16:45:56.100+0000] {processor.py:161} INFO - Started process (PID=1834) to work on /opt/airflow/dags/lakehouse_bsg_dag.py
[2026-02-18T16:45:56.116+0000] {processor.py:830} INFO - Processing file /opt/airflow/dags/lakehouse_bsg_dag.py for tasks to queue
[2026-02-18T16:45:56.187+0000] {logging_mixin.py:188} INFO - [2026-02-18T16:45:56.155+0000] {dagbag.py:545} INFO - Filling up the DagBag from /opt/airflow/dags/lakehouse_bsg_dag.py
[2026-02-18T16:45:56.695+0000] {processor.py:840} INFO - DAG(s) 'lakehouse_bronze_silver_gold' retrieved from /opt/airflow/dags/lakehouse_bsg_dag.py
[2026-02-18T16:45:56.987+0000] {logging_mixin.py:188} INFO - [2026-02-18T16:45:56.987+0000] {dag.py:3089} INFO - Sync 1 DAGs
[2026-02-18T16:45:57.135+0000] {logging_mixin.py:188} INFO - [2026-02-18T16:45:57.135+0000] {dag.py:3947} INFO - Setting next_dagrun for lakehouse_bronze_silver_gold to None, run_after=None
[2026-02-18T16:45:57.350+0000] {processor.py:183} INFO - Processing /opt/airflow/dags/lakehouse_bsg_dag.py took 1.380 seconds
[2026-02-18T16:46:28.196+0000] {processor.py:161} INFO - Started process (PID=1839) to work on /opt/airflow/dags/lakehouse_bsg_dag.py
[2026-02-18T16:46:28.201+0000] {processor.py:830} INFO - Processing file /opt/airflow/dags/lakehouse_bsg_dag.py for tasks to queue
[2026-02-18T16:46:28.215+0000] {logging_mixin.py:188} INFO - [2026-02-18T16:46:28.210+0000] {dagbag.py:545} INFO - Filling up the DagBag from /opt/airflow/dags/lakehouse_bsg_dag.py
[2026-02-18T16:46:28.269+0000] {processor.py:840} INFO - DAG(s) 'lakehouse_bronze_silver_gold' retrieved from /opt/airflow/dags/lakehouse_bsg_dag.py
[2026-02-18T16:46:28.365+0000] {logging_mixin.py:188} INFO - [2026-02-18T16:46:28.365+0000] {dag.py:3089} INFO - Sync 1 DAGs
[2026-02-18T16:46:28.411+0000] {logging_mixin.py:188} INFO - [2026-02-18T16:46:28.411+0000] {dag.py:3947} INFO - Setting next_dagrun for lakehouse_bronze_silver_gold to None, run_after=None
[2026-02-18T16:46:28.554+0000] {processor.py:183} INFO - Processing /opt/airflow/dags/lakehouse_bsg_dag.py took 0.380 seconds
[2026-02-18T16:46:59.912+0000] {processor.py:161} INFO - Started process (PID=1844) to work on /opt/airflow/dags/lakehouse_bsg_dag.py
[2026-02-18T16:47:00.491+0000] {processor.py:830} INFO - Processing file /opt/airflow/dags/lakehouse_bsg_dag.py for tasks to queue
[2026-02-18T16:47:00.602+0000] {logging_mixin.py:188} INFO - [2026-02-18T16:47:00.581+0000] {dagbag.py:545} INFO - Filling up the DagBag from /opt/airflow/dags/lakehouse_bsg_dag.py
[2026-02-18T16:47:01.243+0000] {processor.py:840} INFO - DAG(s) 'lakehouse_bronze_silver_gold' retrieved from /opt/airflow/dags/lakehouse_bsg_dag.py
[2026-02-18T16:47:02.143+0000] {logging_mixin.py:188} INFO - [2026-02-18T16:47:02.143+0000] {dag.py:3089} INFO - Sync 1 DAGs
[2026-02-18T16:47:02.301+0000] {logging_mixin.py:188} INFO - [2026-02-18T16:47:02.301+0000] {dag.py:3947} INFO - Setting next_dagrun for lakehouse_bronze_silver_gold to None, run_after=None
[2026-02-18T16:47:02.419+0000] {processor.py:183} INFO - Processing /opt/airflow/dags/lakehouse_bsg_dag.py took 3.015 seconds
[2026-02-18T16:47:33.554+0000] {processor.py:161} INFO - Started process (PID=1849) to work on /opt/airflow/dags/lakehouse_bsg_dag.py
[2026-02-18T16:47:33.565+0000] {processor.py:830} INFO - Processing file /opt/airflow/dags/lakehouse_bsg_dag.py for tasks to queue
[2026-02-18T16:47:33.610+0000] {logging_mixin.py:188} INFO - [2026-02-18T16:47:33.599+0000] {dagbag.py:545} INFO - Filling up the DagBag from /opt/airflow/dags/lakehouse_bsg_dag.py
[2026-02-18T16:47:34.442+0000] {processor.py:840} INFO - DAG(s) 'lakehouse_bronze_silver_gold' retrieved from /opt/airflow/dags/lakehouse_bsg_dag.py
[2026-02-18T16:47:34.700+0000] {logging_mixin.py:188} INFO - [2026-02-18T16:47:34.700+0000] {dag.py:3089} INFO - Sync 1 DAGs
[2026-02-18T16:47:34.836+0000] {logging_mixin.py:188} INFO - [2026-02-18T16:47:34.836+0000] {dag.py:3947} INFO - Setting next_dagrun for lakehouse_bronze_silver_gold to None, run_after=None
[2026-02-18T16:47:34.914+0000] {processor.py:183} INFO - Processing /opt/airflow/dags/lakehouse_bsg_dag.py took 1.459 seconds
[2026-02-18T16:48:08.603+0000] {processor.py:161} INFO - Started process (PID=1854) to work on /opt/airflow/dags/lakehouse_bsg_dag.py
[2026-02-18T16:48:08.605+0000] {processor.py:830} INFO - Processing file /opt/airflow/dags/lakehouse_bsg_dag.py for tasks to queue
[2026-02-18T16:48:08.607+0000] {logging_mixin.py:188} INFO - [2026-02-18T16:48:08.607+0000] {dagbag.py:545} INFO - Filling up the DagBag from /opt/airflow/dags/lakehouse_bsg_dag.py
[2026-02-18T16:48:08.631+0000] {processor.py:840} INFO - DAG(s) 'lakehouse_bronze_silver_gold' retrieved from /opt/airflow/dags/lakehouse_bsg_dag.py
[2026-02-18T16:48:08.667+0000] {logging_mixin.py:188} INFO - [2026-02-18T16:48:08.666+0000] {dag.py:3089} INFO - Sync 1 DAGs
[2026-02-18T16:48:08.677+0000] {logging_mixin.py:188} INFO - [2026-02-18T16:48:08.677+0000] {dag.py:3947} INFO - Setting next_dagrun for lakehouse_bronze_silver_gold to None, run_after=None
[2026-02-18T16:48:08.694+0000] {processor.py:183} INFO - Processing /opt/airflow/dags/lakehouse_bsg_dag.py took 0.096 seconds
[2026-02-18T16:48:38.977+0000] {processor.py:161} INFO - Started process (PID=1859) to work on /opt/airflow/dags/lakehouse_bsg_dag.py
[2026-02-18T16:48:38.978+0000] {processor.py:830} INFO - Processing file /opt/airflow/dags/lakehouse_bsg_dag.py for tasks to queue
[2026-02-18T16:48:38.979+0000] {logging_mixin.py:188} INFO - [2026-02-18T16:48:38.979+0000] {dagbag.py:545} INFO - Filling up the DagBag from /opt/airflow/dags/lakehouse_bsg_dag.py
[2026-02-18T16:48:38.995+0000] {processor.py:840} INFO - DAG(s) 'lakehouse_bronze_silver_gold' retrieved from /opt/airflow/dags/lakehouse_bsg_dag.py
[2026-02-18T16:48:39.023+0000] {logging_mixin.py:188} INFO - [2026-02-18T16:48:39.023+0000] {dag.py:3089} INFO - Sync 1 DAGs
[2026-02-18T16:48:39.034+0000] {logging_mixin.py:188} INFO - [2026-02-18T16:48:39.034+0000] {dag.py:3947} INFO - Setting next_dagrun for lakehouse_bronze_silver_gold to None, run_after=None
[2026-02-18T16:48:39.052+0000] {processor.py:183} INFO - Processing /opt/airflow/dags/lakehouse_bsg_dag.py took 0.080 seconds
[2026-02-18T16:49:09.866+0000] {processor.py:161} INFO - Started process (PID=1864) to work on /opt/airflow/dags/lakehouse_bsg_dag.py
[2026-02-18T16:49:09.867+0000] {processor.py:830} INFO - Processing file /opt/airflow/dags/lakehouse_bsg_dag.py for tasks to queue
[2026-02-18T16:49:09.868+0000] {logging_mixin.py:188} INFO - [2026-02-18T16:49:09.868+0000] {dagbag.py:545} INFO - Filling up the DagBag from /opt/airflow/dags/lakehouse_bsg_dag.py
[2026-02-18T16:49:09.885+0000] {processor.py:840} INFO - DAG(s) 'lakehouse_bronze_silver_gold' retrieved from /opt/airflow/dags/lakehouse_bsg_dag.py
[2026-02-18T16:49:09.910+0000] {logging_mixin.py:188} INFO - [2026-02-18T16:49:09.910+0000] {dag.py:3089} INFO - Sync 1 DAGs
[2026-02-18T16:49:09.920+0000] {logging_mixin.py:188} INFO - [2026-02-18T16:49:09.920+0000] {dag.py:3947} INFO - Setting next_dagrun for lakehouse_bronze_silver_gold to None, run_after=None
[2026-02-18T16:49:09.937+0000] {processor.py:183} INFO - Processing /opt/airflow/dags/lakehouse_bsg_dag.py took 0.075 seconds
[2026-02-18T16:49:40.901+0000] {processor.py:161} INFO - Started process (PID=1869) to work on /opt/airflow/dags/lakehouse_bsg_dag.py
[2026-02-18T16:49:40.902+0000] {processor.py:830} INFO - Processing file /opt/airflow/dags/lakehouse_bsg_dag.py for tasks to queue
[2026-02-18T16:49:40.904+0000] {logging_mixin.py:188} INFO - [2026-02-18T16:49:40.903+0000] {dagbag.py:545} INFO - Filling up the DagBag from /opt/airflow/dags/lakehouse_bsg_dag.py
[2026-02-18T16:49:40.922+0000] {processor.py:840} INFO - DAG(s) 'lakehouse_bronze_silver_gold' retrieved from /opt/airflow/dags/lakehouse_bsg_dag.py
[2026-02-18T16:49:40.945+0000] {logging_mixin.py:188} INFO - [2026-02-18T16:49:40.944+0000] {dag.py:3089} INFO - Sync 1 DAGs
[2026-02-18T16:49:40.954+0000] {logging_mixin.py:188} INFO - [2026-02-18T16:49:40.954+0000] {dag.py:3947} INFO - Setting next_dagrun for lakehouse_bronze_silver_gold to None, run_after=None
[2026-02-18T16:49:40.970+0000] {processor.py:183} INFO - Processing /opt/airflow/dags/lakehouse_bsg_dag.py took 0.074 seconds
[2026-02-18T16:50:11.934+0000] {processor.py:161} INFO - Started process (PID=1874) to work on /opt/airflow/dags/lakehouse_bsg_dag.py
[2026-02-18T16:50:11.935+0000] {processor.py:830} INFO - Processing file /opt/airflow/dags/lakehouse_bsg_dag.py for tasks to queue
[2026-02-18T16:50:11.936+0000] {logging_mixin.py:188} INFO - [2026-02-18T16:50:11.936+0000] {dagbag.py:545} INFO - Filling up the DagBag from /opt/airflow/dags/lakehouse_bsg_dag.py
[2026-02-18T16:50:11.950+0000] {processor.py:840} INFO - DAG(s) 'lakehouse_bronze_silver_gold' retrieved from /opt/airflow/dags/lakehouse_bsg_dag.py
[2026-02-18T16:50:11.976+0000] {logging_mixin.py:188} INFO - [2026-02-18T16:50:11.976+0000] {dag.py:3089} INFO - Sync 1 DAGs
[2026-02-18T16:50:11.987+0000] {logging_mixin.py:188} INFO - [2026-02-18T16:50:11.987+0000] {dag.py:3947} INFO - Setting next_dagrun for lakehouse_bronze_silver_gold to None, run_after=None
[2026-02-18T16:50:12.004+0000] {processor.py:183} INFO - Processing /opt/airflow/dags/lakehouse_bsg_dag.py took 0.075 seconds
[2026-02-18T16:50:44.844+0000] {processor.py:161} INFO - Started process (PID=1879) to work on /opt/airflow/dags/lakehouse_bsg_dag.py
[2026-02-18T16:50:44.845+0000] {processor.py:830} INFO - Processing file /opt/airflow/dags/lakehouse_bsg_dag.py for tasks to queue
[2026-02-18T16:50:44.847+0000] {logging_mixin.py:188} INFO - [2026-02-18T16:50:44.847+0000] {dagbag.py:545} INFO - Filling up the DagBag from /opt/airflow/dags/lakehouse_bsg_dag.py
[2026-02-18T16:50:44.862+0000] {processor.py:840} INFO - DAG(s) 'lakehouse_bronze_silver_gold' retrieved from /opt/airflow/dags/lakehouse_bsg_dag.py
[2026-02-18T16:50:44.901+0000] {logging_mixin.py:188} INFO - [2026-02-18T16:50:44.901+0000] {dag.py:3089} INFO - Sync 1 DAGs
[2026-02-18T16:50:44.911+0000] {logging_mixin.py:188} INFO - [2026-02-18T16:50:44.911+0000] {dag.py:3947} INFO - Setting next_dagrun for lakehouse_bronze_silver_gold to None, run_after=None
[2026-02-18T16:50:44.926+0000] {processor.py:183} INFO - Processing /opt/airflow/dags/lakehouse_bsg_dag.py took 0.085 seconds
[2026-02-18T16:51:17.741+0000] {processor.py:161} INFO - Started process (PID=1884) to work on /opt/airflow/dags/lakehouse_bsg_dag.py
[2026-02-18T16:51:17.742+0000] {processor.py:830} INFO - Processing file /opt/airflow/dags/lakehouse_bsg_dag.py for tasks to queue
[2026-02-18T16:51:17.744+0000] {logging_mixin.py:188} INFO - [2026-02-18T16:51:17.744+0000] {dagbag.py:545} INFO - Filling up the DagBag from /opt/airflow/dags/lakehouse_bsg_dag.py
[2026-02-18T16:51:17.763+0000] {processor.py:840} INFO - DAG(s) 'lakehouse_bronze_silver_gold' retrieved from /opt/airflow/dags/lakehouse_bsg_dag.py
[2026-02-18T16:51:17.791+0000] {logging_mixin.py:188} INFO - [2026-02-18T16:51:17.791+0000] {dag.py:3089} INFO - Sync 1 DAGs
[2026-02-18T16:51:17.802+0000] {logging_mixin.py:188} INFO - [2026-02-18T16:51:17.802+0000] {dag.py:3947} INFO - Setting next_dagrun for lakehouse_bronze_silver_gold to None, run_after=None
[2026-02-18T16:51:17.819+0000] {processor.py:183} INFO - Processing /opt/airflow/dags/lakehouse_bsg_dag.py took 0.083 seconds
[2026-02-18T16:51:50.646+0000] {processor.py:161} INFO - Started process (PID=1889) to work on /opt/airflow/dags/lakehouse_bsg_dag.py
[2026-02-18T16:51:50.647+0000] {processor.py:830} INFO - Processing file /opt/airflow/dags/lakehouse_bsg_dag.py for tasks to queue
[2026-02-18T16:51:50.648+0000] {logging_mixin.py:188} INFO - [2026-02-18T16:51:50.648+0000] {dagbag.py:545} INFO - Filling up the DagBag from /opt/airflow/dags/lakehouse_bsg_dag.py
[2026-02-18T16:51:50.667+0000] {processor.py:840} INFO - DAG(s) 'lakehouse_bronze_silver_gold' retrieved from /opt/airflow/dags/lakehouse_bsg_dag.py
[2026-02-18T16:51:50.690+0000] {logging_mixin.py:188} INFO - [2026-02-18T16:51:50.690+0000] {dag.py:3089} INFO - Sync 1 DAGs
[2026-02-18T16:51:50.700+0000] {logging_mixin.py:188} INFO - [2026-02-18T16:51:50.699+0000] {dag.py:3947} INFO - Setting next_dagrun for lakehouse_bronze_silver_gold to None, run_after=None
[2026-02-18T16:51:50.717+0000] {processor.py:183} INFO - Processing /opt/airflow/dags/lakehouse_bsg_dag.py took 0.076 seconds
[2026-02-18T16:52:23.552+0000] {processor.py:161} INFO - Started process (PID=1894) to work on /opt/airflow/dags/lakehouse_bsg_dag.py
[2026-02-18T16:52:23.553+0000] {processor.py:830} INFO - Processing file /opt/airflow/dags/lakehouse_bsg_dag.py for tasks to queue
[2026-02-18T16:52:23.554+0000] {logging_mixin.py:188} INFO - [2026-02-18T16:52:23.554+0000] {dagbag.py:545} INFO - Filling up the DagBag from /opt/airflow/dags/lakehouse_bsg_dag.py
[2026-02-18T16:52:23.568+0000] {processor.py:840} INFO - DAG(s) 'lakehouse_bronze_silver_gold' retrieved from /opt/airflow/dags/lakehouse_bsg_dag.py
[2026-02-18T16:52:23.591+0000] {logging_mixin.py:188} INFO - [2026-02-18T16:52:23.591+0000] {dag.py:3089} INFO - Sync 1 DAGs
[2026-02-18T16:52:23.601+0000] {logging_mixin.py:188} INFO - [2026-02-18T16:52:23.600+0000] {dag.py:3947} INFO - Setting next_dagrun for lakehouse_bronze_silver_gold to None, run_after=None
[2026-02-18T16:52:23.616+0000] {processor.py:183} INFO - Processing /opt/airflow/dags/lakehouse_bsg_dag.py took 0.068 seconds
[2026-02-18T16:52:56.514+0000] {processor.py:161} INFO - Started process (PID=1899) to work on /opt/airflow/dags/lakehouse_bsg_dag.py
[2026-02-18T16:52:56.515+0000] {processor.py:830} INFO - Processing file /opt/airflow/dags/lakehouse_bsg_dag.py for tasks to queue
[2026-02-18T16:52:56.516+0000] {logging_mixin.py:188} INFO - [2026-02-18T16:52:56.516+0000] {dagbag.py:545} INFO - Filling up the DagBag from /opt/airflow/dags/lakehouse_bsg_dag.py
[2026-02-18T16:52:56.535+0000] {processor.py:840} INFO - DAG(s) 'lakehouse_bronze_silver_gold' retrieved from /opt/airflow/dags/lakehouse_bsg_dag.py
[2026-02-18T16:52:56.560+0000] {logging_mixin.py:188} INFO - [2026-02-18T16:52:56.560+0000] {dag.py:3089} INFO - Sync 1 DAGs
[2026-02-18T16:52:56.569+0000] {logging_mixin.py:188} INFO - [2026-02-18T16:52:56.569+0000] {dag.py:3947} INFO - Setting next_dagrun for lakehouse_bronze_silver_gold to None, run_after=None
[2026-02-18T16:52:56.586+0000] {processor.py:183} INFO - Processing /opt/airflow/dags/lakehouse_bsg_dag.py took 0.076 seconds
[2026-02-18T16:53:28.470+0000] {processor.py:161} INFO - Started process (PID=1904) to work on /opt/airflow/dags/lakehouse_bsg_dag.py
[2026-02-18T16:53:28.471+0000] {processor.py:830} INFO - Processing file /opt/airflow/dags/lakehouse_bsg_dag.py for tasks to queue
[2026-02-18T16:53:28.473+0000] {logging_mixin.py:188} INFO - [2026-02-18T16:53:28.473+0000] {dagbag.py:545} INFO - Filling up the DagBag from /opt/airflow/dags/lakehouse_bsg_dag.py
[2026-02-18T16:53:28.488+0000] {processor.py:840} INFO - DAG(s) 'lakehouse_bronze_silver_gold' retrieved from /opt/airflow/dags/lakehouse_bsg_dag.py
[2026-02-18T16:53:28.515+0000] {logging_mixin.py:188} INFO - [2026-02-18T16:53:28.515+0000] {dag.py:3089} INFO - Sync 1 DAGs
[2026-02-18T16:53:28.525+0000] {logging_mixin.py:188} INFO - [2026-02-18T16:53:28.525+0000] {dag.py:3947} INFO - Setting next_dagrun for lakehouse_bronze_silver_gold to None, run_after=None
[2026-02-18T16:53:28.542+0000] {processor.py:183} INFO - Processing /opt/airflow/dags/lakehouse_bsg_dag.py took 0.075 seconds
[2026-02-18T16:54:01.417+0000] {processor.py:161} INFO - Started process (PID=1909) to work on /opt/airflow/dags/lakehouse_bsg_dag.py
[2026-02-18T16:54:01.436+0000] {processor.py:830} INFO - Processing file /opt/airflow/dags/lakehouse_bsg_dag.py for tasks to queue
[2026-02-18T16:54:01.443+0000] {logging_mixin.py:188} INFO - [2026-02-18T16:54:01.443+0000] {dagbag.py:545} INFO - Filling up the DagBag from /opt/airflow/dags/lakehouse_bsg_dag.py
[2026-02-18T16:54:01.488+0000] {processor.py:840} INFO - DAG(s) 'lakehouse_bronze_silver_gold' retrieved from /opt/airflow/dags/lakehouse_bsg_dag.py
[2026-02-18T16:54:01.534+0000] {logging_mixin.py:188} INFO - [2026-02-18T16:54:01.534+0000] {dag.py:3089} INFO - Sync 1 DAGs
[2026-02-18T16:54:01.549+0000] {logging_mixin.py:188} INFO - [2026-02-18T16:54:01.549+0000] {dag.py:3947} INFO - Setting next_dagrun for lakehouse_bronze_silver_gold to None, run_after=None
[2026-02-18T16:54:01.564+0000] {processor.py:183} INFO - Processing /opt/airflow/dags/lakehouse_bsg_dag.py took 0.166 seconds
[2026-02-18T16:54:34.387+0000] {processor.py:161} INFO - Started process (PID=1914) to work on /opt/airflow/dags/lakehouse_bsg_dag.py
[2026-02-18T16:54:34.389+0000] {processor.py:830} INFO - Processing file /opt/airflow/dags/lakehouse_bsg_dag.py for tasks to queue
[2026-02-18T16:54:34.390+0000] {logging_mixin.py:188} INFO - [2026-02-18T16:54:34.390+0000] {dagbag.py:545} INFO - Filling up the DagBag from /opt/airflow/dags/lakehouse_bsg_dag.py
[2026-02-18T16:54:34.405+0000] {processor.py:840} INFO - DAG(s) 'lakehouse_bronze_silver_gold' retrieved from /opt/airflow/dags/lakehouse_bsg_dag.py
[2026-02-18T16:54:34.432+0000] {logging_mixin.py:188} INFO - [2026-02-18T16:54:34.431+0000] {dag.py:3089} INFO - Sync 1 DAGs
[2026-02-18T16:54:34.441+0000] {logging_mixin.py:188} INFO - [2026-02-18T16:54:34.441+0000] {dag.py:3947} INFO - Setting next_dagrun for lakehouse_bronze_silver_gold to None, run_after=None
[2026-02-18T16:54:34.454+0000] {processor.py:183} INFO - Processing /opt/airflow/dags/lakehouse_bsg_dag.py took 0.071 seconds
[2026-02-18T16:55:07.254+0000] {processor.py:161} INFO - Started process (PID=1919) to work on /opt/airflow/dags/lakehouse_bsg_dag.py
[2026-02-18T16:55:07.255+0000] {processor.py:830} INFO - Processing file /opt/airflow/dags/lakehouse_bsg_dag.py for tasks to queue
[2026-02-18T16:55:07.256+0000] {logging_mixin.py:188} INFO - [2026-02-18T16:55:07.256+0000] {dagbag.py:545} INFO - Filling up the DagBag from /opt/airflow/dags/lakehouse_bsg_dag.py
[2026-02-18T16:55:07.269+0000] {processor.py:840} INFO - DAG(s) 'lakehouse_bronze_silver_gold' retrieved from /opt/airflow/dags/lakehouse_bsg_dag.py
[2026-02-18T16:55:07.294+0000] {logging_mixin.py:188} INFO - [2026-02-18T16:55:07.293+0000] {dag.py:3089} INFO - Sync 1 DAGs
[2026-02-18T16:55:07.303+0000] {logging_mixin.py:188} INFO - [2026-02-18T16:55:07.302+0000] {dag.py:3947} INFO - Setting next_dagrun for lakehouse_bronze_silver_gold to None, run_after=None
[2026-02-18T16:55:07.324+0000] {processor.py:183} INFO - Processing /opt/airflow/dags/lakehouse_bsg_dag.py took 0.074 seconds
[2026-02-18T16:55:39.242+0000] {processor.py:161} INFO - Started process (PID=1924) to work on /opt/airflow/dags/lakehouse_bsg_dag.py
[2026-02-18T16:55:39.244+0000] {processor.py:830} INFO - Processing file /opt/airflow/dags/lakehouse_bsg_dag.py for tasks to queue
[2026-02-18T16:55:39.245+0000] {logging_mixin.py:188} INFO - [2026-02-18T16:55:39.245+0000] {dagbag.py:545} INFO - Filling up the DagBag from /opt/airflow/dags/lakehouse_bsg_dag.py
[2026-02-18T16:55:39.263+0000] {processor.py:840} INFO - DAG(s) 'lakehouse_bronze_silver_gold' retrieved from /opt/airflow/dags/lakehouse_bsg_dag.py
[2026-02-18T16:55:39.287+0000] {logging_mixin.py:188} INFO - [2026-02-18T16:55:39.287+0000] {dag.py:3089} INFO - Sync 1 DAGs
[2026-02-18T16:55:39.298+0000] {logging_mixin.py:188} INFO - [2026-02-18T16:55:39.297+0000] {dag.py:3947} INFO - Setting next_dagrun for lakehouse_bronze_silver_gold to None, run_after=None
[2026-02-18T16:55:39.314+0000] {processor.py:183} INFO - Processing /opt/airflow/dags/lakehouse_bsg_dag.py took 0.076 seconds
[2026-02-18T16:56:12.197+0000] {processor.py:161} INFO - Started process (PID=1929) to work on /opt/airflow/dags/lakehouse_bsg_dag.py
[2026-02-18T16:56:12.198+0000] {processor.py:830} INFO - Processing file /opt/airflow/dags/lakehouse_bsg_dag.py for tasks to queue
[2026-02-18T16:56:12.200+0000] {logging_mixin.py:188} INFO - [2026-02-18T16:56:12.200+0000] {dagbag.py:545} INFO - Filling up the DagBag from /opt/airflow/dags/lakehouse_bsg_dag.py
[2026-02-18T16:56:12.215+0000] {processor.py:840} INFO - DAG(s) 'lakehouse_bronze_silver_gold' retrieved from /opt/airflow/dags/lakehouse_bsg_dag.py
[2026-02-18T16:56:12.245+0000] {logging_mixin.py:188} INFO - [2026-02-18T16:56:12.245+0000] {dag.py:3089} INFO - Sync 1 DAGs
[2026-02-18T16:56:12.256+0000] {logging_mixin.py:188} INFO - [2026-02-18T16:56:12.256+0000] {dag.py:3947} INFO - Setting next_dagrun for lakehouse_bronze_silver_gold to None, run_after=None
[2026-02-18T16:56:12.273+0000] {processor.py:183} INFO - Processing /opt/airflow/dags/lakehouse_bsg_dag.py took 0.080 seconds
[2026-02-18T17:06:19.120+0000] {processor.py:161} INFO - Started process (PID=1934) to work on /opt/airflow/dags/lakehouse_bsg_dag.py
[2026-02-18T17:06:19.130+0000] {processor.py:830} INFO - Processing file /opt/airflow/dags/lakehouse_bsg_dag.py for tasks to queue
[2026-02-18T17:06:19.134+0000] {logging_mixin.py:188} INFO - [2026-02-18T17:06:19.134+0000] {dagbag.py:545} INFO - Filling up the DagBag from /opt/airflow/dags/lakehouse_bsg_dag.py
[2026-02-18T17:06:19.171+0000] {processor.py:840} INFO - DAG(s) 'lakehouse_bronze_silver_gold' retrieved from /opt/airflow/dags/lakehouse_bsg_dag.py
[2026-02-18T17:06:19.456+0000] {logging_mixin.py:188} INFO - [2026-02-18T17:06:19.455+0000] {dag.py:3089} INFO - Sync 1 DAGs
[2026-02-18T17:06:19.558+0000] {logging_mixin.py:188} INFO - [2026-02-18T17:06:19.558+0000] {dag.py:3947} INFO - Setting next_dagrun for lakehouse_bronze_silver_gold to None, run_after=None
[2026-02-18T17:06:19.638+0000] {processor.py:183} INFO - Processing /opt/airflow/dags/lakehouse_bsg_dag.py took 0.527 seconds
[2026-02-18T17:06:50.069+0000] {processor.py:161} INFO - Started process (PID=1939) to work on /opt/airflow/dags/lakehouse_bsg_dag.py
[2026-02-18T17:06:50.071+0000] {processor.py:830} INFO - Processing file /opt/airflow/dags/lakehouse_bsg_dag.py for tasks to queue
[2026-02-18T17:06:50.077+0000] {logging_mixin.py:188} INFO - [2026-02-18T17:06:50.075+0000] {dagbag.py:545} INFO - Filling up the DagBag from /opt/airflow/dags/lakehouse_bsg_dag.py
[2026-02-18T17:06:50.156+0000] {processor.py:840} INFO - DAG(s) 'lakehouse_bronze_silver_gold' retrieved from /opt/airflow/dags/lakehouse_bsg_dag.py
[2026-02-18T17:06:50.232+0000] {logging_mixin.py:188} INFO - [2026-02-18T17:06:50.232+0000] {dag.py:3089} INFO - Sync 1 DAGs
[2026-02-18T17:06:50.255+0000] {logging_mixin.py:188} INFO - [2026-02-18T17:06:50.255+0000] {dag.py:3947} INFO - Setting next_dagrun for lakehouse_bronze_silver_gold to None, run_after=None
[2026-02-18T17:06:50.281+0000] {processor.py:183} INFO - Processing /opt/airflow/dags/lakehouse_bsg_dag.py took 0.230 seconds
[2026-02-18T17:07:20.427+0000] {processor.py:161} INFO - Started process (PID=1944) to work on /opt/airflow/dags/lakehouse_bsg_dag.py
[2026-02-18T17:07:20.428+0000] {processor.py:830} INFO - Processing file /opt/airflow/dags/lakehouse_bsg_dag.py for tasks to queue
[2026-02-18T17:07:20.430+0000] {logging_mixin.py:188} INFO - [2026-02-18T17:07:20.430+0000] {dagbag.py:545} INFO - Filling up the DagBag from /opt/airflow/dags/lakehouse_bsg_dag.py
[2026-02-18T17:07:20.453+0000] {processor.py:840} INFO - DAG(s) 'lakehouse_bronze_silver_gold' retrieved from /opt/airflow/dags/lakehouse_bsg_dag.py
[2026-02-18T17:07:20.487+0000] {logging_mixin.py:188} INFO - [2026-02-18T17:07:20.487+0000] {dag.py:3089} INFO - Sync 1 DAGs
[2026-02-18T17:07:20.501+0000] {logging_mixin.py:188} INFO - [2026-02-18T17:07:20.500+0000] {dag.py:3947} INFO - Setting next_dagrun for lakehouse_bronze_silver_gold to None, run_after=None
[2026-02-18T17:07:20.519+0000] {processor.py:183} INFO - Processing /opt/airflow/dags/lakehouse_bsg_dag.py took 0.096 seconds
[2026-02-18T17:07:51.294+0000] {processor.py:161} INFO - Started process (PID=1949) to work on /opt/airflow/dags/lakehouse_bsg_dag.py
[2026-02-18T17:07:51.296+0000] {processor.py:830} INFO - Processing file /opt/airflow/dags/lakehouse_bsg_dag.py for tasks to queue
[2026-02-18T17:07:51.298+0000] {logging_mixin.py:188} INFO - [2026-02-18T17:07:51.298+0000] {dagbag.py:545} INFO - Filling up the DagBag from /opt/airflow/dags/lakehouse_bsg_dag.py
[2026-02-18T17:07:51.314+0000] {processor.py:840} INFO - DAG(s) 'lakehouse_bronze_silver_gold' retrieved from /opt/airflow/dags/lakehouse_bsg_dag.py
[2026-02-18T17:07:51.342+0000] {logging_mixin.py:188} INFO - [2026-02-18T17:07:51.342+0000] {dag.py:3089} INFO - Sync 1 DAGs
[2026-02-18T17:07:51.353+0000] {logging_mixin.py:188} INFO - [2026-02-18T17:07:51.353+0000] {dag.py:3947} INFO - Setting next_dagrun for lakehouse_bronze_silver_gold to None, run_after=None
[2026-02-18T17:07:51.367+0000] {processor.py:183} INFO - Processing /opt/airflow/dags/lakehouse_bsg_dag.py took 0.078 seconds
[2026-02-18T17:08:22.353+0000] {processor.py:161} INFO - Started process (PID=1954) to work on /opt/airflow/dags/lakehouse_bsg_dag.py
[2026-02-18T17:08:22.354+0000] {processor.py:830} INFO - Processing file /opt/airflow/dags/lakehouse_bsg_dag.py for tasks to queue
[2026-02-18T17:08:22.355+0000] {logging_mixin.py:188} INFO - [2026-02-18T17:08:22.355+0000] {dagbag.py:545} INFO - Filling up the DagBag from /opt/airflow/dags/lakehouse_bsg_dag.py
[2026-02-18T17:08:22.373+0000] {processor.py:840} INFO - DAG(s) 'lakehouse_bronze_silver_gold' retrieved from /opt/airflow/dags/lakehouse_bsg_dag.py
[2026-02-18T17:08:22.397+0000] {logging_mixin.py:188} INFO - [2026-02-18T17:08:22.397+0000] {dag.py:3089} INFO - Sync 1 DAGs
[2026-02-18T17:08:22.408+0000] {logging_mixin.py:188} INFO - [2026-02-18T17:08:22.408+0000] {dag.py:3947} INFO - Setting next_dagrun for lakehouse_bronze_silver_gold to None, run_after=None
[2026-02-18T17:08:22.423+0000] {processor.py:183} INFO - Processing /opt/airflow/dags/lakehouse_bsg_dag.py took 0.074 seconds
[2026-02-18T17:08:53.250+0000] {processor.py:161} INFO - Started process (PID=1959) to work on /opt/airflow/dags/lakehouse_bsg_dag.py
[2026-02-18T17:08:53.251+0000] {processor.py:830} INFO - Processing file /opt/airflow/dags/lakehouse_bsg_dag.py for tasks to queue
[2026-02-18T17:08:53.253+0000] {logging_mixin.py:188} INFO - [2026-02-18T17:08:53.253+0000] {dagbag.py:545} INFO - Filling up the DagBag from /opt/airflow/dags/lakehouse_bsg_dag.py
[2026-02-18T17:08:53.275+0000] {processor.py:840} INFO - DAG(s) 'lakehouse_bronze_silver_gold' retrieved from /opt/airflow/dags/lakehouse_bsg_dag.py
[2026-02-18T17:08:53.307+0000] {logging_mixin.py:188} INFO - [2026-02-18T17:08:53.306+0000] {dag.py:3089} INFO - Sync 1 DAGs
[2026-02-18T17:08:53.317+0000] {logging_mixin.py:188} INFO - [2026-02-18T17:08:53.316+0000] {dag.py:3947} INFO - Setting next_dagrun for lakehouse_bronze_silver_gold to None, run_after=None
[2026-02-18T17:08:53.331+0000] {processor.py:183} INFO - Processing /opt/airflow/dags/lakehouse_bsg_dag.py took 0.086 seconds
[2026-02-18T17:09:24.200+0000] {processor.py:161} INFO - Started process (PID=1964) to work on /opt/airflow/dags/lakehouse_bsg_dag.py
[2026-02-18T17:09:24.203+0000] {processor.py:830} INFO - Processing file /opt/airflow/dags/lakehouse_bsg_dag.py for tasks to queue
[2026-02-18T17:09:24.208+0000] {logging_mixin.py:188} INFO - [2026-02-18T17:09:24.207+0000] {dagbag.py:545} INFO - Filling up the DagBag from /opt/airflow/dags/lakehouse_bsg_dag.py
[2026-02-18T17:09:24.238+0000] {processor.py:840} INFO - DAG(s) 'lakehouse_bronze_silver_gold' retrieved from /opt/airflow/dags/lakehouse_bsg_dag.py
[2026-02-18T17:09:24.431+0000] {logging_mixin.py:188} INFO - [2026-02-18T17:09:24.430+0000] {dag.py:3089} INFO - Sync 1 DAGs
[2026-02-18T17:09:24.525+0000] {logging_mixin.py:188} INFO - [2026-02-18T17:09:24.518+0000] {dag.py:3947} INFO - Setting next_dagrun for lakehouse_bronze_silver_gold to None, run_after=None
[2026-02-18T17:09:24.588+0000] {processor.py:183} INFO - Processing /opt/airflow/dags/lakehouse_bsg_dag.py took 0.398 seconds
[2026-02-18T17:09:55.092+0000] {processor.py:161} INFO - Started process (PID=1969) to work on /opt/airflow/dags/lakehouse_bsg_dag.py
[2026-02-18T17:09:55.093+0000] {processor.py:830} INFO - Processing file /opt/airflow/dags/lakehouse_bsg_dag.py for tasks to queue
[2026-02-18T17:09:55.096+0000] {logging_mixin.py:188} INFO - [2026-02-18T17:09:55.095+0000] {dagbag.py:545} INFO - Filling up the DagBag from /opt/airflow/dags/lakehouse_bsg_dag.py
[2026-02-18T17:09:55.112+0000] {processor.py:840} INFO - DAG(s) 'lakehouse_bronze_silver_gold' retrieved from /opt/airflow/dags/lakehouse_bsg_dag.py
[2026-02-18T17:09:55.139+0000] {logging_mixin.py:188} INFO - [2026-02-18T17:09:55.138+0000] {dag.py:3089} INFO - Sync 1 DAGs
[2026-02-18T17:09:55.149+0000] {logging_mixin.py:188} INFO - [2026-02-18T17:09:55.149+0000] {dag.py:3947} INFO - Setting next_dagrun for lakehouse_bronze_silver_gold to None, run_after=None
[2026-02-18T17:09:55.162+0000] {processor.py:183} INFO - Processing /opt/airflow/dags/lakehouse_bsg_dag.py took 0.074 seconds
[2026-02-18T17:10:25.996+0000] {processor.py:161} INFO - Started process (PID=1974) to work on /opt/airflow/dags/lakehouse_bsg_dag.py
[2026-02-18T17:10:25.997+0000] {processor.py:830} INFO - Processing file /opt/airflow/dags/lakehouse_bsg_dag.py for tasks to queue
[2026-02-18T17:10:25.998+0000] {logging_mixin.py:188} INFO - [2026-02-18T17:10:25.998+0000] {dagbag.py:545} INFO - Filling up the DagBag from /opt/airflow/dags/lakehouse_bsg_dag.py
[2026-02-18T17:10:26.014+0000] {processor.py:840} INFO - DAG(s) 'lakehouse_bronze_silver_gold' retrieved from /opt/airflow/dags/lakehouse_bsg_dag.py
[2026-02-18T17:10:26.042+0000] {logging_mixin.py:188} INFO - [2026-02-18T17:10:26.041+0000] {dag.py:3089} INFO - Sync 1 DAGs
[2026-02-18T17:10:26.052+0000] {logging_mixin.py:188} INFO - [2026-02-18T17:10:26.052+0000] {dag.py:3947} INFO - Setting next_dagrun for lakehouse_bronze_silver_gold to None, run_after=None
[2026-02-18T17:10:26.065+0000] {processor.py:183} INFO - Processing /opt/airflow/dags/lakehouse_bsg_dag.py took 0.074 seconds
[2026-02-18T17:10:56.943+0000] {processor.py:161} INFO - Started process (PID=1979) to work on /opt/airflow/dags/lakehouse_bsg_dag.py
[2026-02-18T17:10:56.943+0000] {processor.py:830} INFO - Processing file /opt/airflow/dags/lakehouse_bsg_dag.py for tasks to queue
[2026-02-18T17:10:56.945+0000] {logging_mixin.py:188} INFO - [2026-02-18T17:10:56.945+0000] {dagbag.py:545} INFO - Filling up the DagBag from /opt/airflow/dags/lakehouse_bsg_dag.py
[2026-02-18T17:10:56.960+0000] {processor.py:840} INFO - DAG(s) 'lakehouse_bronze_silver_gold' retrieved from /opt/airflow/dags/lakehouse_bsg_dag.py
[2026-02-18T17:10:56.984+0000] {logging_mixin.py:188} INFO - [2026-02-18T17:10:56.984+0000] {dag.py:3089} INFO - Sync 1 DAGs
[2026-02-18T17:10:56.994+0000] {logging_mixin.py:188} INFO - [2026-02-18T17:10:56.993+0000] {dag.py:3947} INFO - Setting next_dagrun for lakehouse_bronze_silver_gold to None, run_after=None
[2026-02-18T17:10:57.007+0000] {processor.py:183} INFO - Processing /opt/airflow/dags/lakehouse_bsg_dag.py took 0.069 seconds
[2026-02-18T17:11:29.931+0000] {processor.py:161} INFO - Started process (PID=1984) to work on /opt/airflow/dags/lakehouse_bsg_dag.py
[2026-02-18T17:11:29.932+0000] {processor.py:830} INFO - Processing file /opt/airflow/dags/lakehouse_bsg_dag.py for tasks to queue
[2026-02-18T17:11:29.934+0000] {logging_mixin.py:188} INFO - [2026-02-18T17:11:29.933+0000] {dagbag.py:545} INFO - Filling up the DagBag from /opt/airflow/dags/lakehouse_bsg_dag.py
[2026-02-18T17:11:29.948+0000] {processor.py:840} INFO - DAG(s) 'lakehouse_bronze_silver_gold' retrieved from /opt/airflow/dags/lakehouse_bsg_dag.py
[2026-02-18T17:11:29.972+0000] {logging_mixin.py:188} INFO - [2026-02-18T17:11:29.972+0000] {dag.py:3089} INFO - Sync 1 DAGs
[2026-02-18T17:11:29.982+0000] {logging_mixin.py:188} INFO - [2026-02-18T17:11:29.982+0000] {dag.py:3947} INFO - Setting next_dagrun for lakehouse_bronze_silver_gold to None, run_after=None
[2026-02-18T17:11:29.994+0000] {processor.py:183} INFO - Processing /opt/airflow/dags/lakehouse_bsg_dag.py took 0.067 seconds
[2026-02-18T17:12:02.774+0000] {processor.py:161} INFO - Started process (PID=1989) to work on /opt/airflow/dags/lakehouse_bsg_dag.py
[2026-02-18T17:12:02.775+0000] {processor.py:830} INFO - Processing file /opt/airflow/dags/lakehouse_bsg_dag.py for tasks to queue
[2026-02-18T17:12:02.777+0000] {logging_mixin.py:188} INFO - [2026-02-18T17:12:02.777+0000] {dagbag.py:545} INFO - Filling up the DagBag from /opt/airflow/dags/lakehouse_bsg_dag.py
[2026-02-18T17:12:02.792+0000] {processor.py:840} INFO - DAG(s) 'lakehouse_bronze_silver_gold' retrieved from /opt/airflow/dags/lakehouse_bsg_dag.py
[2026-02-18T17:12:02.817+0000] {logging_mixin.py:188} INFO - [2026-02-18T17:12:02.817+0000] {dag.py:3089} INFO - Sync 1 DAGs
[2026-02-18T17:12:02.827+0000] {logging_mixin.py:188} INFO - [2026-02-18T17:12:02.826+0000] {dag.py:3947} INFO - Setting next_dagrun for lakehouse_bronze_silver_gold to None, run_after=None
[2026-02-18T17:12:02.843+0000] {processor.py:183} INFO - Processing /opt/airflow/dags/lakehouse_bsg_dag.py took 0.073 seconds
[2026-02-18T17:12:35.754+0000] {processor.py:161} INFO - Started process (PID=1994) to work on /opt/airflow/dags/lakehouse_bsg_dag.py
[2026-02-18T17:12:35.755+0000] {processor.py:830} INFO - Processing file /opt/airflow/dags/lakehouse_bsg_dag.py for tasks to queue
[2026-02-18T17:12:35.757+0000] {logging_mixin.py:188} INFO - [2026-02-18T17:12:35.756+0000] {dagbag.py:545} INFO - Filling up the DagBag from /opt/airflow/dags/lakehouse_bsg_dag.py
[2026-02-18T17:12:35.774+0000] {processor.py:840} INFO - DAG(s) 'lakehouse_bronze_silver_gold' retrieved from /opt/airflow/dags/lakehouse_bsg_dag.py
[2026-02-18T17:12:35.800+0000] {logging_mixin.py:188} INFO - [2026-02-18T17:12:35.800+0000] {dag.py:3089} INFO - Sync 1 DAGs
[2026-02-18T17:12:35.810+0000] {logging_mixin.py:188} INFO - [2026-02-18T17:12:35.810+0000] {dag.py:3947} INFO - Setting next_dagrun for lakehouse_bronze_silver_gold to None, run_after=None
[2026-02-18T17:12:35.827+0000] {processor.py:183} INFO - Processing /opt/airflow/dags/lakehouse_bsg_dag.py took 0.077 seconds
[2026-02-18T17:13:07.691+0000] {processor.py:161} INFO - Started process (PID=1999) to work on /opt/airflow/dags/lakehouse_bsg_dag.py
[2026-02-18T17:13:07.693+0000] {processor.py:830} INFO - Processing file /opt/airflow/dags/lakehouse_bsg_dag.py for tasks to queue
[2026-02-18T17:13:07.695+0000] {logging_mixin.py:188} INFO - [2026-02-18T17:13:07.695+0000] {dagbag.py:545} INFO - Filling up the DagBag from /opt/airflow/dags/lakehouse_bsg_dag.py
[2026-02-18T17:13:07.713+0000] {processor.py:840} INFO - DAG(s) 'lakehouse_bronze_silver_gold' retrieved from /opt/airflow/dags/lakehouse_bsg_dag.py
[2026-02-18T17:13:07.739+0000] {logging_mixin.py:188} INFO - [2026-02-18T17:13:07.739+0000] {dag.py:3089} INFO - Sync 1 DAGs
[2026-02-18T17:13:07.750+0000] {logging_mixin.py:188} INFO - [2026-02-18T17:13:07.750+0000] {dag.py:3947} INFO - Setting next_dagrun for lakehouse_bronze_silver_gold to None, run_after=None
[2026-02-18T17:13:07.765+0000] {processor.py:183} INFO - Processing /opt/airflow/dags/lakehouse_bsg_dag.py took 0.079 seconds
[2026-02-18T17:13:40.528+0000] {processor.py:161} INFO - Started process (PID=2004) to work on /opt/airflow/dags/lakehouse_bsg_dag.py
[2026-02-18T17:13:40.529+0000] {processor.py:830} INFO - Processing file /opt/airflow/dags/lakehouse_bsg_dag.py for tasks to queue
[2026-02-18T17:13:40.531+0000] {logging_mixin.py:188} INFO - [2026-02-18T17:13:40.531+0000] {dagbag.py:545} INFO - Filling up the DagBag from /opt/airflow/dags/lakehouse_bsg_dag.py
[2026-02-18T17:13:40.551+0000] {processor.py:840} INFO - DAG(s) 'lakehouse_bronze_silver_gold' retrieved from /opt/airflow/dags/lakehouse_bsg_dag.py
[2026-02-18T17:13:40.577+0000] {logging_mixin.py:188} INFO - [2026-02-18T17:13:40.577+0000] {dag.py:3089} INFO - Sync 1 DAGs
[2026-02-18T17:13:40.587+0000] {logging_mixin.py:188} INFO - [2026-02-18T17:13:40.586+0000] {dag.py:3947} INFO - Setting next_dagrun for lakehouse_bronze_silver_gold to None, run_after=None
[2026-02-18T17:13:40.601+0000] {processor.py:183} INFO - Processing /opt/airflow/dags/lakehouse_bsg_dag.py took 0.078 seconds
[2026-02-18T17:14:13.518+0000] {processor.py:161} INFO - Started process (PID=2009) to work on /opt/airflow/dags/lakehouse_bsg_dag.py
[2026-02-18T17:14:13.519+0000] {processor.py:830} INFO - Processing file /opt/airflow/dags/lakehouse_bsg_dag.py for tasks to queue
[2026-02-18T17:14:13.522+0000] {logging_mixin.py:188} INFO - [2026-02-18T17:14:13.521+0000] {dagbag.py:545} INFO - Filling up the DagBag from /opt/airflow/dags/lakehouse_bsg_dag.py
[2026-02-18T17:14:13.537+0000] {processor.py:840} INFO - DAG(s) 'lakehouse_bronze_silver_gold' retrieved from /opt/airflow/dags/lakehouse_bsg_dag.py
[2026-02-18T17:14:13.565+0000] {logging_mixin.py:188} INFO - [2026-02-18T17:14:13.565+0000] {dag.py:3089} INFO - Sync 1 DAGs
[2026-02-18T17:14:13.576+0000] {logging_mixin.py:188} INFO - [2026-02-18T17:14:13.576+0000] {dag.py:3947} INFO - Setting next_dagrun for lakehouse_bronze_silver_gold to None, run_after=None
[2026-02-18T17:14:13.593+0000] {processor.py:183} INFO - Processing /opt/airflow/dags/lakehouse_bsg_dag.py took 0.079 seconds
[2026-02-18T17:14:46.655+0000] {processor.py:161} INFO - Started process (PID=2014) to work on /opt/airflow/dags/lakehouse_bsg_dag.py
[2026-02-18T17:14:46.658+0000] {processor.py:830} INFO - Processing file /opt/airflow/dags/lakehouse_bsg_dag.py for tasks to queue
[2026-02-18T17:14:46.688+0000] {logging_mixin.py:188} INFO - [2026-02-18T17:14:46.682+0000] {dagbag.py:545} INFO - Filling up the DagBag from /opt/airflow/dags/lakehouse_bsg_dag.py
[2026-02-18T17:14:46.884+0000] {processor.py:840} INFO - DAG(s) 'lakehouse_bronze_silver_gold' retrieved from /opt/airflow/dags/lakehouse_bsg_dag.py
[2026-02-18T17:14:47.132+0000] {logging_mixin.py:188} INFO - [2026-02-18T17:14:47.132+0000] {dag.py:3089} INFO - Sync 1 DAGs
[2026-02-18T17:14:47.230+0000] {logging_mixin.py:188} INFO - [2026-02-18T17:14:47.230+0000] {dag.py:3947} INFO - Setting next_dagrun for lakehouse_bronze_silver_gold to None, run_after=None
[2026-02-18T17:14:47.296+0000] {processor.py:183} INFO - Processing /opt/airflow/dags/lakehouse_bsg_dag.py took 0.716 seconds
[2026-02-18T17:15:19.238+0000] {processor.py:161} INFO - Started process (PID=2019) to work on /opt/airflow/dags/lakehouse_bsg_dag.py
[2026-02-18T17:15:19.240+0000] {processor.py:830} INFO - Processing file /opt/airflow/dags/lakehouse_bsg_dag.py for tasks to queue
[2026-02-18T17:15:19.244+0000] {logging_mixin.py:188} INFO - [2026-02-18T17:15:19.243+0000] {dagbag.py:545} INFO - Filling up the DagBag from /opt/airflow/dags/lakehouse_bsg_dag.py
[2026-02-18T17:15:19.269+0000] {processor.py:840} INFO - DAG(s) 'lakehouse_bronze_silver_gold' retrieved from /opt/airflow/dags/lakehouse_bsg_dag.py
[2026-02-18T17:15:19.313+0000] {logging_mixin.py:188} INFO - [2026-02-18T17:15:19.313+0000] {dag.py:3089} INFO - Sync 1 DAGs
[2026-02-18T17:15:19.328+0000] {logging_mixin.py:188} INFO - [2026-02-18T17:15:19.328+0000] {dag.py:3947} INFO - Setting next_dagrun for lakehouse_bronze_silver_gold to None, run_after=None
[2026-02-18T17:15:19.350+0000] {processor.py:183} INFO - Processing /opt/airflow/dags/lakehouse_bsg_dag.py took 0.121 seconds
[2026-02-18T17:15:52.159+0000] {processor.py:161} INFO - Started process (PID=2024) to work on /opt/airflow/dags/lakehouse_bsg_dag.py
[2026-02-18T17:15:52.164+0000] {processor.py:830} INFO - Processing file /opt/airflow/dags/lakehouse_bsg_dag.py for tasks to queue
[2026-02-18T17:15:52.174+0000] {logging_mixin.py:188} INFO - [2026-02-18T17:15:52.174+0000] {dagbag.py:545} INFO - Filling up the DagBag from /opt/airflow/dags/lakehouse_bsg_dag.py
[2026-02-18T17:15:52.226+0000] {processor.py:840} INFO - DAG(s) 'lakehouse_bronze_silver_gold' retrieved from /opt/airflow/dags/lakehouse_bsg_dag.py
[2026-02-18T17:15:52.308+0000] {logging_mixin.py:188} INFO - [2026-02-18T17:15:52.307+0000] {dag.py:3089} INFO - Sync 1 DAGs
[2026-02-18T17:15:52.339+0000] {logging_mixin.py:188} INFO - [2026-02-18T17:15:52.338+0000] {dag.py:3947} INFO - Setting next_dagrun for lakehouse_bronze_silver_gold to None, run_after=None
[2026-02-18T17:15:52.362+0000] {processor.py:183} INFO - Processing /opt/airflow/dags/lakehouse_bsg_dag.py took 0.240 seconds
[2026-02-18T17:16:24.422+0000] {processor.py:161} INFO - Started process (PID=2029) to work on /opt/airflow/dags/lakehouse_bsg_dag.py
[2026-02-18T17:16:24.425+0000] {processor.py:830} INFO - Processing file /opt/airflow/dags/lakehouse_bsg_dag.py for tasks to queue
[2026-02-18T17:16:24.453+0000] {logging_mixin.py:188} INFO - [2026-02-18T17:16:24.448+0000] {dagbag.py:545} INFO - Filling up the DagBag from /opt/airflow/dags/lakehouse_bsg_dag.py
[2026-02-18T17:16:24.639+0000] {processor.py:840} INFO - DAG(s) 'lakehouse_bronze_silver_gold' retrieved from /opt/airflow/dags/lakehouse_bsg_dag.py
[2026-02-18T17:16:24.921+0000] {logging_mixin.py:188} INFO - [2026-02-18T17:16:24.921+0000] {dag.py:3089} INFO - Sync 1 DAGs
[2026-02-18T17:16:25.140+0000] {logging_mixin.py:188} INFO - [2026-02-18T17:16:25.140+0000] {dag.py:3947} INFO - Setting next_dagrun for lakehouse_bronze_silver_gold to None, run_after=None
[2026-02-18T17:16:25.201+0000] {processor.py:183} INFO - Processing /opt/airflow/dags/lakehouse_bsg_dag.py took 0.850 seconds
[2026-02-18T17:16:57.104+0000] {processor.py:161} INFO - Started process (PID=2034) to work on /opt/airflow/dags/lakehouse_bsg_dag.py
[2026-02-18T17:16:57.106+0000] {processor.py:830} INFO - Processing file /opt/airflow/dags/lakehouse_bsg_dag.py for tasks to queue
[2026-02-18T17:16:57.107+0000] {logging_mixin.py:188} INFO - [2026-02-18T17:16:57.107+0000] {dagbag.py:545} INFO - Filling up the DagBag from /opt/airflow/dags/lakehouse_bsg_dag.py
[2026-02-18T17:16:57.123+0000] {processor.py:840} INFO - DAG(s) 'lakehouse_bronze_silver_gold' retrieved from /opt/airflow/dags/lakehouse_bsg_dag.py
[2026-02-18T17:16:57.163+0000] {logging_mixin.py:188} INFO - [2026-02-18T17:16:57.163+0000] {dag.py:3089} INFO - Sync 1 DAGs
[2026-02-18T17:16:57.175+0000] {logging_mixin.py:188} INFO - [2026-02-18T17:16:57.174+0000] {dag.py:3947} INFO - Setting next_dagrun for lakehouse_bronze_silver_gold to None, run_after=None
[2026-02-18T17:16:57.194+0000] {processor.py:183} INFO - Processing /opt/airflow/dags/lakehouse_bsg_dag.py took 0.095 seconds
[2026-02-18T17:17:29.998+0000] {processor.py:161} INFO - Started process (PID=2039) to work on /opt/airflow/dags/lakehouse_bsg_dag.py
[2026-02-18T17:17:30.000+0000] {processor.py:830} INFO - Processing file /opt/airflow/dags/lakehouse_bsg_dag.py for tasks to queue
[2026-02-18T17:17:30.001+0000] {logging_mixin.py:188} INFO - [2026-02-18T17:17:30.001+0000] {dagbag.py:545} INFO - Filling up the DagBag from /opt/airflow/dags/lakehouse_bsg_dag.py
[2026-02-18T17:17:30.022+0000] {processor.py:840} INFO - DAG(s) 'lakehouse_bronze_silver_gold' retrieved from /opt/airflow/dags/lakehouse_bsg_dag.py
[2026-02-18T17:17:30.060+0000] {logging_mixin.py:188} INFO - [2026-02-18T17:17:30.060+0000] {dag.py:3089} INFO - Sync 1 DAGs
[2026-02-18T17:17:30.071+0000] {logging_mixin.py:188} INFO - [2026-02-18T17:17:30.071+0000] {dag.py:3947} INFO - Setting next_dagrun for lakehouse_bronze_silver_gold to None, run_after=None
[2026-02-18T17:17:30.090+0000] {processor.py:183} INFO - Processing /opt/airflow/dags/lakehouse_bsg_dag.py took 0.097 seconds
[2026-02-18T17:18:02.939+0000] {processor.py:161} INFO - Started process (PID=2044) to work on /opt/airflow/dags/lakehouse_bsg_dag.py
[2026-02-18T17:18:02.941+0000] {processor.py:830} INFO - Processing file /opt/airflow/dags/lakehouse_bsg_dag.py for tasks to queue
[2026-02-18T17:18:02.944+0000] {logging_mixin.py:188} INFO - [2026-02-18T17:18:02.943+0000] {dagbag.py:545} INFO - Filling up the DagBag from /opt/airflow/dags/lakehouse_bsg_dag.py
[2026-02-18T17:18:02.965+0000] {processor.py:840} INFO - DAG(s) 'lakehouse_bronze_silver_gold' retrieved from /opt/airflow/dags/lakehouse_bsg_dag.py
[2026-02-18T17:18:03.001+0000] {logging_mixin.py:188} INFO - [2026-02-18T17:18:03.001+0000] {dag.py:3089} INFO - Sync 1 DAGs
[2026-02-18T17:18:03.013+0000] {logging_mixin.py:188} INFO - [2026-02-18T17:18:03.013+0000] {dag.py:3947} INFO - Setting next_dagrun for lakehouse_bronze_silver_gold to None, run_after=None
[2026-02-18T17:18:03.031+0000] {processor.py:183} INFO - Processing /opt/airflow/dags/lakehouse_bsg_dag.py took 0.100 seconds
[2026-02-18T17:18:35.928+0000] {processor.py:161} INFO - Started process (PID=2049) to work on /opt/airflow/dags/lakehouse_bsg_dag.py
[2026-02-18T17:18:35.930+0000] {processor.py:830} INFO - Processing file /opt/airflow/dags/lakehouse_bsg_dag.py for tasks to queue
[2026-02-18T17:18:35.946+0000] {logging_mixin.py:188} INFO - [2026-02-18T17:18:35.944+0000] {dagbag.py:545} INFO - Filling up the DagBag from /opt/airflow/dags/lakehouse_bsg_dag.py
[2026-02-18T17:18:36.012+0000] {processor.py:840} INFO - DAG(s) 'lakehouse_bronze_silver_gold' retrieved from /opt/airflow/dags/lakehouse_bsg_dag.py
[2026-02-18T17:18:36.120+0000] {logging_mixin.py:188} INFO - [2026-02-18T17:18:36.120+0000] {dag.py:3089} INFO - Sync 1 DAGs
[2026-02-18T17:18:36.153+0000] {logging_mixin.py:188} INFO - [2026-02-18T17:18:36.153+0000] {dag.py:3947} INFO - Setting next_dagrun for lakehouse_bronze_silver_gold to None, run_after=None
[2026-02-18T17:18:36.190+0000] {processor.py:183} INFO - Processing /opt/airflow/dags/lakehouse_bsg_dag.py took 0.293 seconds
[2026-02-18T17:19:07.946+0000] {processor.py:161} INFO - Started process (PID=2054) to work on /opt/airflow/dags/lakehouse_bsg_dag.py
[2026-02-18T17:19:07.948+0000] {processor.py:830} INFO - Processing file /opt/airflow/dags/lakehouse_bsg_dag.py for tasks to queue
[2026-02-18T17:19:07.950+0000] {logging_mixin.py:188} INFO - [2026-02-18T17:19:07.950+0000] {dagbag.py:545} INFO - Filling up the DagBag from /opt/airflow/dags/lakehouse_bsg_dag.py
[2026-02-18T17:19:07.967+0000] {processor.py:840} INFO - DAG(s) 'lakehouse_bronze_silver_gold' retrieved from /opt/airflow/dags/lakehouse_bsg_dag.py
[2026-02-18T17:19:07.997+0000] {logging_mixin.py:188} INFO - [2026-02-18T17:19:07.997+0000] {dag.py:3089} INFO - Sync 1 DAGs
[2026-02-18T17:19:08.008+0000] {logging_mixin.py:188} INFO - [2026-02-18T17:19:08.007+0000] {dag.py:3947} INFO - Setting next_dagrun for lakehouse_bronze_silver_gold to None, run_after=None
[2026-02-18T17:19:08.023+0000] {processor.py:183} INFO - Processing /opt/airflow/dags/lakehouse_bsg_dag.py took 0.082 seconds
[2026-02-18T17:19:40.816+0000] {processor.py:161} INFO - Started process (PID=2059) to work on /opt/airflow/dags/lakehouse_bsg_dag.py
[2026-02-18T17:19:40.817+0000] {processor.py:830} INFO - Processing file /opt/airflow/dags/lakehouse_bsg_dag.py for tasks to queue
[2026-02-18T17:19:40.820+0000] {logging_mixin.py:188} INFO - [2026-02-18T17:19:40.819+0000] {dagbag.py:545} INFO - Filling up the DagBag from /opt/airflow/dags/lakehouse_bsg_dag.py
[2026-02-18T17:19:40.835+0000] {processor.py:840} INFO - DAG(s) 'lakehouse_bronze_silver_gold' retrieved from /opt/airflow/dags/lakehouse_bsg_dag.py
[2026-02-18T17:19:40.861+0000] {logging_mixin.py:188} INFO - [2026-02-18T17:19:40.861+0000] {dag.py:3089} INFO - Sync 1 DAGs
[2026-02-18T17:19:40.872+0000] {logging_mixin.py:188} INFO - [2026-02-18T17:19:40.871+0000] {dag.py:3947} INFO - Setting next_dagrun for lakehouse_bronze_silver_gold to None, run_after=None
[2026-02-18T17:19:40.885+0000] {processor.py:183} INFO - Processing /opt/airflow/dags/lakehouse_bsg_dag.py took 0.073 seconds
[2026-02-18T17:20:13.631+0000] {processor.py:161} INFO - Started process (PID=2064) to work on /opt/airflow/dags/lakehouse_bsg_dag.py
[2026-02-18T17:20:13.632+0000] {processor.py:830} INFO - Processing file /opt/airflow/dags/lakehouse_bsg_dag.py for tasks to queue
[2026-02-18T17:20:13.634+0000] {logging_mixin.py:188} INFO - [2026-02-18T17:20:13.634+0000] {dagbag.py:545} INFO - Filling up the DagBag from /opt/airflow/dags/lakehouse_bsg_dag.py
[2026-02-18T17:20:13.651+0000] {processor.py:840} INFO - DAG(s) 'lakehouse_bronze_silver_gold' retrieved from /opt/airflow/dags/lakehouse_bsg_dag.py
[2026-02-18T17:20:13.681+0000] {logging_mixin.py:188} INFO - [2026-02-18T17:20:13.681+0000] {dag.py:3089} INFO - Sync 1 DAGs
[2026-02-18T17:20:13.697+0000] {logging_mixin.py:188} INFO - [2026-02-18T17:20:13.697+0000] {dag.py:3947} INFO - Setting next_dagrun for lakehouse_bronze_silver_gold to None, run_after=None
[2026-02-18T17:20:13.713+0000] {processor.py:183} INFO - Processing /opt/airflow/dags/lakehouse_bsg_dag.py took 0.086 seconds
[2026-02-18T17:20:46.605+0000] {processor.py:161} INFO - Started process (PID=2069) to work on /opt/airflow/dags/lakehouse_bsg_dag.py
[2026-02-18T17:20:46.606+0000] {processor.py:830} INFO - Processing file /opt/airflow/dags/lakehouse_bsg_dag.py for tasks to queue
[2026-02-18T17:20:46.608+0000] {logging_mixin.py:188} INFO - [2026-02-18T17:20:46.607+0000] {dagbag.py:545} INFO - Filling up the DagBag from /opt/airflow/dags/lakehouse_bsg_dag.py
[2026-02-18T17:20:46.623+0000] {processor.py:840} INFO - DAG(s) 'lakehouse_bronze_silver_gold' retrieved from /opt/airflow/dags/lakehouse_bsg_dag.py
[2026-02-18T17:20:46.647+0000] {logging_mixin.py:188} INFO - [2026-02-18T17:20:46.646+0000] {dag.py:3089} INFO - Sync 1 DAGs
[2026-02-18T17:20:46.656+0000] {logging_mixin.py:188} INFO - [2026-02-18T17:20:46.656+0000] {dag.py:3947} INFO - Setting next_dagrun for lakehouse_bronze_silver_gold to None, run_after=None
[2026-02-18T17:20:46.669+0000] {processor.py:183} INFO - Processing /opt/airflow/dags/lakehouse_bsg_dag.py took 0.069 seconds
[2026-02-18T17:21:19.545+0000] {processor.py:161} INFO - Started process (PID=2074) to work on /opt/airflow/dags/lakehouse_bsg_dag.py
[2026-02-18T17:21:19.546+0000] {processor.py:830} INFO - Processing file /opt/airflow/dags/lakehouse_bsg_dag.py for tasks to queue
[2026-02-18T17:21:19.548+0000] {logging_mixin.py:188} INFO - [2026-02-18T17:21:19.548+0000] {dagbag.py:545} INFO - Filling up the DagBag from /opt/airflow/dags/lakehouse_bsg_dag.py
[2026-02-18T17:21:19.564+0000] {processor.py:840} INFO - DAG(s) 'lakehouse_bronze_silver_gold' retrieved from /opt/airflow/dags/lakehouse_bsg_dag.py
[2026-02-18T17:21:19.593+0000] {logging_mixin.py:188} INFO - [2026-02-18T17:21:19.593+0000] {dag.py:3089} INFO - Sync 1 DAGs
[2026-02-18T17:21:19.604+0000] {logging_mixin.py:188} INFO - [2026-02-18T17:21:19.603+0000] {dag.py:3947} INFO - Setting next_dagrun for lakehouse_bronze_silver_gold to None, run_after=None
[2026-02-18T17:21:19.617+0000] {processor.py:183} INFO - Processing /opt/airflow/dags/lakehouse_bsg_dag.py took 0.077 seconds
[2026-02-18T17:21:51.412+0000] {processor.py:161} INFO - Started process (PID=2079) to work on /opt/airflow/dags/lakehouse_bsg_dag.py
[2026-02-18T17:21:51.413+0000] {processor.py:830} INFO - Processing file /opt/airflow/dags/lakehouse_bsg_dag.py for tasks to queue
[2026-02-18T17:21:51.414+0000] {logging_mixin.py:188} INFO - [2026-02-18T17:21:51.414+0000] {dagbag.py:545} INFO - Filling up the DagBag from /opt/airflow/dags/lakehouse_bsg_dag.py
[2026-02-18T17:21:51.429+0000] {processor.py:840} INFO - DAG(s) 'lakehouse_bronze_silver_gold' retrieved from /opt/airflow/dags/lakehouse_bsg_dag.py
[2026-02-18T17:21:51.454+0000] {logging_mixin.py:188} INFO - [2026-02-18T17:21:51.454+0000] {dag.py:3089} INFO - Sync 1 DAGs
[2026-02-18T17:21:51.466+0000] {logging_mixin.py:188} INFO - [2026-02-18T17:21:51.466+0000] {dag.py:3947} INFO - Setting next_dagrun for lakehouse_bronze_silver_gold to None, run_after=None
[2026-02-18T17:21:51.483+0000] {processor.py:183} INFO - Processing /opt/airflow/dags/lakehouse_bsg_dag.py took 0.077 seconds
[2026-02-18T17:22:24.356+0000] {processor.py:161} INFO - Started process (PID=2084) to work on /opt/airflow/dags/lakehouse_bsg_dag.py
[2026-02-18T17:22:24.357+0000] {processor.py:830} INFO - Processing file /opt/airflow/dags/lakehouse_bsg_dag.py for tasks to queue
[2026-02-18T17:22:24.359+0000] {logging_mixin.py:188} INFO - [2026-02-18T17:22:24.359+0000] {dagbag.py:545} INFO - Filling up the DagBag from /opt/airflow/dags/lakehouse_bsg_dag.py
[2026-02-18T17:22:24.388+0000] {processor.py:840} INFO - DAG(s) 'lakehouse_bronze_silver_gold' retrieved from /opt/airflow/dags/lakehouse_bsg_dag.py
[2026-02-18T17:22:24.414+0000] {logging_mixin.py:188} INFO - [2026-02-18T17:22:24.414+0000] {dag.py:3089} INFO - Sync 1 DAGs
[2026-02-18T17:22:24.424+0000] {logging_mixin.py:188} INFO - [2026-02-18T17:22:24.424+0000] {dag.py:3947} INFO - Setting next_dagrun for lakehouse_bronze_silver_gold to None, run_after=None
[2026-02-18T17:22:24.441+0000] {processor.py:183} INFO - Processing /opt/airflow/dags/lakehouse_bsg_dag.py took 0.090 seconds
[2026-02-18T17:22:57.468+0000] {processor.py:161} INFO - Started process (PID=2089) to work on /opt/airflow/dags/lakehouse_bsg_dag.py
[2026-02-18T17:22:57.469+0000] {processor.py:830} INFO - Processing file /opt/airflow/dags/lakehouse_bsg_dag.py for tasks to queue
[2026-02-18T17:22:57.471+0000] {logging_mixin.py:188} INFO - [2026-02-18T17:22:57.471+0000] {dagbag.py:545} INFO - Filling up the DagBag from /opt/airflow/dags/lakehouse_bsg_dag.py
[2026-02-18T17:22:57.528+0000] {processor.py:840} INFO - DAG(s) 'lakehouse_bronze_silver_gold' retrieved from /opt/airflow/dags/lakehouse_bsg_dag.py
[2026-02-18T17:22:57.567+0000] {logging_mixin.py:188} INFO - [2026-02-18T17:22:57.566+0000] {dag.py:3089} INFO - Sync 1 DAGs
[2026-02-18T17:22:57.580+0000] {logging_mixin.py:188} INFO - [2026-02-18T17:22:57.580+0000] {dag.py:3947} INFO - Setting next_dagrun for lakehouse_bronze_silver_gold to None, run_after=None
[2026-02-18T17:22:57.596+0000] {processor.py:183} INFO - Processing /opt/airflow/dags/lakehouse_bsg_dag.py took 0.134 seconds
[2026-02-18T17:23:30.369+0000] {processor.py:161} INFO - Started process (PID=2094) to work on /opt/airflow/dags/lakehouse_bsg_dag.py
[2026-02-18T17:23:30.370+0000] {processor.py:830} INFO - Processing file /opt/airflow/dags/lakehouse_bsg_dag.py for tasks to queue
[2026-02-18T17:23:30.371+0000] {logging_mixin.py:188} INFO - [2026-02-18T17:23:30.371+0000] {dagbag.py:545} INFO - Filling up the DagBag from /opt/airflow/dags/lakehouse_bsg_dag.py
[2026-02-18T17:23:30.387+0000] {processor.py:840} INFO - DAG(s) 'lakehouse_bronze_silver_gold' retrieved from /opt/airflow/dags/lakehouse_bsg_dag.py
[2026-02-18T17:23:30.412+0000] {logging_mixin.py:188} INFO - [2026-02-18T17:23:30.412+0000] {dag.py:3089} INFO - Sync 1 DAGs
[2026-02-18T17:23:30.422+0000] {logging_mixin.py:188} INFO - [2026-02-18T17:23:30.422+0000] {dag.py:3947} INFO - Setting next_dagrun for lakehouse_bronze_silver_gold to None, run_after=None
[2026-02-18T17:23:30.438+0000] {processor.py:183} INFO - Processing /opt/airflow/dags/lakehouse_bsg_dag.py took 0.073 seconds
[2026-02-18T17:24:03.207+0000] {processor.py:161} INFO - Started process (PID=2099) to work on /opt/airflow/dags/lakehouse_bsg_dag.py
[2026-02-18T17:24:03.209+0000] {processor.py:830} INFO - Processing file /opt/airflow/dags/lakehouse_bsg_dag.py for tasks to queue
[2026-02-18T17:24:03.210+0000] {logging_mixin.py:188} INFO - [2026-02-18T17:24:03.210+0000] {dagbag.py:545} INFO - Filling up the DagBag from /opt/airflow/dags/lakehouse_bsg_dag.py
[2026-02-18T17:24:03.225+0000] {processor.py:840} INFO - DAG(s) 'lakehouse_bronze_silver_gold' retrieved from /opt/airflow/dags/lakehouse_bsg_dag.py
[2026-02-18T17:24:03.250+0000] {logging_mixin.py:188} INFO - [2026-02-18T17:24:03.250+0000] {dag.py:3089} INFO - Sync 1 DAGs
[2026-02-18T17:24:03.260+0000] {logging_mixin.py:188} INFO - [2026-02-18T17:24:03.260+0000] {dag.py:3947} INFO - Setting next_dagrun for lakehouse_bronze_silver_gold to None, run_after=None
[2026-02-18T17:24:03.275+0000] {processor.py:183} INFO - Processing /opt/airflow/dags/lakehouse_bsg_dag.py took 0.073 seconds
[2026-02-18T17:24:35.174+0000] {processor.py:161} INFO - Started process (PID=2104) to work on /opt/airflow/dags/lakehouse_bsg_dag.py
[2026-02-18T17:24:35.175+0000] {processor.py:830} INFO - Processing file /opt/airflow/dags/lakehouse_bsg_dag.py for tasks to queue
[2026-02-18T17:24:35.176+0000] {logging_mixin.py:188} INFO - [2026-02-18T17:24:35.176+0000] {dagbag.py:545} INFO - Filling up the DagBag from /opt/airflow/dags/lakehouse_bsg_dag.py
[2026-02-18T17:24:35.194+0000] {processor.py:840} INFO - DAG(s) 'lakehouse_bronze_silver_gold' retrieved from /opt/airflow/dags/lakehouse_bsg_dag.py
[2026-02-18T17:24:35.219+0000] {logging_mixin.py:188} INFO - [2026-02-18T17:24:35.219+0000] {dag.py:3089} INFO - Sync 1 DAGs
[2026-02-18T17:24:35.230+0000] {logging_mixin.py:188} INFO - [2026-02-18T17:24:35.229+0000] {dag.py:3947} INFO - Setting next_dagrun for lakehouse_bronze_silver_gold to None, run_after=None
[2026-02-18T17:24:35.245+0000] {processor.py:183} INFO - Processing /opt/airflow/dags/lakehouse_bsg_dag.py took 0.075 seconds
[2026-02-18T17:25:08.027+0000] {processor.py:161} INFO - Started process (PID=2109) to work on /opt/airflow/dags/lakehouse_bsg_dag.py
[2026-02-18T17:25:08.028+0000] {processor.py:830} INFO - Processing file /opt/airflow/dags/lakehouse_bsg_dag.py for tasks to queue
[2026-02-18T17:25:08.029+0000] {logging_mixin.py:188} INFO - [2026-02-18T17:25:08.029+0000] {dagbag.py:545} INFO - Filling up the DagBag from /opt/airflow/dags/lakehouse_bsg_dag.py
[2026-02-18T17:25:08.042+0000] {processor.py:840} INFO - DAG(s) 'lakehouse_bronze_silver_gold' retrieved from /opt/airflow/dags/lakehouse_bsg_dag.py
[2026-02-18T17:25:08.065+0000] {logging_mixin.py:188} INFO - [2026-02-18T17:25:08.065+0000] {dag.py:3089} INFO - Sync 1 DAGs
[2026-02-18T17:25:08.074+0000] {logging_mixin.py:188} INFO - [2026-02-18T17:25:08.074+0000] {dag.py:3947} INFO - Setting next_dagrun for lakehouse_bronze_silver_gold to None, run_after=None
[2026-02-18T17:25:08.089+0000] {processor.py:183} INFO - Processing /opt/airflow/dags/lakehouse_bsg_dag.py took 0.067 seconds
[2026-02-18T17:25:40.893+0000] {processor.py:161} INFO - Started process (PID=2114) to work on /opt/airflow/dags/lakehouse_bsg_dag.py
[2026-02-18T17:25:40.894+0000] {processor.py:830} INFO - Processing file /opt/airflow/dags/lakehouse_bsg_dag.py for tasks to queue
[2026-02-18T17:25:40.896+0000] {logging_mixin.py:188} INFO - [2026-02-18T17:25:40.895+0000] {dagbag.py:545} INFO - Filling up the DagBag from /opt/airflow/dags/lakehouse_bsg_dag.py
[2026-02-18T17:25:40.912+0000] {processor.py:840} INFO - DAG(s) 'lakehouse_bronze_silver_gold' retrieved from /opt/airflow/dags/lakehouse_bsg_dag.py
[2026-02-18T17:25:40.943+0000] {logging_mixin.py:188} INFO - [2026-02-18T17:25:40.943+0000] {dag.py:3089} INFO - Sync 1 DAGs
[2026-02-18T17:25:40.956+0000] {logging_mixin.py:188} INFO - [2026-02-18T17:25:40.956+0000] {dag.py:3947} INFO - Setting next_dagrun for lakehouse_bronze_silver_gold to None, run_after=None
[2026-02-18T17:25:40.976+0000] {processor.py:183} INFO - Processing /opt/airflow/dags/lakehouse_bsg_dag.py took 0.088 seconds
[2026-02-18T17:26:13.867+0000] {processor.py:161} INFO - Started process (PID=2119) to work on /opt/airflow/dags/lakehouse_bsg_dag.py
[2026-02-18T17:26:13.868+0000] {processor.py:830} INFO - Processing file /opt/airflow/dags/lakehouse_bsg_dag.py for tasks to queue
[2026-02-18T17:26:13.870+0000] {logging_mixin.py:188} INFO - [2026-02-18T17:26:13.870+0000] {dagbag.py:545} INFO - Filling up the DagBag from /opt/airflow/dags/lakehouse_bsg_dag.py
[2026-02-18T17:26:13.887+0000] {processor.py:840} INFO - DAG(s) 'lakehouse_bronze_silver_gold' retrieved from /opt/airflow/dags/lakehouse_bsg_dag.py
[2026-02-18T17:26:13.914+0000] {logging_mixin.py:188} INFO - [2026-02-18T17:26:13.914+0000] {dag.py:3089} INFO - Sync 1 DAGs
[2026-02-18T17:26:13.925+0000] {logging_mixin.py:188} INFO - [2026-02-18T17:26:13.925+0000] {dag.py:3947} INFO - Setting next_dagrun for lakehouse_bronze_silver_gold to None, run_after=None
[2026-02-18T17:26:13.940+0000] {processor.py:183} INFO - Processing /opt/airflow/dags/lakehouse_bsg_dag.py took 0.078 seconds
[2026-02-18T17:26:46.807+0000] {processor.py:161} INFO - Started process (PID=2124) to work on /opt/airflow/dags/lakehouse_bsg_dag.py
[2026-02-18T17:26:46.808+0000] {processor.py:830} INFO - Processing file /opt/airflow/dags/lakehouse_bsg_dag.py for tasks to queue
[2026-02-18T17:26:46.810+0000] {logging_mixin.py:188} INFO - [2026-02-18T17:26:46.810+0000] {dagbag.py:545} INFO - Filling up the DagBag from /opt/airflow/dags/lakehouse_bsg_dag.py
[2026-02-18T17:26:46.826+0000] {processor.py:840} INFO - DAG(s) 'lakehouse_bronze_silver_gold' retrieved from /opt/airflow/dags/lakehouse_bsg_dag.py
[2026-02-18T17:26:46.853+0000] {logging_mixin.py:188} INFO - [2026-02-18T17:26:46.853+0000] {dag.py:3089} INFO - Sync 1 DAGs
[2026-02-18T17:26:46.863+0000] {logging_mixin.py:188} INFO - [2026-02-18T17:26:46.863+0000] {dag.py:3947} INFO - Setting next_dagrun for lakehouse_bronze_silver_gold to None, run_after=None
[2026-02-18T17:26:46.878+0000] {processor.py:183} INFO - Processing /opt/airflow/dags/lakehouse_bsg_dag.py took 0.076 seconds
[2026-02-18T17:27:18.690+0000] {processor.py:161} INFO - Started process (PID=2129) to work on /opt/airflow/dags/lakehouse_bsg_dag.py
[2026-02-18T17:27:18.691+0000] {processor.py:830} INFO - Processing file /opt/airflow/dags/lakehouse_bsg_dag.py for tasks to queue
[2026-02-18T17:27:18.693+0000] {logging_mixin.py:188} INFO - [2026-02-18T17:27:18.692+0000] {dagbag.py:545} INFO - Filling up the DagBag from /opt/airflow/dags/lakehouse_bsg_dag.py
[2026-02-18T17:27:18.707+0000] {processor.py:840} INFO - DAG(s) 'lakehouse_bronze_silver_gold' retrieved from /opt/airflow/dags/lakehouse_bsg_dag.py
[2026-02-18T17:27:18.731+0000] {logging_mixin.py:188} INFO - [2026-02-18T17:27:18.731+0000] {dag.py:3089} INFO - Sync 1 DAGs
[2026-02-18T17:27:18.741+0000] {logging_mixin.py:188} INFO - [2026-02-18T17:27:18.741+0000] {dag.py:3947} INFO - Setting next_dagrun for lakehouse_bronze_silver_gold to None, run_after=None
[2026-02-18T17:27:18.755+0000] {processor.py:183} INFO - Processing /opt/airflow/dags/lakehouse_bsg_dag.py took 0.069 seconds
[2026-02-18T17:27:51.697+0000] {processor.py:161} INFO - Started process (PID=2134) to work on /opt/airflow/dags/lakehouse_bsg_dag.py
[2026-02-18T17:27:51.698+0000] {processor.py:830} INFO - Processing file /opt/airflow/dags/lakehouse_bsg_dag.py for tasks to queue
[2026-02-18T17:27:51.700+0000] {logging_mixin.py:188} INFO - [2026-02-18T17:27:51.700+0000] {dagbag.py:545} INFO - Filling up the DagBag from /opt/airflow/dags/lakehouse_bsg_dag.py
[2026-02-18T17:27:51.715+0000] {processor.py:840} INFO - DAG(s) 'lakehouse_bronze_silver_gold' retrieved from /opt/airflow/dags/lakehouse_bsg_dag.py
[2026-02-18T17:27:51.738+0000] {logging_mixin.py:188} INFO - [2026-02-18T17:27:51.738+0000] {dag.py:3089} INFO - Sync 1 DAGs
[2026-02-18T17:27:51.747+0000] {logging_mixin.py:188} INFO - [2026-02-18T17:27:51.747+0000] {dag.py:3947} INFO - Setting next_dagrun for lakehouse_bronze_silver_gold to None, run_after=None
[2026-02-18T17:27:51.761+0000] {processor.py:183} INFO - Processing /opt/airflow/dags/lakehouse_bsg_dag.py took 0.068 seconds
[2026-02-18T17:28:24.545+0000] {processor.py:161} INFO - Started process (PID=2139) to work on /opt/airflow/dags/lakehouse_bsg_dag.py
[2026-02-18T17:28:24.546+0000] {processor.py:830} INFO - Processing file /opt/airflow/dags/lakehouse_bsg_dag.py for tasks to queue
[2026-02-18T17:28:24.549+0000] {logging_mixin.py:188} INFO - [2026-02-18T17:28:24.548+0000] {dagbag.py:545} INFO - Filling up the DagBag from /opt/airflow/dags/lakehouse_bsg_dag.py
[2026-02-18T17:28:24.570+0000] {processor.py:840} INFO - DAG(s) 'lakehouse_bronze_silver_gold' retrieved from /opt/airflow/dags/lakehouse_bsg_dag.py
[2026-02-18T17:28:24.596+0000] {logging_mixin.py:188} INFO - [2026-02-18T17:28:24.596+0000] {dag.py:3089} INFO - Sync 1 DAGs
[2026-02-18T17:28:24.607+0000] {logging_mixin.py:188} INFO - [2026-02-18T17:28:24.606+0000] {dag.py:3947} INFO - Setting next_dagrun for lakehouse_bronze_silver_gold to None, run_after=None
[2026-02-18T17:28:24.622+0000] {processor.py:183} INFO - Processing /opt/airflow/dags/lakehouse_bsg_dag.py took 0.082 seconds
[2026-02-18T17:28:57.492+0000] {processor.py:161} INFO - Started process (PID=2144) to work on /opt/airflow/dags/lakehouse_bsg_dag.py
[2026-02-18T17:28:57.498+0000] {processor.py:830} INFO - Processing file /opt/airflow/dags/lakehouse_bsg_dag.py for tasks to queue
[2026-02-18T17:28:57.500+0000] {logging_mixin.py:188} INFO - [2026-02-18T17:28:57.500+0000] {dagbag.py:545} INFO - Filling up the DagBag from /opt/airflow/dags/lakehouse_bsg_dag.py
[2026-02-18T17:28:57.537+0000] {processor.py:840} INFO - DAG(s) 'lakehouse_bronze_silver_gold' retrieved from /opt/airflow/dags/lakehouse_bsg_dag.py
[2026-02-18T17:28:57.569+0000] {logging_mixin.py:188} INFO - [2026-02-18T17:28:57.569+0000] {dag.py:3089} INFO - Sync 1 DAGs
[2026-02-18T17:28:57.581+0000] {logging_mixin.py:188} INFO - [2026-02-18T17:28:57.581+0000] {dag.py:3947} INFO - Setting next_dagrun for lakehouse_bronze_silver_gold to None, run_after=None
[2026-02-18T17:28:57.598+0000] {processor.py:183} INFO - Processing /opt/airflow/dags/lakehouse_bsg_dag.py took 0.111 seconds
[2026-02-18T17:29:30.379+0000] {processor.py:161} INFO - Started process (PID=2149) to work on /opt/airflow/dags/lakehouse_bsg_dag.py
[2026-02-18T17:29:30.381+0000] {processor.py:830} INFO - Processing file /opt/airflow/dags/lakehouse_bsg_dag.py for tasks to queue
[2026-02-18T17:29:30.382+0000] {logging_mixin.py:188} INFO - [2026-02-18T17:29:30.382+0000] {dagbag.py:545} INFO - Filling up the DagBag from /opt/airflow/dags/lakehouse_bsg_dag.py
[2026-02-18T17:29:30.401+0000] {processor.py:840} INFO - DAG(s) 'lakehouse_bronze_silver_gold' retrieved from /opt/airflow/dags/lakehouse_bsg_dag.py
[2026-02-18T17:29:30.430+0000] {logging_mixin.py:188} INFO - [2026-02-18T17:29:30.430+0000] {dag.py:3089} INFO - Sync 1 DAGs
[2026-02-18T17:29:30.441+0000] {logging_mixin.py:188} INFO - [2026-02-18T17:29:30.441+0000] {dag.py:3947} INFO - Setting next_dagrun for lakehouse_bronze_silver_gold to None, run_after=None
[2026-02-18T17:29:30.457+0000] {processor.py:183} INFO - Processing /opt/airflow/dags/lakehouse_bsg_dag.py took 0.082 seconds
[2026-02-18T17:30:03.235+0000] {processor.py:161} INFO - Started process (PID=2154) to work on /opt/airflow/dags/lakehouse_bsg_dag.py
[2026-02-18T17:30:03.237+0000] {processor.py:830} INFO - Processing file /opt/airflow/dags/lakehouse_bsg_dag.py for tasks to queue
[2026-02-18T17:30:03.239+0000] {logging_mixin.py:188} INFO - [2026-02-18T17:30:03.239+0000] {dagbag.py:545} INFO - Filling up the DagBag from /opt/airflow/dags/lakehouse_bsg_dag.py
[2026-02-18T17:30:03.255+0000] {processor.py:840} INFO - DAG(s) 'lakehouse_bronze_silver_gold' retrieved from /opt/airflow/dags/lakehouse_bsg_dag.py
[2026-02-18T17:30:03.284+0000] {logging_mixin.py:188} INFO - [2026-02-18T17:30:03.284+0000] {dag.py:3089} INFO - Sync 1 DAGs
[2026-02-18T17:30:03.294+0000] {logging_mixin.py:188} INFO - [2026-02-18T17:30:03.294+0000] {dag.py:3947} INFO - Setting next_dagrun for lakehouse_bronze_silver_gold to None, run_after=None
[2026-02-18T17:30:03.311+0000] {processor.py:183} INFO - Processing /opt/airflow/dags/lakehouse_bsg_dag.py took 0.081 seconds
[2026-02-18T17:30:35.186+0000] {processor.py:161} INFO - Started process (PID=2159) to work on /opt/airflow/dags/lakehouse_bsg_dag.py
[2026-02-18T17:30:35.187+0000] {processor.py:830} INFO - Processing file /opt/airflow/dags/lakehouse_bsg_dag.py for tasks to queue
[2026-02-18T17:30:35.189+0000] {logging_mixin.py:188} INFO - [2026-02-18T17:30:35.189+0000] {dagbag.py:545} INFO - Filling up the DagBag from /opt/airflow/dags/lakehouse_bsg_dag.py
[2026-02-18T17:30:35.209+0000] {processor.py:840} INFO - DAG(s) 'lakehouse_bronze_silver_gold' retrieved from /opt/airflow/dags/lakehouse_bsg_dag.py
[2026-02-18T17:30:35.245+0000] {logging_mixin.py:188} INFO - [2026-02-18T17:30:35.245+0000] {dag.py:3089} INFO - Sync 1 DAGs
[2026-02-18T17:30:35.256+0000] {logging_mixin.py:188} INFO - [2026-02-18T17:30:35.256+0000] {dag.py:3947} INFO - Setting next_dagrun for lakehouse_bronze_silver_gold to None, run_after=None
[2026-02-18T17:30:35.274+0000] {processor.py:183} INFO - Processing /opt/airflow/dags/lakehouse_bsg_dag.py took 0.092 seconds
[2026-02-18T17:31:08.091+0000] {processor.py:161} INFO - Started process (PID=2164) to work on /opt/airflow/dags/lakehouse_bsg_dag.py
[2026-02-18T17:31:08.092+0000] {processor.py:830} INFO - Processing file /opt/airflow/dags/lakehouse_bsg_dag.py for tasks to queue
[2026-02-18T17:31:08.094+0000] {logging_mixin.py:188} INFO - [2026-02-18T17:31:08.093+0000] {dagbag.py:545} INFO - Filling up the DagBag from /opt/airflow/dags/lakehouse_bsg_dag.py
[2026-02-18T17:31:08.114+0000] {processor.py:840} INFO - DAG(s) 'lakehouse_bronze_silver_gold' retrieved from /opt/airflow/dags/lakehouse_bsg_dag.py
[2026-02-18T17:31:08.141+0000] {logging_mixin.py:188} INFO - [2026-02-18T17:31:08.141+0000] {dag.py:3089} INFO - Sync 1 DAGs
[2026-02-18T17:31:08.151+0000] {logging_mixin.py:188} INFO - [2026-02-18T17:31:08.151+0000] {dag.py:3947} INFO - Setting next_dagrun for lakehouse_bronze_silver_gold to None, run_after=None
[2026-02-18T17:31:08.166+0000] {processor.py:183} INFO - Processing /opt/airflow/dags/lakehouse_bsg_dag.py took 0.081 seconds
[2026-02-18T17:31:41.050+0000] {processor.py:161} INFO - Started process (PID=2169) to work on /opt/airflow/dags/lakehouse_bsg_dag.py
[2026-02-18T17:31:41.051+0000] {processor.py:830} INFO - Processing file /opt/airflow/dags/lakehouse_bsg_dag.py for tasks to queue
[2026-02-18T17:31:41.053+0000] {logging_mixin.py:188} INFO - [2026-02-18T17:31:41.053+0000] {dagbag.py:545} INFO - Filling up the DagBag from /opt/airflow/dags/lakehouse_bsg_dag.py
[2026-02-18T17:31:41.074+0000] {processor.py:840} INFO - DAG(s) 'lakehouse_bronze_silver_gold' retrieved from /opt/airflow/dags/lakehouse_bsg_dag.py
[2026-02-18T17:31:41.105+0000] {logging_mixin.py:188} INFO - [2026-02-18T17:31:41.105+0000] {dag.py:3089} INFO - Sync 1 DAGs
[2026-02-18T17:31:41.116+0000] {logging_mixin.py:188} INFO - [2026-02-18T17:31:41.116+0000] {dag.py:3947} INFO - Setting next_dagrun for lakehouse_bronze_silver_gold to None, run_after=None
[2026-02-18T17:31:41.133+0000] {processor.py:183} INFO - Processing /opt/airflow/dags/lakehouse_bsg_dag.py took 0.088 seconds
[2026-02-18T17:32:13.963+0000] {processor.py:161} INFO - Started process (PID=2174) to work on /opt/airflow/dags/lakehouse_bsg_dag.py
[2026-02-18T17:32:13.965+0000] {processor.py:830} INFO - Processing file /opt/airflow/dags/lakehouse_bsg_dag.py for tasks to queue
[2026-02-18T17:32:13.967+0000] {logging_mixin.py:188} INFO - [2026-02-18T17:32:13.967+0000] {dagbag.py:545} INFO - Filling up the DagBag from /opt/airflow/dags/lakehouse_bsg_dag.py
[2026-02-18T17:32:13.990+0000] {processor.py:840} INFO - DAG(s) 'lakehouse_bronze_silver_gold' retrieved from /opt/airflow/dags/lakehouse_bsg_dag.py
[2026-02-18T17:32:14.031+0000] {logging_mixin.py:188} INFO - [2026-02-18T17:32:14.031+0000] {dag.py:3089} INFO - Sync 1 DAGs
[2026-02-18T17:32:14.046+0000] {logging_mixin.py:188} INFO - [2026-02-18T17:32:14.046+0000] {dag.py:3947} INFO - Setting next_dagrun for lakehouse_bronze_silver_gold to None, run_after=None
[2026-02-18T17:32:14.066+0000] {processor.py:183} INFO - Processing /opt/airflow/dags/lakehouse_bsg_dag.py took 0.111 seconds
[2026-02-18T17:32:45.952+0000] {processor.py:161} INFO - Started process (PID=2179) to work on /opt/airflow/dags/lakehouse_bsg_dag.py
[2026-02-18T17:32:45.953+0000] {processor.py:830} INFO - Processing file /opt/airflow/dags/lakehouse_bsg_dag.py for tasks to queue
[2026-02-18T17:32:45.955+0000] {logging_mixin.py:188} INFO - [2026-02-18T17:32:45.955+0000] {dagbag.py:545} INFO - Filling up the DagBag from /opt/airflow/dags/lakehouse_bsg_dag.py
[2026-02-18T17:32:45.973+0000] {processor.py:840} INFO - DAG(s) 'lakehouse_bronze_silver_gold' retrieved from /opt/airflow/dags/lakehouse_bsg_dag.py
[2026-02-18T17:32:46.002+0000] {logging_mixin.py:188} INFO - [2026-02-18T17:32:46.002+0000] {dag.py:3089} INFO - Sync 1 DAGs
[2026-02-18T17:32:46.012+0000] {logging_mixin.py:188} INFO - [2026-02-18T17:32:46.012+0000] {dag.py:3947} INFO - Setting next_dagrun for lakehouse_bronze_silver_gold to None, run_after=None
[2026-02-18T17:32:46.030+0000] {processor.py:183} INFO - Processing /opt/airflow/dags/lakehouse_bsg_dag.py took 0.083 seconds
[2026-02-18T17:33:18.814+0000] {processor.py:161} INFO - Started process (PID=2184) to work on /opt/airflow/dags/lakehouse_bsg_dag.py
[2026-02-18T17:33:18.819+0000] {processor.py:830} INFO - Processing file /opt/airflow/dags/lakehouse_bsg_dag.py for tasks to queue
[2026-02-18T17:33:18.821+0000] {logging_mixin.py:188} INFO - [2026-02-18T17:33:18.821+0000] {dagbag.py:545} INFO - Filling up the DagBag from /opt/airflow/dags/lakehouse_bsg_dag.py
[2026-02-18T17:33:18.848+0000] {processor.py:840} INFO - DAG(s) 'lakehouse_bronze_silver_gold' retrieved from /opt/airflow/dags/lakehouse_bsg_dag.py
[2026-02-18T17:33:18.876+0000] {logging_mixin.py:188} INFO - [2026-02-18T17:33:18.876+0000] {dag.py:3089} INFO - Sync 1 DAGs
[2026-02-18T17:33:18.886+0000] {logging_mixin.py:188} INFO - [2026-02-18T17:33:18.886+0000] {dag.py:3947} INFO - Setting next_dagrun for lakehouse_bronze_silver_gold to None, run_after=None
[2026-02-18T17:33:18.902+0000] {processor.py:183} INFO - Processing /opt/airflow/dags/lakehouse_bsg_dag.py took 0.095 seconds
[2026-02-18T17:33:51.781+0000] {processor.py:161} INFO - Started process (PID=2189) to work on /opt/airflow/dags/lakehouse_bsg_dag.py
[2026-02-18T17:33:51.782+0000] {processor.py:830} INFO - Processing file /opt/airflow/dags/lakehouse_bsg_dag.py for tasks to queue
[2026-02-18T17:33:51.784+0000] {logging_mixin.py:188} INFO - [2026-02-18T17:33:51.784+0000] {dagbag.py:545} INFO - Filling up the DagBag from /opt/airflow/dags/lakehouse_bsg_dag.py
[2026-02-18T17:33:51.809+0000] {processor.py:840} INFO - DAG(s) 'lakehouse_bronze_silver_gold' retrieved from /opt/airflow/dags/lakehouse_bsg_dag.py
[2026-02-18T17:33:51.846+0000] {logging_mixin.py:188} INFO - [2026-02-18T17:33:51.846+0000] {dag.py:3089} INFO - Sync 1 DAGs
[2026-02-18T17:33:51.857+0000] {logging_mixin.py:188} INFO - [2026-02-18T17:33:51.857+0000] {dag.py:3947} INFO - Setting next_dagrun for lakehouse_bronze_silver_gold to None, run_after=None
[2026-02-18T17:33:51.874+0000] {processor.py:183} INFO - Processing /opt/airflow/dags/lakehouse_bsg_dag.py took 0.104 seconds
[2026-02-18T17:34:24.770+0000] {processor.py:161} INFO - Started process (PID=2194) to work on /opt/airflow/dags/lakehouse_bsg_dag.py
[2026-02-18T17:34:24.772+0000] {processor.py:830} INFO - Processing file /opt/airflow/dags/lakehouse_bsg_dag.py for tasks to queue
[2026-02-18T17:34:24.774+0000] {logging_mixin.py:188} INFO - [2026-02-18T17:34:24.774+0000] {dagbag.py:545} INFO - Filling up the DagBag from /opt/airflow/dags/lakehouse_bsg_dag.py
[2026-02-18T17:34:24.803+0000] {processor.py:840} INFO - DAG(s) 'lakehouse_bronze_silver_gold' retrieved from /opt/airflow/dags/lakehouse_bsg_dag.py
[2026-02-18T17:34:24.859+0000] {logging_mixin.py:188} INFO - [2026-02-18T17:34:24.858+0000] {dag.py:3089} INFO - Sync 1 DAGs
[2026-02-18T17:34:24.880+0000] {logging_mixin.py:188} INFO - [2026-02-18T17:34:24.880+0000] {dag.py:3947} INFO - Setting next_dagrun for lakehouse_bronze_silver_gold to None, run_after=None
[2026-02-18T17:34:24.905+0000] {processor.py:183} INFO - Processing /opt/airflow/dags/lakehouse_bsg_dag.py took 0.140 seconds
[2026-02-18T17:34:57.931+0000] {processor.py:161} INFO - Started process (PID=2199) to work on /opt/airflow/dags/lakehouse_bsg_dag.py
[2026-02-18T17:34:57.933+0000] {processor.py:830} INFO - Processing file /opt/airflow/dags/lakehouse_bsg_dag.py for tasks to queue
[2026-02-18T17:34:57.934+0000] {logging_mixin.py:188} INFO - [2026-02-18T17:34:57.934+0000] {dagbag.py:545} INFO - Filling up the DagBag from /opt/airflow/dags/lakehouse_bsg_dag.py
[2026-02-18T17:34:57.950+0000] {processor.py:840} INFO - DAG(s) 'lakehouse_bronze_silver_gold' retrieved from /opt/airflow/dags/lakehouse_bsg_dag.py
[2026-02-18T17:34:57.975+0000] {logging_mixin.py:188} INFO - [2026-02-18T17:34:57.975+0000] {dag.py:3089} INFO - Sync 1 DAGs
[2026-02-18T17:34:57.986+0000] {logging_mixin.py:188} INFO - [2026-02-18T17:34:57.986+0000] {dag.py:3947} INFO - Setting next_dagrun for lakehouse_bronze_silver_gold to None, run_after=None
[2026-02-18T17:34:58.000+0000] {processor.py:183} INFO - Processing /opt/airflow/dags/lakehouse_bsg_dag.py took 0.074 seconds
[2026-02-18T17:35:31.033+0000] {processor.py:161} INFO - Started process (PID=2204) to work on /opt/airflow/dags/lakehouse_bsg_dag.py
[2026-02-18T17:35:31.034+0000] {processor.py:830} INFO - Processing file /opt/airflow/dags/lakehouse_bsg_dag.py for tasks to queue
[2026-02-18T17:35:31.037+0000] {logging_mixin.py:188} INFO - [2026-02-18T17:35:31.037+0000] {dagbag.py:545} INFO - Filling up the DagBag from /opt/airflow/dags/lakehouse_bsg_dag.py
[2026-02-18T17:35:31.055+0000] {processor.py:840} INFO - DAG(s) 'lakehouse_bronze_silver_gold' retrieved from /opt/airflow/dags/lakehouse_bsg_dag.py
[2026-02-18T17:35:31.081+0000] {logging_mixin.py:188} INFO - [2026-02-18T17:35:31.081+0000] {dag.py:3089} INFO - Sync 1 DAGs
[2026-02-18T17:35:31.092+0000] {logging_mixin.py:188} INFO - [2026-02-18T17:35:31.092+0000] {dag.py:3947} INFO - Setting next_dagrun for lakehouse_bronze_silver_gold to None, run_after=None
[2026-02-18T17:35:31.109+0000] {processor.py:183} INFO - Processing /opt/airflow/dags/lakehouse_bsg_dag.py took 0.084 seconds
[2026-02-18T17:36:04.163+0000] {processor.py:161} INFO - Started process (PID=2209) to work on /opt/airflow/dags/lakehouse_bsg_dag.py
[2026-02-18T17:36:04.166+0000] {processor.py:830} INFO - Processing file /opt/airflow/dags/lakehouse_bsg_dag.py for tasks to queue
[2026-02-18T17:36:04.168+0000] {logging_mixin.py:188} INFO - [2026-02-18T17:36:04.167+0000] {dagbag.py:545} INFO - Filling up the DagBag from /opt/airflow/dags/lakehouse_bsg_dag.py
[2026-02-18T17:36:04.195+0000] {processor.py:840} INFO - DAG(s) 'lakehouse_bronze_silver_gold' retrieved from /opt/airflow/dags/lakehouse_bsg_dag.py
[2026-02-18T17:36:04.218+0000] {logging_mixin.py:188} INFO - [2026-02-18T17:36:04.218+0000] {dag.py:3089} INFO - Sync 1 DAGs
[2026-02-18T17:36:04.228+0000] {logging_mixin.py:188} INFO - [2026-02-18T17:36:04.228+0000] {dag.py:3947} INFO - Setting next_dagrun for lakehouse_bronze_silver_gold to None, run_after=None
[2026-02-18T17:36:04.245+0000] {processor.py:183} INFO - Processing /opt/airflow/dags/lakehouse_bsg_dag.py took 0.088 seconds
[2026-02-18T17:36:36.346+0000] {processor.py:161} INFO - Started process (PID=2214) to work on /opt/airflow/dags/lakehouse_bsg_dag.py
[2026-02-18T17:36:36.350+0000] {processor.py:830} INFO - Processing file /opt/airflow/dags/lakehouse_bsg_dag.py for tasks to queue
[2026-02-18T17:36:36.354+0000] {logging_mixin.py:188} INFO - [2026-02-18T17:36:36.353+0000] {dagbag.py:545} INFO - Filling up the DagBag from /opt/airflow/dags/lakehouse_bsg_dag.py
[2026-02-18T17:36:36.388+0000] {processor.py:840} INFO - DAG(s) 'lakehouse_bronze_silver_gold' retrieved from /opt/airflow/dags/lakehouse_bsg_dag.py
[2026-02-18T17:36:36.431+0000] {logging_mixin.py:188} INFO - [2026-02-18T17:36:36.431+0000] {dag.py:3089} INFO - Sync 1 DAGs
[2026-02-18T17:36:36.443+0000] {logging_mixin.py:188} INFO - [2026-02-18T17:36:36.443+0000] {dag.py:3947} INFO - Setting next_dagrun for lakehouse_bronze_silver_gold to None, run_after=None
[2026-02-18T17:36:36.458+0000] {processor.py:183} INFO - Processing /opt/airflow/dags/lakehouse_bsg_dag.py took 0.131 seconds
[2026-02-18T17:37:09.470+0000] {processor.py:161} INFO - Started process (PID=2219) to work on /opt/airflow/dags/lakehouse_bsg_dag.py
[2026-02-18T17:37:09.471+0000] {processor.py:830} INFO - Processing file /opt/airflow/dags/lakehouse_bsg_dag.py for tasks to queue
[2026-02-18T17:37:09.473+0000] {logging_mixin.py:188} INFO - [2026-02-18T17:37:09.472+0000] {dagbag.py:545} INFO - Filling up the DagBag from /opt/airflow/dags/lakehouse_bsg_dag.py
[2026-02-18T17:37:09.486+0000] {processor.py:840} INFO - DAG(s) 'lakehouse_bronze_silver_gold' retrieved from /opt/airflow/dags/lakehouse_bsg_dag.py
[2026-02-18T17:37:09.527+0000] {logging_mixin.py:188} INFO - [2026-02-18T17:37:09.527+0000] {dag.py:3089} INFO - Sync 1 DAGs
[2026-02-18T17:37:09.541+0000] {logging_mixin.py:188} INFO - [2026-02-18T17:37:09.541+0000] {dag.py:3947} INFO - Setting next_dagrun for lakehouse_bronze_silver_gold to None, run_after=None
[2026-02-18T17:37:09.558+0000] {processor.py:183} INFO - Processing /opt/airflow/dags/lakehouse_bsg_dag.py took 0.092 seconds
[2026-02-18T17:37:42.666+0000] {processor.py:161} INFO - Started process (PID=2224) to work on /opt/airflow/dags/lakehouse_bsg_dag.py
[2026-02-18T17:37:42.667+0000] {processor.py:830} INFO - Processing file /opt/airflow/dags/lakehouse_bsg_dag.py for tasks to queue
[2026-02-18T17:37:42.669+0000] {logging_mixin.py:188} INFO - [2026-02-18T17:37:42.669+0000] {dagbag.py:545} INFO - Filling up the DagBag from /opt/airflow/dags/lakehouse_bsg_dag.py
[2026-02-18T17:37:42.681+0000] {processor.py:840} INFO - DAG(s) 'lakehouse_bronze_silver_gold' retrieved from /opt/airflow/dags/lakehouse_bsg_dag.py
[2026-02-18T17:37:42.708+0000] {logging_mixin.py:188} INFO - [2026-02-18T17:37:42.708+0000] {dag.py:3089} INFO - Sync 1 DAGs
[2026-02-18T17:37:42.718+0000] {logging_mixin.py:188} INFO - [2026-02-18T17:37:42.718+0000] {dag.py:3947} INFO - Setting next_dagrun for lakehouse_bronze_silver_gold to None, run_after=None
[2026-02-18T17:37:42.733+0000] {processor.py:183} INFO - Processing /opt/airflow/dags/lakehouse_bsg_dag.py took 0.071 seconds
[2026-02-18T17:38:15.766+0000] {processor.py:161} INFO - Started process (PID=2229) to work on /opt/airflow/dags/lakehouse_bsg_dag.py
[2026-02-18T17:38:15.767+0000] {processor.py:830} INFO - Processing file /opt/airflow/dags/lakehouse_bsg_dag.py for tasks to queue
[2026-02-18T17:38:15.768+0000] {logging_mixin.py:188} INFO - [2026-02-18T17:38:15.768+0000] {dagbag.py:545} INFO - Filling up the DagBag from /opt/airflow/dags/lakehouse_bsg_dag.py
[2026-02-18T17:38:15.780+0000] {processor.py:840} INFO - DAG(s) 'lakehouse_bronze_silver_gold' retrieved from /opt/airflow/dags/lakehouse_bsg_dag.py
[2026-02-18T17:38:15.804+0000] {logging_mixin.py:188} INFO - [2026-02-18T17:38:15.804+0000] {dag.py:3089} INFO - Sync 1 DAGs
[2026-02-18T17:38:15.813+0000] {logging_mixin.py:188} INFO - [2026-02-18T17:38:15.813+0000] {dag.py:3947} INFO - Setting next_dagrun for lakehouse_bronze_silver_gold to None, run_after=None
[2026-02-18T17:38:15.825+0000] {processor.py:183} INFO - Processing /opt/airflow/dags/lakehouse_bsg_dag.py took 0.063 seconds
[2026-02-18T17:38:48.904+0000] {processor.py:161} INFO - Started process (PID=2234) to work on /opt/airflow/dags/lakehouse_bsg_dag.py
[2026-02-18T17:38:48.905+0000] {processor.py:830} INFO - Processing file /opt/airflow/dags/lakehouse_bsg_dag.py for tasks to queue
[2026-02-18T17:38:48.906+0000] {logging_mixin.py:188} INFO - [2026-02-18T17:38:48.906+0000] {dagbag.py:545} INFO - Filling up the DagBag from /opt/airflow/dags/lakehouse_bsg_dag.py
[2026-02-18T17:38:48.921+0000] {processor.py:840} INFO - DAG(s) 'lakehouse_bronze_silver_gold' retrieved from /opt/airflow/dags/lakehouse_bsg_dag.py
[2026-02-18T17:38:48.951+0000] {logging_mixin.py:188} INFO - [2026-02-18T17:38:48.951+0000] {dag.py:3089} INFO - Sync 1 DAGs
[2026-02-18T17:38:48.964+0000] {logging_mixin.py:188} INFO - [2026-02-18T17:38:48.964+0000] {dag.py:3947} INFO - Setting next_dagrun for lakehouse_bronze_silver_gold to None, run_after=None
[2026-02-18T17:38:48.979+0000] {processor.py:183} INFO - Processing /opt/airflow/dags/lakehouse_bsg_dag.py took 0.079 seconds
[2026-02-18T17:39:21.040+0000] {processor.py:161} INFO - Started process (PID=2239) to work on /opt/airflow/dags/lakehouse_bsg_dag.py
[2026-02-18T17:39:21.041+0000] {processor.py:830} INFO - Processing file /opt/airflow/dags/lakehouse_bsg_dag.py for tasks to queue
[2026-02-18T17:39:21.042+0000] {logging_mixin.py:188} INFO - [2026-02-18T17:39:21.042+0000] {dagbag.py:545} INFO - Filling up the DagBag from /opt/airflow/dags/lakehouse_bsg_dag.py
[2026-02-18T17:39:21.054+0000] {processor.py:840} INFO - DAG(s) 'lakehouse_bronze_silver_gold' retrieved from /opt/airflow/dags/lakehouse_bsg_dag.py
[2026-02-18T17:39:21.078+0000] {logging_mixin.py:188} INFO - [2026-02-18T17:39:21.078+0000] {dag.py:3089} INFO - Sync 1 DAGs
[2026-02-18T17:39:21.087+0000] {logging_mixin.py:188} INFO - [2026-02-18T17:39:21.087+0000] {dag.py:3947} INFO - Setting next_dagrun for lakehouse_bronze_silver_gold to None, run_after=None
[2026-02-18T17:39:21.101+0000] {processor.py:183} INFO - Processing /opt/airflow/dags/lakehouse_bsg_dag.py took 0.065 seconds
[2026-02-18T17:39:54.098+0000] {processor.py:161} INFO - Started process (PID=2244) to work on /opt/airflow/dags/lakehouse_bsg_dag.py
[2026-02-18T17:39:54.099+0000] {processor.py:830} INFO - Processing file /opt/airflow/dags/lakehouse_bsg_dag.py for tasks to queue
[2026-02-18T17:39:54.101+0000] {logging_mixin.py:188} INFO - [2026-02-18T17:39:54.100+0000] {dagbag.py:545} INFO - Filling up the DagBag from /opt/airflow/dags/lakehouse_bsg_dag.py
[2026-02-18T17:39:54.115+0000] {processor.py:840} INFO - DAG(s) 'lakehouse_bronze_silver_gold' retrieved from /opt/airflow/dags/lakehouse_bsg_dag.py
[2026-02-18T17:39:54.141+0000] {logging_mixin.py:188} INFO - [2026-02-18T17:39:54.141+0000] {dag.py:3089} INFO - Sync 1 DAGs
[2026-02-18T17:39:54.151+0000] {logging_mixin.py:188} INFO - [2026-02-18T17:39:54.151+0000] {dag.py:3947} INFO - Setting next_dagrun for lakehouse_bronze_silver_gold to None, run_after=None
[2026-02-18T17:39:54.167+0000] {processor.py:183} INFO - Processing /opt/airflow/dags/lakehouse_bsg_dag.py took 0.074 seconds
[2026-02-18T17:40:27.293+0000] {processor.py:161} INFO - Started process (PID=2249) to work on /opt/airflow/dags/lakehouse_bsg_dag.py
[2026-02-18T17:40:27.294+0000] {processor.py:830} INFO - Processing file /opt/airflow/dags/lakehouse_bsg_dag.py for tasks to queue
[2026-02-18T17:40:27.296+0000] {logging_mixin.py:188} INFO - [2026-02-18T17:40:27.295+0000] {dagbag.py:545} INFO - Filling up the DagBag from /opt/airflow/dags/lakehouse_bsg_dag.py
[2026-02-18T17:40:27.324+0000] {processor.py:840} INFO - DAG(s) 'lakehouse_bronze_silver_gold' retrieved from /opt/airflow/dags/lakehouse_bsg_dag.py
[2026-02-18T17:40:27.348+0000] {logging_mixin.py:188} INFO - [2026-02-18T17:40:27.347+0000] {dag.py:3089} INFO - Sync 1 DAGs
[2026-02-18T17:40:27.357+0000] {logging_mixin.py:188} INFO - [2026-02-18T17:40:27.356+0000] {dag.py:3947} INFO - Setting next_dagrun for lakehouse_bronze_silver_gold to None, run_after=None
[2026-02-18T17:40:27.375+0000] {processor.py:183} INFO - Processing /opt/airflow/dags/lakehouse_bsg_dag.py took 0.087 seconds
[2026-02-18T17:41:00.399+0000] {processor.py:161} INFO - Started process (PID=2254) to work on /opt/airflow/dags/lakehouse_bsg_dag.py
[2026-02-18T17:41:00.400+0000] {processor.py:830} INFO - Processing file /opt/airflow/dags/lakehouse_bsg_dag.py for tasks to queue
[2026-02-18T17:41:00.401+0000] {logging_mixin.py:188} INFO - [2026-02-18T17:41:00.401+0000] {dagbag.py:545} INFO - Filling up the DagBag from /opt/airflow/dags/lakehouse_bsg_dag.py
[2026-02-18T17:41:00.418+0000] {processor.py:840} INFO - DAG(s) 'lakehouse_bronze_silver_gold' retrieved from /opt/airflow/dags/lakehouse_bsg_dag.py
[2026-02-18T17:41:00.445+0000] {logging_mixin.py:188} INFO - [2026-02-18T17:41:00.445+0000] {dag.py:3089} INFO - Sync 1 DAGs
[2026-02-18T17:41:00.454+0000] {logging_mixin.py:188} INFO - [2026-02-18T17:41:00.454+0000] {dag.py:3947} INFO - Setting next_dagrun for lakehouse_bronze_silver_gold to None, run_after=None
[2026-02-18T17:41:00.469+0000] {processor.py:183} INFO - Processing /opt/airflow/dags/lakehouse_bsg_dag.py took 0.074 seconds
[2026-02-18T17:41:32.580+0000] {processor.py:161} INFO - Started process (PID=2259) to work on /opt/airflow/dags/lakehouse_bsg_dag.py
[2026-02-18T17:41:32.582+0000] {processor.py:830} INFO - Processing file /opt/airflow/dags/lakehouse_bsg_dag.py for tasks to queue
[2026-02-18T17:41:32.584+0000] {logging_mixin.py:188} INFO - [2026-02-18T17:41:32.583+0000] {dagbag.py:545} INFO - Filling up the DagBag from /opt/airflow/dags/lakehouse_bsg_dag.py
[2026-02-18T17:41:32.597+0000] {processor.py:840} INFO - DAG(s) 'lakehouse_bronze_silver_gold' retrieved from /opt/airflow/dags/lakehouse_bsg_dag.py
[2026-02-18T17:41:32.620+0000] {logging_mixin.py:188} INFO - [2026-02-18T17:41:32.620+0000] {dag.py:3089} INFO - Sync 1 DAGs
[2026-02-18T17:41:32.631+0000] {logging_mixin.py:188} INFO - [2026-02-18T17:41:32.631+0000] {dag.py:3947} INFO - Setting next_dagrun for lakehouse_bronze_silver_gold to None, run_after=None
[2026-02-18T17:41:32.647+0000] {processor.py:183} INFO - Processing /opt/airflow/dags/lakehouse_bsg_dag.py took 0.070 seconds
[2026-02-18T17:42:05.616+0000] {processor.py:161} INFO - Started process (PID=2264) to work on /opt/airflow/dags/lakehouse_bsg_dag.py
[2026-02-18T17:42:05.617+0000] {processor.py:830} INFO - Processing file /opt/airflow/dags/lakehouse_bsg_dag.py for tasks to queue
[2026-02-18T17:42:05.620+0000] {logging_mixin.py:188} INFO - [2026-02-18T17:42:05.619+0000] {dagbag.py:545} INFO - Filling up the DagBag from /opt/airflow/dags/lakehouse_bsg_dag.py
[2026-02-18T17:42:05.634+0000] {processor.py:840} INFO - DAG(s) 'lakehouse_bronze_silver_gold' retrieved from /opt/airflow/dags/lakehouse_bsg_dag.py
[2026-02-18T17:42:05.660+0000] {logging_mixin.py:188} INFO - [2026-02-18T17:42:05.659+0000] {dag.py:3089} INFO - Sync 1 DAGs
[2026-02-18T17:42:05.669+0000] {logging_mixin.py:188} INFO - [2026-02-18T17:42:05.669+0000] {dag.py:3947} INFO - Setting next_dagrun for lakehouse_bronze_silver_gold to None, run_after=None
[2026-02-18T17:42:05.685+0000] {processor.py:183} INFO - Processing /opt/airflow/dags/lakehouse_bsg_dag.py took 0.074 seconds
[2026-02-18T17:42:38.790+0000] {processor.py:161} INFO - Started process (PID=2269) to work on /opt/airflow/dags/lakehouse_bsg_dag.py
[2026-02-18T17:42:38.791+0000] {processor.py:830} INFO - Processing file /opt/airflow/dags/lakehouse_bsg_dag.py for tasks to queue
[2026-02-18T17:42:38.795+0000] {logging_mixin.py:188} INFO - [2026-02-18T17:42:38.795+0000] {dagbag.py:545} INFO - Filling up the DagBag from /opt/airflow/dags/lakehouse_bsg_dag.py
[2026-02-18T17:42:38.833+0000] {processor.py:840} INFO - DAG(s) 'lakehouse_bronze_silver_gold' retrieved from /opt/airflow/dags/lakehouse_bsg_dag.py
[2026-02-18T17:42:38.857+0000] {logging_mixin.py:188} INFO - [2026-02-18T17:42:38.856+0000] {dag.py:3089} INFO - Sync 1 DAGs
[2026-02-18T17:42:38.867+0000] {logging_mixin.py:188} INFO - [2026-02-18T17:42:38.867+0000] {dag.py:3947} INFO - Setting next_dagrun for lakehouse_bronze_silver_gold to None, run_after=None
[2026-02-18T17:42:38.885+0000] {processor.py:183} INFO - Processing /opt/airflow/dags/lakehouse_bsg_dag.py took 0.099 seconds
[2026-02-18T17:43:11.941+0000] {processor.py:161} INFO - Started process (PID=2274) to work on /opt/airflow/dags/lakehouse_bsg_dag.py
[2026-02-18T17:43:11.942+0000] {processor.py:830} INFO - Processing file /opt/airflow/dags/lakehouse_bsg_dag.py for tasks to queue
[2026-02-18T17:43:11.943+0000] {logging_mixin.py:188} INFO - [2026-02-18T17:43:11.943+0000] {dagbag.py:545} INFO - Filling up the DagBag from /opt/airflow/dags/lakehouse_bsg_dag.py
[2026-02-18T17:43:11.957+0000] {processor.py:840} INFO - DAG(s) 'lakehouse_bronze_silver_gold' retrieved from /opt/airflow/dags/lakehouse_bsg_dag.py
[2026-02-18T17:43:11.982+0000] {logging_mixin.py:188} INFO - [2026-02-18T17:43:11.982+0000] {dag.py:3089} INFO - Sync 1 DAGs
[2026-02-18T17:43:11.992+0000] {logging_mixin.py:188} INFO - [2026-02-18T17:43:11.992+0000] {dag.py:3947} INFO - Setting next_dagrun for lakehouse_bronze_silver_gold to None, run_after=None
[2026-02-18T17:43:12.007+0000] {processor.py:183} INFO - Processing /opt/airflow/dags/lakehouse_bsg_dag.py took 0.071 seconds
[2026-02-18T17:43:45.115+0000] {processor.py:161} INFO - Started process (PID=2279) to work on /opt/airflow/dags/lakehouse_bsg_dag.py
[2026-02-18T17:43:45.116+0000] {processor.py:830} INFO - Processing file /opt/airflow/dags/lakehouse_bsg_dag.py for tasks to queue
[2026-02-18T17:43:45.118+0000] {logging_mixin.py:188} INFO - [2026-02-18T17:43:45.117+0000] {dagbag.py:545} INFO - Filling up the DagBag from /opt/airflow/dags/lakehouse_bsg_dag.py
[2026-02-18T17:43:45.132+0000] {processor.py:840} INFO - DAG(s) 'lakehouse_bronze_silver_gold' retrieved from /opt/airflow/dags/lakehouse_bsg_dag.py
[2026-02-18T17:43:45.157+0000] {logging_mixin.py:188} INFO - [2026-02-18T17:43:45.157+0000] {dag.py:3089} INFO - Sync 1 DAGs
[2026-02-18T17:43:45.167+0000] {logging_mixin.py:188} INFO - [2026-02-18T17:43:45.167+0000] {dag.py:3947} INFO - Setting next_dagrun for lakehouse_bronze_silver_gold to None, run_after=None
[2026-02-18T17:43:45.184+0000] {processor.py:183} INFO - Processing /opt/airflow/dags/lakehouse_bsg_dag.py took 0.073 seconds
[2026-02-18T17:44:18.195+0000] {processor.py:161} INFO - Started process (PID=2284) to work on /opt/airflow/dags/lakehouse_bsg_dag.py
[2026-02-18T17:44:18.196+0000] {processor.py:830} INFO - Processing file /opt/airflow/dags/lakehouse_bsg_dag.py for tasks to queue
[2026-02-18T17:44:18.197+0000] {logging_mixin.py:188} INFO - [2026-02-18T17:44:18.197+0000] {dagbag.py:545} INFO - Filling up the DagBag from /opt/airflow/dags/lakehouse_bsg_dag.py
[2026-02-18T17:44:18.210+0000] {processor.py:840} INFO - DAG(s) 'lakehouse_bronze_silver_gold' retrieved from /opt/airflow/dags/lakehouse_bsg_dag.py
[2026-02-18T17:44:18.235+0000] {logging_mixin.py:188} INFO - [2026-02-18T17:44:18.235+0000] {dag.py:3089} INFO - Sync 1 DAGs
[2026-02-18T17:44:18.247+0000] {logging_mixin.py:188} INFO - [2026-02-18T17:44:18.247+0000] {dag.py:3947} INFO - Setting next_dagrun for lakehouse_bronze_silver_gold to None, run_after=None
[2026-02-18T17:44:18.264+0000] {processor.py:183} INFO - Processing /opt/airflow/dags/lakehouse_bsg_dag.py took 0.073 seconds
[2026-02-18T17:44:50.368+0000] {processor.py:161} INFO - Started process (PID=2289) to work on /opt/airflow/dags/lakehouse_bsg_dag.py
[2026-02-18T17:44:50.369+0000] {processor.py:830} INFO - Processing file /opt/airflow/dags/lakehouse_bsg_dag.py for tasks to queue
[2026-02-18T17:44:50.371+0000] {logging_mixin.py:188} INFO - [2026-02-18T17:44:50.371+0000] {dagbag.py:545} INFO - Filling up the DagBag from /opt/airflow/dags/lakehouse_bsg_dag.py
[2026-02-18T17:44:50.386+0000] {processor.py:840} INFO - DAG(s) 'lakehouse_bronze_silver_gold' retrieved from /opt/airflow/dags/lakehouse_bsg_dag.py
[2026-02-18T17:44:50.421+0000] {logging_mixin.py:188} INFO - [2026-02-18T17:44:50.421+0000] {dag.py:3089} INFO - Sync 1 DAGs
[2026-02-18T17:44:50.431+0000] {logging_mixin.py:188} INFO - [2026-02-18T17:44:50.430+0000] {dag.py:3947} INFO - Setting next_dagrun for lakehouse_bronze_silver_gold to None, run_after=None
[2026-02-18T17:44:50.446+0000] {processor.py:183} INFO - Processing /opt/airflow/dags/lakehouse_bsg_dag.py took 0.083 seconds
[2026-02-18T17:46:26.316+0000] {processor.py:161} INFO - Started process (PID=2294) to work on /opt/airflow/dags/lakehouse_bsg_dag.py
[2026-02-18T17:46:26.325+0000] {processor.py:830} INFO - Processing file /opt/airflow/dags/lakehouse_bsg_dag.py for tasks to queue
[2026-02-18T17:46:26.329+0000] {logging_mixin.py:188} INFO - [2026-02-18T17:46:26.328+0000] {dagbag.py:545} INFO - Filling up the DagBag from /opt/airflow/dags/lakehouse_bsg_dag.py
[2026-02-18T17:46:26.347+0000] {processor.py:840} INFO - DAG(s) 'lakehouse_bronze_silver_gold' retrieved from /opt/airflow/dags/lakehouse_bsg_dag.py
[2026-02-18T17:46:26.481+0000] {logging_mixin.py:188} INFO - [2026-02-18T17:46:26.481+0000] {dag.py:3089} INFO - Sync 1 DAGs
[2026-02-18T17:46:26.503+0000] {logging_mixin.py:188} INFO - [2026-02-18T17:46:26.503+0000] {dag.py:3947} INFO - Setting next_dagrun for lakehouse_bronze_silver_gold to None, run_after=None
[2026-02-18T17:46:26.578+0000] {processor.py:183} INFO - Processing /opt/airflow/dags/lakehouse_bsg_dag.py took 0.268 seconds
[2026-02-18T17:46:57.189+0000] {processor.py:161} INFO - Started process (PID=2299) to work on /opt/airflow/dags/lakehouse_bsg_dag.py
[2026-02-18T17:46:57.193+0000] {processor.py:830} INFO - Processing file /opt/airflow/dags/lakehouse_bsg_dag.py for tasks to queue
[2026-02-18T17:46:57.222+0000] {logging_mixin.py:188} INFO - [2026-02-18T17:46:57.216+0000] {dagbag.py:545} INFO - Filling up the DagBag from /opt/airflow/dags/lakehouse_bsg_dag.py
[2026-02-18T17:46:57.388+0000] {processor.py:840} INFO - DAG(s) 'lakehouse_bronze_silver_gold' retrieved from /opt/airflow/dags/lakehouse_bsg_dag.py
[2026-02-18T17:46:57.623+0000] {logging_mixin.py:188} INFO - [2026-02-18T17:46:57.623+0000] {dag.py:3089} INFO - Sync 1 DAGs
[2026-02-18T17:46:57.695+0000] {logging_mixin.py:188} INFO - [2026-02-18T17:46:57.695+0000] {dag.py:3947} INFO - Setting next_dagrun for lakehouse_bronze_silver_gold to None, run_after=None
[2026-02-18T17:46:57.765+0000] {processor.py:183} INFO - Processing /opt/airflow/dags/lakehouse_bsg_dag.py took 0.640 seconds
[2026-02-18T17:47:28.110+0000] {processor.py:161} INFO - Started process (PID=2304) to work on /opt/airflow/dags/lakehouse_bsg_dag.py
[2026-02-18T17:47:28.112+0000] {processor.py:830} INFO - Processing file /opt/airflow/dags/lakehouse_bsg_dag.py for tasks to queue
[2026-02-18T17:47:28.147+0000] {logging_mixin.py:188} INFO - [2026-02-18T17:47:28.145+0000] {dagbag.py:545} INFO - Filling up the DagBag from /opt/airflow/dags/lakehouse_bsg_dag.py
[2026-02-18T17:47:28.238+0000] {processor.py:840} INFO - DAG(s) 'lakehouse_bronze_silver_gold' retrieved from /opt/airflow/dags/lakehouse_bsg_dag.py
[2026-02-18T17:47:28.317+0000] {logging_mixin.py:188} INFO - [2026-02-18T17:47:28.317+0000] {dag.py:3089} INFO - Sync 1 DAGs
[2026-02-18T17:47:28.341+0000] {logging_mixin.py:188} INFO - [2026-02-18T17:47:28.340+0000] {dag.py:3947} INFO - Setting next_dagrun for lakehouse_bronze_silver_gold to None, run_after=None
[2026-02-18T17:47:28.364+0000] {processor.py:183} INFO - Processing /opt/airflow/dags/lakehouse_bsg_dag.py took 0.277 seconds
[2026-02-18T17:47:58.475+0000] {processor.py:161} INFO - Started process (PID=2309) to work on /opt/airflow/dags/lakehouse_bsg_dag.py
[2026-02-18T17:47:58.476+0000] {processor.py:830} INFO - Processing file /opt/airflow/dags/lakehouse_bsg_dag.py for tasks to queue
[2026-02-18T17:47:58.481+0000] {logging_mixin.py:188} INFO - [2026-02-18T17:47:58.480+0000] {dagbag.py:545} INFO - Filling up the DagBag from /opt/airflow/dags/lakehouse_bsg_dag.py
[2026-02-18T17:47:58.513+0000] {processor.py:840} INFO - DAG(s) 'lakehouse_bronze_silver_gold' retrieved from /opt/airflow/dags/lakehouse_bsg_dag.py
[2026-02-18T17:47:58.551+0000] {logging_mixin.py:188} INFO - [2026-02-18T17:47:58.551+0000] {dag.py:3089} INFO - Sync 1 DAGs
[2026-02-18T17:47:58.569+0000] {logging_mixin.py:188} INFO - [2026-02-18T17:47:58.569+0000] {dag.py:3947} INFO - Setting next_dagrun for lakehouse_bronze_silver_gold to None, run_after=None
[2026-02-18T17:47:58.589+0000] {processor.py:183} INFO - Processing /opt/airflow/dags/lakehouse_bsg_dag.py took 0.128 seconds
[2026-02-18T17:48:28.792+0000] {processor.py:161} INFO - Started process (PID=2314) to work on /opt/airflow/dags/lakehouse_bsg_dag.py
[2026-02-18T17:48:28.796+0000] {processor.py:830} INFO - Processing file /opt/airflow/dags/lakehouse_bsg_dag.py for tasks to queue
[2026-02-18T17:48:28.810+0000] {logging_mixin.py:188} INFO - [2026-02-18T17:48:28.807+0000] {dagbag.py:545} INFO - Filling up the DagBag from /opt/airflow/dags/lakehouse_bsg_dag.py
[2026-02-18T17:48:28.897+0000] {processor.py:840} INFO - DAG(s) 'lakehouse_bronze_silver_gold' retrieved from /opt/airflow/dags/lakehouse_bsg_dag.py
[2026-02-18T17:48:29.033+0000] {logging_mixin.py:188} INFO - [2026-02-18T17:48:29.033+0000] {dag.py:3089} INFO - Sync 1 DAGs
[2026-02-18T17:48:29.077+0000] {logging_mixin.py:188} INFO - [2026-02-18T17:48:29.076+0000] {dag.py:3947} INFO - Setting next_dagrun for lakehouse_bronze_silver_gold to None, run_after=None
[2026-02-18T17:48:29.115+0000] {processor.py:183} INFO - Processing /opt/airflow/dags/lakehouse_bsg_dag.py took 0.356 seconds
[2026-02-18T17:48:59.244+0000] {processor.py:161} INFO - Started process (PID=2319) to work on /opt/airflow/dags/lakehouse_bsg_dag.py
[2026-02-18T17:48:59.245+0000] {processor.py:830} INFO - Processing file /opt/airflow/dags/lakehouse_bsg_dag.py for tasks to queue
[2026-02-18T17:48:59.246+0000] {logging_mixin.py:188} INFO - [2026-02-18T17:48:59.246+0000] {dagbag.py:545} INFO - Filling up the DagBag from /opt/airflow/dags/lakehouse_bsg_dag.py
[2026-02-18T17:48:59.262+0000] {processor.py:840} INFO - DAG(s) 'lakehouse_bronze_silver_gold' retrieved from /opt/airflow/dags/lakehouse_bsg_dag.py
[2026-02-18T17:48:59.291+0000] {logging_mixin.py:188} INFO - [2026-02-18T17:48:59.291+0000] {dag.py:3089} INFO - Sync 1 DAGs
[2026-02-18T17:48:59.301+0000] {logging_mixin.py:188} INFO - [2026-02-18T17:48:59.300+0000] {dag.py:3947} INFO - Setting next_dagrun for lakehouse_bronze_silver_gold to None, run_after=None
[2026-02-18T17:48:59.316+0000] {processor.py:183} INFO - Processing /opt/airflow/dags/lakehouse_bsg_dag.py took 0.076 seconds
[2026-02-18T17:49:29.398+0000] {processor.py:161} INFO - Started process (PID=2324) to work on /opt/airflow/dags/lakehouse_bsg_dag.py
[2026-02-18T17:49:29.399+0000] {processor.py:830} INFO - Processing file /opt/airflow/dags/lakehouse_bsg_dag.py for tasks to queue
[2026-02-18T17:49:29.400+0000] {logging_mixin.py:188} INFO - [2026-02-18T17:49:29.400+0000] {dagbag.py:545} INFO - Filling up the DagBag from /opt/airflow/dags/lakehouse_bsg_dag.py
[2026-02-18T17:49:29.421+0000] {processor.py:840} INFO - DAG(s) 'lakehouse_bronze_silver_gold' retrieved from /opt/airflow/dags/lakehouse_bsg_dag.py
[2026-02-18T17:49:29.457+0000] {logging_mixin.py:188} INFO - [2026-02-18T17:49:29.456+0000] {dag.py:3089} INFO - Sync 1 DAGs
[2026-02-18T17:49:29.467+0000] {logging_mixin.py:188} INFO - [2026-02-18T17:49:29.466+0000] {dag.py:3947} INFO - Setting next_dagrun for lakehouse_bronze_silver_gold to None, run_after=None
[2026-02-18T17:49:29.484+0000] {processor.py:183} INFO - Processing /opt/airflow/dags/lakehouse_bsg_dag.py took 0.091 seconds
[2026-02-18T17:50:02.470+0000] {processor.py:161} INFO - Started process (PID=2329) to work on /opt/airflow/dags/lakehouse_bsg_dag.py
[2026-02-18T17:50:02.471+0000] {processor.py:830} INFO - Processing file /opt/airflow/dags/lakehouse_bsg_dag.py for tasks to queue
[2026-02-18T17:50:02.472+0000] {logging_mixin.py:188} INFO - [2026-02-18T17:50:02.472+0000] {dagbag.py:545} INFO - Filling up the DagBag from /opt/airflow/dags/lakehouse_bsg_dag.py
[2026-02-18T17:50:02.487+0000] {processor.py:840} INFO - DAG(s) 'lakehouse_bronze_silver_gold' retrieved from /opt/airflow/dags/lakehouse_bsg_dag.py
[2026-02-18T17:50:02.512+0000] {logging_mixin.py:188} INFO - [2026-02-18T17:50:02.512+0000] {dag.py:3089} INFO - Sync 1 DAGs
[2026-02-18T17:50:02.523+0000] {logging_mixin.py:188} INFO - [2026-02-18T17:50:02.523+0000] {dag.py:3947} INFO - Setting next_dagrun for lakehouse_bronze_silver_gold to None, run_after=None
[2026-02-18T17:50:02.537+0000] {processor.py:183} INFO - Processing /opt/airflow/dags/lakehouse_bsg_dag.py took 0.071 seconds
[2026-02-18T17:50:35.652+0000] {processor.py:161} INFO - Started process (PID=2334) to work on /opt/airflow/dags/lakehouse_bsg_dag.py
[2026-02-18T17:50:35.653+0000] {processor.py:830} INFO - Processing file /opt/airflow/dags/lakehouse_bsg_dag.py for tasks to queue
[2026-02-18T17:50:35.654+0000] {logging_mixin.py:188} INFO - [2026-02-18T17:50:35.654+0000] {dagbag.py:545} INFO - Filling up the DagBag from /opt/airflow/dags/lakehouse_bsg_dag.py
[2026-02-18T17:50:35.671+0000] {processor.py:840} INFO - DAG(s) 'lakehouse_bronze_silver_gold' retrieved from /opt/airflow/dags/lakehouse_bsg_dag.py
[2026-02-18T17:50:35.699+0000] {logging_mixin.py:188} INFO - [2026-02-18T17:50:35.698+0000] {dag.py:3089} INFO - Sync 1 DAGs
[2026-02-18T17:50:35.710+0000] {logging_mixin.py:188} INFO - [2026-02-18T17:50:35.710+0000] {dag.py:3947} INFO - Setting next_dagrun for lakehouse_bronze_silver_gold to None, run_after=None
[2026-02-18T17:50:35.727+0000] {processor.py:183} INFO - Processing /opt/airflow/dags/lakehouse_bsg_dag.py took 0.080 seconds
[2026-02-18T17:51:07.783+0000] {processor.py:161} INFO - Started process (PID=2339) to work on /opt/airflow/dags/lakehouse_bsg_dag.py
[2026-02-18T17:51:07.784+0000] {processor.py:830} INFO - Processing file /opt/airflow/dags/lakehouse_bsg_dag.py for tasks to queue
[2026-02-18T17:51:07.785+0000] {logging_mixin.py:188} INFO - [2026-02-18T17:51:07.785+0000] {dagbag.py:545} INFO - Filling up the DagBag from /opt/airflow/dags/lakehouse_bsg_dag.py
[2026-02-18T17:51:07.806+0000] {processor.py:840} INFO - DAG(s) 'lakehouse_bronze_silver_gold' retrieved from /opt/airflow/dags/lakehouse_bsg_dag.py
[2026-02-18T17:51:07.836+0000] {logging_mixin.py:188} INFO - [2026-02-18T17:51:07.835+0000] {dag.py:3089} INFO - Sync 1 DAGs
[2026-02-18T17:51:07.846+0000] {logging_mixin.py:188} INFO - [2026-02-18T17:51:07.845+0000] {dag.py:3947} INFO - Setting next_dagrun for lakehouse_bronze_silver_gold to None, run_after=None
[2026-02-18T17:51:07.864+0000] {processor.py:183} INFO - Processing /opt/airflow/dags/lakehouse_bsg_dag.py took 0.086 seconds
[2026-02-18T17:51:40.919+0000] {processor.py:161} INFO - Started process (PID=2344) to work on /opt/airflow/dags/lakehouse_bsg_dag.py
[2026-02-18T17:51:40.920+0000] {processor.py:830} INFO - Processing file /opt/airflow/dags/lakehouse_bsg_dag.py for tasks to queue
[2026-02-18T17:51:40.921+0000] {logging_mixin.py:188} INFO - [2026-02-18T17:51:40.921+0000] {dagbag.py:545} INFO - Filling up the DagBag from /opt/airflow/dags/lakehouse_bsg_dag.py
[2026-02-18T17:51:40.940+0000] {processor.py:840} INFO - DAG(s) 'lakehouse_bronze_silver_gold' retrieved from /opt/airflow/dags/lakehouse_bsg_dag.py
[2026-02-18T17:51:40.969+0000] {logging_mixin.py:188} INFO - [2026-02-18T17:51:40.969+0000] {dag.py:3089} INFO - Sync 1 DAGs
[2026-02-18T17:51:40.979+0000] {logging_mixin.py:188} INFO - [2026-02-18T17:51:40.979+0000] {dag.py:3947} INFO - Setting next_dagrun for lakehouse_bronze_silver_gold to None, run_after=None
[2026-02-18T17:51:40.994+0000] {processor.py:183} INFO - Processing /opt/airflow/dags/lakehouse_bsg_dag.py took 0.079 seconds
[2026-02-18T17:52:14.083+0000] {processor.py:161} INFO - Started process (PID=2349) to work on /opt/airflow/dags/lakehouse_bsg_dag.py
[2026-02-18T17:52:14.085+0000] {processor.py:830} INFO - Processing file /opt/airflow/dags/lakehouse_bsg_dag.py for tasks to queue
[2026-02-18T17:52:14.086+0000] {logging_mixin.py:188} INFO - [2026-02-18T17:52:14.086+0000] {dagbag.py:545} INFO - Filling up the DagBag from /opt/airflow/dags/lakehouse_bsg_dag.py
[2026-02-18T17:52:14.103+0000] {processor.py:840} INFO - DAG(s) 'lakehouse_bronze_silver_gold' retrieved from /opt/airflow/dags/lakehouse_bsg_dag.py
[2026-02-18T17:52:14.133+0000] {logging_mixin.py:188} INFO - [2026-02-18T17:52:14.133+0000] {dag.py:3089} INFO - Sync 1 DAGs
[2026-02-18T17:52:14.144+0000] {logging_mixin.py:188} INFO - [2026-02-18T17:52:14.144+0000] {dag.py:3947} INFO - Setting next_dagrun for lakehouse_bronze_silver_gold to None, run_after=None
[2026-02-18T17:52:14.160+0000] {processor.py:183} INFO - Processing /opt/airflow/dags/lakehouse_bsg_dag.py took 0.081 seconds
[2026-02-18T17:52:47.237+0000] {processor.py:161} INFO - Started process (PID=2354) to work on /opt/airflow/dags/lakehouse_bsg_dag.py
[2026-02-18T17:52:47.239+0000] {processor.py:830} INFO - Processing file /opt/airflow/dags/lakehouse_bsg_dag.py for tasks to queue
[2026-02-18T17:52:47.241+0000] {logging_mixin.py:188} INFO - [2026-02-18T17:52:47.241+0000] {dagbag.py:545} INFO - Filling up the DagBag from /opt/airflow/dags/lakehouse_bsg_dag.py
[2026-02-18T17:52:47.266+0000] {processor.py:840} INFO - DAG(s) 'lakehouse_bronze_silver_gold' retrieved from /opt/airflow/dags/lakehouse_bsg_dag.py
[2026-02-18T17:52:47.308+0000] {logging_mixin.py:188} INFO - [2026-02-18T17:52:47.307+0000] {dag.py:3089} INFO - Sync 1 DAGs
[2026-02-18T17:52:47.323+0000] {logging_mixin.py:188} INFO - [2026-02-18T17:52:47.323+0000] {dag.py:3947} INFO - Setting next_dagrun for lakehouse_bronze_silver_gold to None, run_after=None
[2026-02-18T17:52:47.346+0000] {processor.py:183} INFO - Processing /opt/airflow/dags/lakehouse_bsg_dag.py took 0.116 seconds
[2026-02-18T17:53:20.391+0000] {processor.py:161} INFO - Started process (PID=2359) to work on /opt/airflow/dags/lakehouse_bsg_dag.py
[2026-02-18T17:53:20.392+0000] {processor.py:830} INFO - Processing file /opt/airflow/dags/lakehouse_bsg_dag.py for tasks to queue
[2026-02-18T17:53:20.394+0000] {logging_mixin.py:188} INFO - [2026-02-18T17:53:20.394+0000] {dagbag.py:545} INFO - Filling up the DagBag from /opt/airflow/dags/lakehouse_bsg_dag.py
[2026-02-18T17:53:20.413+0000] {processor.py:840} INFO - DAG(s) 'lakehouse_bronze_silver_gold' retrieved from /opt/airflow/dags/lakehouse_bsg_dag.py
[2026-02-18T17:53:20.441+0000] {logging_mixin.py:188} INFO - [2026-02-18T17:53:20.441+0000] {dag.py:3089} INFO - Sync 1 DAGs
[2026-02-18T17:53:20.452+0000] {logging_mixin.py:188} INFO - [2026-02-18T17:53:20.452+0000] {dag.py:3947} INFO - Setting next_dagrun for lakehouse_bronze_silver_gold to None, run_after=None
[2026-02-18T17:53:20.469+0000] {processor.py:183} INFO - Processing /opt/airflow/dags/lakehouse_bsg_dag.py took 0.083 seconds
[2026-02-18T17:53:52.489+0000] {processor.py:161} INFO - Started process (PID=2364) to work on /opt/airflow/dags/lakehouse_bsg_dag.py
[2026-02-18T17:53:52.490+0000] {processor.py:830} INFO - Processing file /opt/airflow/dags/lakehouse_bsg_dag.py for tasks to queue
[2026-02-18T17:53:52.492+0000] {logging_mixin.py:188} INFO - [2026-02-18T17:53:52.492+0000] {dagbag.py:545} INFO - Filling up the DagBag from /opt/airflow/dags/lakehouse_bsg_dag.py
[2026-02-18T17:53:52.509+0000] {processor.py:840} INFO - DAG(s) 'lakehouse_bronze_silver_gold' retrieved from /opt/airflow/dags/lakehouse_bsg_dag.py
[2026-02-18T17:53:52.536+0000] {logging_mixin.py:188} INFO - [2026-02-18T17:53:52.536+0000] {dag.py:3089} INFO - Sync 1 DAGs
[2026-02-18T17:53:52.546+0000] {logging_mixin.py:188} INFO - [2026-02-18T17:53:52.546+0000] {dag.py:3947} INFO - Setting next_dagrun for lakehouse_bronze_silver_gold to None, run_after=None
[2026-02-18T17:53:52.563+0000] {processor.py:183} INFO - Processing /opt/airflow/dags/lakehouse_bsg_dag.py took 0.077 seconds
[2026-02-18T17:54:25.604+0000] {processor.py:161} INFO - Started process (PID=2369) to work on /opt/airflow/dags/lakehouse_bsg_dag.py
[2026-02-18T17:54:25.605+0000] {processor.py:830} INFO - Processing file /opt/airflow/dags/lakehouse_bsg_dag.py for tasks to queue
[2026-02-18T17:54:25.606+0000] {logging_mixin.py:188} INFO - [2026-02-18T17:54:25.606+0000] {dagbag.py:545} INFO - Filling up the DagBag from /opt/airflow/dags/lakehouse_bsg_dag.py
[2026-02-18T17:54:25.632+0000] {processor.py:840} INFO - DAG(s) 'lakehouse_bronze_silver_gold' retrieved from /opt/airflow/dags/lakehouse_bsg_dag.py
[2026-02-18T17:54:25.659+0000] {logging_mixin.py:188} INFO - [2026-02-18T17:54:25.659+0000] {dag.py:3089} INFO - Sync 1 DAGs
[2026-02-18T17:54:25.669+0000] {logging_mixin.py:188} INFO - [2026-02-18T17:54:25.669+0000] {dag.py:3947} INFO - Setting next_dagrun for lakehouse_bronze_silver_gold to None, run_after=None
[2026-02-18T17:54:25.685+0000] {processor.py:183} INFO - Processing /opt/airflow/dags/lakehouse_bsg_dag.py took 0.085 seconds
[2026-02-18T17:54:58.753+0000] {processor.py:161} INFO - Started process (PID=2374) to work on /opt/airflow/dags/lakehouse_bsg_dag.py
[2026-02-18T17:54:58.754+0000] {processor.py:830} INFO - Processing file /opt/airflow/dags/lakehouse_bsg_dag.py for tasks to queue
[2026-02-18T17:54:58.757+0000] {logging_mixin.py:188} INFO - [2026-02-18T17:54:58.756+0000] {dagbag.py:545} INFO - Filling up the DagBag from /opt/airflow/dags/lakehouse_bsg_dag.py
[2026-02-18T17:54:58.781+0000] {processor.py:840} INFO - DAG(s) 'lakehouse_bronze_silver_gold' retrieved from /opt/airflow/dags/lakehouse_bsg_dag.py
[2026-02-18T17:54:58.814+0000] {logging_mixin.py:188} INFO - [2026-02-18T17:54:58.813+0000] {dag.py:3089} INFO - Sync 1 DAGs
[2026-02-18T17:54:58.824+0000] {logging_mixin.py:188} INFO - [2026-02-18T17:54:58.824+0000] {dag.py:3947} INFO - Setting next_dagrun for lakehouse_bronze_silver_gold to None, run_after=None
[2026-02-18T17:54:58.841+0000] {processor.py:183} INFO - Processing /opt/airflow/dags/lakehouse_bsg_dag.py took 0.094 seconds
[2026-02-18T17:55:31.877+0000] {processor.py:161} INFO - Started process (PID=2379) to work on /opt/airflow/dags/lakehouse_bsg_dag.py
[2026-02-18T17:55:31.878+0000] {processor.py:830} INFO - Processing file /opt/airflow/dags/lakehouse_bsg_dag.py for tasks to queue
[2026-02-18T17:55:31.880+0000] {logging_mixin.py:188} INFO - [2026-02-18T17:55:31.879+0000] {dagbag.py:545} INFO - Filling up the DagBag from /opt/airflow/dags/lakehouse_bsg_dag.py
[2026-02-18T17:55:31.897+0000] {processor.py:840} INFO - DAG(s) 'lakehouse_bronze_silver_gold' retrieved from /opt/airflow/dags/lakehouse_bsg_dag.py
[2026-02-18T17:55:31.925+0000] {logging_mixin.py:188} INFO - [2026-02-18T17:55:31.925+0000] {dag.py:3089} INFO - Sync 1 DAGs
[2026-02-18T17:55:31.936+0000] {logging_mixin.py:188} INFO - [2026-02-18T17:55:31.936+0000] {dag.py:3947} INFO - Setting next_dagrun for lakehouse_bronze_silver_gold to None, run_after=None
[2026-02-18T17:55:31.951+0000] {processor.py:183} INFO - Processing /opt/airflow/dags/lakehouse_bsg_dag.py took 0.078 seconds
[2026-02-18T17:56:04.982+0000] {processor.py:161} INFO - Started process (PID=2384) to work on /opt/airflow/dags/lakehouse_bsg_dag.py
[2026-02-18T17:56:04.983+0000] {processor.py:830} INFO - Processing file /opt/airflow/dags/lakehouse_bsg_dag.py for tasks to queue
[2026-02-18T17:56:04.985+0000] {logging_mixin.py:188} INFO - [2026-02-18T17:56:04.985+0000] {dagbag.py:545} INFO - Filling up the DagBag from /opt/airflow/dags/lakehouse_bsg_dag.py
[2026-02-18T17:56:05.001+0000] {processor.py:840} INFO - DAG(s) 'lakehouse_bronze_silver_gold' retrieved from /opt/airflow/dags/lakehouse_bsg_dag.py
[2026-02-18T17:56:05.026+0000] {logging_mixin.py:188} INFO - [2026-02-18T17:56:05.026+0000] {dag.py:3089} INFO - Sync 1 DAGs
[2026-02-18T17:56:05.036+0000] {logging_mixin.py:188} INFO - [2026-02-18T17:56:05.036+0000] {dag.py:3947} INFO - Setting next_dagrun for lakehouse_bronze_silver_gold to None, run_after=None
[2026-02-18T17:56:05.053+0000] {processor.py:183} INFO - Processing /opt/airflow/dags/lakehouse_bsg_dag.py took 0.076 seconds
[2026-02-18T17:56:37.899+0000] {processor.py:161} INFO - Started process (PID=2389) to work on /opt/airflow/dags/lakehouse_bsg_dag.py
[2026-02-18T17:56:37.909+0000] {processor.py:830} INFO - Processing file /opt/airflow/dags/lakehouse_bsg_dag.py for tasks to queue
[2026-02-18T17:56:37.961+0000] {logging_mixin.py:188} INFO - [2026-02-18T17:56:37.953+0000] {dagbag.py:545} INFO - Filling up the DagBag from /opt/airflow/dags/lakehouse_bsg_dag.py
[2026-02-18T17:56:38.184+0000] {processor.py:840} INFO - DAG(s) 'lakehouse_bronze_silver_gold' retrieved from /opt/airflow/dags/lakehouse_bsg_dag.py
[2026-02-18T17:56:38.621+0000] {logging_mixin.py:188} INFO - [2026-02-18T17:56:38.620+0000] {dag.py:3089} INFO - Sync 1 DAGs
[2026-02-18T17:56:38.708+0000] {logging_mixin.py:188} INFO - [2026-02-18T17:56:38.708+0000] {dag.py:3947} INFO - Setting next_dagrun for lakehouse_bronze_silver_gold to None, run_after=None
[2026-02-18T17:56:38.766+0000] {processor.py:183} INFO - Processing /opt/airflow/dags/lakehouse_bsg_dag.py took 0.960 seconds
[2026-02-18T17:57:10.830+0000] {processor.py:161} INFO - Started process (PID=2394) to work on /opt/airflow/dags/lakehouse_bsg_dag.py
[2026-02-18T17:57:10.831+0000] {processor.py:830} INFO - Processing file /opt/airflow/dags/lakehouse_bsg_dag.py for tasks to queue
[2026-02-18T17:57:10.833+0000] {logging_mixin.py:188} INFO - [2026-02-18T17:57:10.833+0000] {dagbag.py:545} INFO - Filling up the DagBag from /opt/airflow/dags/lakehouse_bsg_dag.py
[2026-02-18T17:57:10.856+0000] {processor.py:840} INFO - DAG(s) 'lakehouse_bronze_silver_gold' retrieved from /opt/airflow/dags/lakehouse_bsg_dag.py
[2026-02-18T17:57:10.882+0000] {logging_mixin.py:188} INFO - [2026-02-18T17:57:10.882+0000] {dag.py:3089} INFO - Sync 1 DAGs
[2026-02-18T17:57:10.893+0000] {logging_mixin.py:188} INFO - [2026-02-18T17:57:10.893+0000] {dag.py:3947} INFO - Setting next_dagrun for lakehouse_bronze_silver_gold to None, run_after=None
[2026-02-18T17:57:10.911+0000] {processor.py:183} INFO - Processing /opt/airflow/dags/lakehouse_bsg_dag.py took 0.085 seconds
[2026-02-18T17:57:43.930+0000] {processor.py:161} INFO - Started process (PID=2399) to work on /opt/airflow/dags/lakehouse_bsg_dag.py
[2026-02-18T17:57:43.933+0000] {processor.py:830} INFO - Processing file /opt/airflow/dags/lakehouse_bsg_dag.py for tasks to queue
[2026-02-18T17:57:43.938+0000] {logging_mixin.py:188} INFO - [2026-02-18T17:57:43.937+0000] {dagbag.py:545} INFO - Filling up the DagBag from /opt/airflow/dags/lakehouse_bsg_dag.py
[2026-02-18T17:57:43.971+0000] {processor.py:840} INFO - DAG(s) 'lakehouse_bronze_silver_gold' retrieved from /opt/airflow/dags/lakehouse_bsg_dag.py
[2026-02-18T17:57:44.016+0000] {logging_mixin.py:188} INFO - [2026-02-18T17:57:44.016+0000] {dag.py:3089} INFO - Sync 1 DAGs
[2026-02-18T17:57:44.026+0000] {logging_mixin.py:188} INFO - [2026-02-18T17:57:44.026+0000] {dag.py:3947} INFO - Setting next_dagrun for lakehouse_bronze_silver_gold to None, run_after=None
[2026-02-18T17:57:44.047+0000] {processor.py:183} INFO - Processing /opt/airflow/dags/lakehouse_bsg_dag.py took 0.127 seconds
[2026-02-18T17:58:16.078+0000] {processor.py:161} INFO - Started process (PID=2404) to work on /opt/airflow/dags/lakehouse_bsg_dag.py
[2026-02-18T17:58:16.079+0000] {processor.py:830} INFO - Processing file /opt/airflow/dags/lakehouse_bsg_dag.py for tasks to queue
[2026-02-18T17:58:16.080+0000] {logging_mixin.py:188} INFO - [2026-02-18T17:58:16.080+0000] {dagbag.py:545} INFO - Filling up the DagBag from /opt/airflow/dags/lakehouse_bsg_dag.py
[2026-02-18T17:58:16.092+0000] {processor.py:840} INFO - DAG(s) 'lakehouse_bronze_silver_gold' retrieved from /opt/airflow/dags/lakehouse_bsg_dag.py
[2026-02-18T17:58:16.114+0000] {logging_mixin.py:188} INFO - [2026-02-18T17:58:16.114+0000] {dag.py:3089} INFO - Sync 1 DAGs
[2026-02-18T17:58:16.125+0000] {logging_mixin.py:188} INFO - [2026-02-18T17:58:16.124+0000] {dag.py:3947} INFO - Setting next_dagrun for lakehouse_bronze_silver_gold to None, run_after=None
[2026-02-18T17:58:16.145+0000] {processor.py:183} INFO - Processing /opt/airflow/dags/lakehouse_bsg_dag.py took 0.071 seconds
[2026-02-18T17:58:49.269+0000] {processor.py:161} INFO - Started process (PID=2409) to work on /opt/airflow/dags/lakehouse_bsg_dag.py
[2026-02-18T17:58:49.271+0000] {processor.py:830} INFO - Processing file /opt/airflow/dags/lakehouse_bsg_dag.py for tasks to queue
[2026-02-18T17:58:49.272+0000] {logging_mixin.py:188} INFO - [2026-02-18T17:58:49.272+0000] {dagbag.py:545} INFO - Filling up the DagBag from /opt/airflow/dags/lakehouse_bsg_dag.py
[2026-02-18T17:58:49.287+0000] {processor.py:840} INFO - DAG(s) 'lakehouse_bronze_silver_gold' retrieved from /opt/airflow/dags/lakehouse_bsg_dag.py
[2026-02-18T17:58:49.314+0000] {logging_mixin.py:188} INFO - [2026-02-18T17:58:49.314+0000] {dag.py:3089} INFO - Sync 1 DAGs
[2026-02-18T17:58:49.324+0000] {logging_mixin.py:188} INFO - [2026-02-18T17:58:49.324+0000] {dag.py:3947} INFO - Setting next_dagrun for lakehouse_bronze_silver_gold to None, run_after=None
[2026-02-18T17:58:49.341+0000] {processor.py:183} INFO - Processing /opt/airflow/dags/lakehouse_bsg_dag.py took 0.075 seconds
[2026-02-18T17:59:22.325+0000] {processor.py:161} INFO - Started process (PID=2414) to work on /opt/airflow/dags/lakehouse_bsg_dag.py
[2026-02-18T17:59:22.326+0000] {processor.py:830} INFO - Processing file /opt/airflow/dags/lakehouse_bsg_dag.py for tasks to queue
[2026-02-18T17:59:22.328+0000] {logging_mixin.py:188} INFO - [2026-02-18T17:59:22.328+0000] {dagbag.py:545} INFO - Filling up the DagBag from /opt/airflow/dags/lakehouse_bsg_dag.py
[2026-02-18T17:59:22.345+0000] {processor.py:840} INFO - DAG(s) 'lakehouse_bronze_silver_gold' retrieved from /opt/airflow/dags/lakehouse_bsg_dag.py
[2026-02-18T17:59:22.371+0000] {logging_mixin.py:188} INFO - [2026-02-18T17:59:22.371+0000] {dag.py:3089} INFO - Sync 1 DAGs
[2026-02-18T17:59:22.381+0000] {logging_mixin.py:188} INFO - [2026-02-18T17:59:22.380+0000] {dag.py:3947} INFO - Setting next_dagrun for lakehouse_bronze_silver_gold to None, run_after=None
[2026-02-18T17:59:22.397+0000] {processor.py:183} INFO - Processing /opt/airflow/dags/lakehouse_bsg_dag.py took 0.077 seconds
[2026-02-18T17:59:55.528+0000] {processor.py:161} INFO - Started process (PID=2419) to work on /opt/airflow/dags/lakehouse_bsg_dag.py
[2026-02-18T17:59:55.529+0000] {processor.py:830} INFO - Processing file /opt/airflow/dags/lakehouse_bsg_dag.py for tasks to queue
[2026-02-18T17:59:55.532+0000] {logging_mixin.py:188} INFO - [2026-02-18T17:59:55.532+0000] {dagbag.py:545} INFO - Filling up the DagBag from /opt/airflow/dags/lakehouse_bsg_dag.py
[2026-02-18T17:59:55.556+0000] {processor.py:840} INFO - DAG(s) 'lakehouse_bronze_silver_gold' retrieved from /opt/airflow/dags/lakehouse_bsg_dag.py
[2026-02-18T17:59:55.602+0000] {logging_mixin.py:188} INFO - [2026-02-18T17:59:55.602+0000] {dag.py:3089} INFO - Sync 1 DAGs
[2026-02-18T17:59:55.619+0000] {logging_mixin.py:188} INFO - [2026-02-18T17:59:55.619+0000] {dag.py:3947} INFO - Setting next_dagrun for lakehouse_bronze_silver_gold to None, run_after=None
[2026-02-18T17:59:55.636+0000] {processor.py:183} INFO - Processing /opt/airflow/dags/lakehouse_bsg_dag.py took 0.116 seconds
[2026-02-18T18:00:28.594+0000] {processor.py:161} INFO - Started process (PID=2424) to work on /opt/airflow/dags/lakehouse_bsg_dag.py
[2026-02-18T18:00:28.595+0000] {processor.py:830} INFO - Processing file /opt/airflow/dags/lakehouse_bsg_dag.py for tasks to queue
[2026-02-18T18:00:28.597+0000] {logging_mixin.py:188} INFO - [2026-02-18T18:00:28.597+0000] {dagbag.py:545} INFO - Filling up the DagBag from /opt/airflow/dags/lakehouse_bsg_dag.py
[2026-02-18T18:00:28.614+0000] {processor.py:840} INFO - DAG(s) 'lakehouse_bronze_silver_gold' retrieved from /opt/airflow/dags/lakehouse_bsg_dag.py
[2026-02-18T18:00:28.639+0000] {logging_mixin.py:188} INFO - [2026-02-18T18:00:28.639+0000] {dag.py:3089} INFO - Sync 1 DAGs
[2026-02-18T18:00:28.649+0000] {logging_mixin.py:188} INFO - [2026-02-18T18:00:28.649+0000] {dag.py:3947} INFO - Setting next_dagrun for lakehouse_bronze_silver_gold to None, run_after=None
[2026-02-18T18:00:28.663+0000] {processor.py:183} INFO - Processing /opt/airflow/dags/lakehouse_bsg_dag.py took 0.073 seconds
[2026-02-18T18:01:00.702+0000] {processor.py:161} INFO - Started process (PID=2429) to work on /opt/airflow/dags/lakehouse_bsg_dag.py
[2026-02-18T18:01:00.703+0000] {processor.py:830} INFO - Processing file /opt/airflow/dags/lakehouse_bsg_dag.py for tasks to queue
[2026-02-18T18:01:00.705+0000] {logging_mixin.py:188} INFO - [2026-02-18T18:01:00.704+0000] {dagbag.py:545} INFO - Filling up the DagBag from /opt/airflow/dags/lakehouse_bsg_dag.py
[2026-02-18T18:01:00.722+0000] {processor.py:840} INFO - DAG(s) 'lakehouse_bronze_silver_gold' retrieved from /opt/airflow/dags/lakehouse_bsg_dag.py
[2026-02-18T18:01:00.749+0000] {logging_mixin.py:188} INFO - [2026-02-18T18:01:00.749+0000] {dag.py:3089} INFO - Sync 1 DAGs
[2026-02-18T18:01:00.760+0000] {logging_mixin.py:188} INFO - [2026-02-18T18:01:00.759+0000] {dag.py:3947} INFO - Setting next_dagrun for lakehouse_bronze_silver_gold to None, run_after=None
[2026-02-18T18:01:00.774+0000] {processor.py:183} INFO - Processing /opt/airflow/dags/lakehouse_bsg_dag.py took 0.076 seconds
[2026-02-18T18:01:33.884+0000] {processor.py:161} INFO - Started process (PID=2434) to work on /opt/airflow/dags/lakehouse_bsg_dag.py
[2026-02-18T18:01:33.887+0000] {processor.py:830} INFO - Processing file /opt/airflow/dags/lakehouse_bsg_dag.py for tasks to queue
[2026-02-18T18:01:33.889+0000] {logging_mixin.py:188} INFO - [2026-02-18T18:01:33.889+0000] {dagbag.py:545} INFO - Filling up the DagBag from /opt/airflow/dags/lakehouse_bsg_dag.py
[2026-02-18T18:01:33.920+0000] {processor.py:840} INFO - DAG(s) 'lakehouse_bronze_silver_gold' retrieved from /opt/airflow/dags/lakehouse_bsg_dag.py
[2026-02-18T18:01:33.972+0000] {logging_mixin.py:188} INFO - [2026-02-18T18:01:33.972+0000] {dag.py:3089} INFO - Sync 1 DAGs
[2026-02-18T18:01:33.998+0000] {logging_mixin.py:188} INFO - [2026-02-18T18:01:33.997+0000] {dag.py:3947} INFO - Setting next_dagrun for lakehouse_bronze_silver_gold to None, run_after=None
[2026-02-18T18:01:34.018+0000] {processor.py:183} INFO - Processing /opt/airflow/dags/lakehouse_bsg_dag.py took 0.140 seconds
[2026-02-18T18:02:06.985+0000] {processor.py:161} INFO - Started process (PID=2439) to work on /opt/airflow/dags/lakehouse_bsg_dag.py
[2026-02-18T18:02:06.987+0000] {processor.py:830} INFO - Processing file /opt/airflow/dags/lakehouse_bsg_dag.py for tasks to queue
[2026-02-18T18:02:06.989+0000] {logging_mixin.py:188} INFO - [2026-02-18T18:02:06.989+0000] {dagbag.py:545} INFO - Filling up the DagBag from /opt/airflow/dags/lakehouse_bsg_dag.py
[2026-02-18T18:02:07.009+0000] {processor.py:840} INFO - DAG(s) 'lakehouse_bronze_silver_gold' retrieved from /opt/airflow/dags/lakehouse_bsg_dag.py
[2026-02-18T18:02:07.041+0000] {logging_mixin.py:188} INFO - [2026-02-18T18:02:07.041+0000] {dag.py:3089} INFO - Sync 1 DAGs
[2026-02-18T18:02:07.052+0000] {logging_mixin.py:188} INFO - [2026-02-18T18:02:07.052+0000] {dag.py:3947} INFO - Setting next_dagrun for lakehouse_bronze_silver_gold to None, run_after=None
[2026-02-18T18:02:07.072+0000] {processor.py:183} INFO - Processing /opt/airflow/dags/lakehouse_bsg_dag.py took 0.095 seconds
[2026-02-18T18:02:40.079+0000] {processor.py:161} INFO - Started process (PID=2444) to work on /opt/airflow/dags/lakehouse_bsg_dag.py
[2026-02-18T18:02:40.080+0000] {processor.py:830} INFO - Processing file /opt/airflow/dags/lakehouse_bsg_dag.py for tasks to queue
[2026-02-18T18:02:40.082+0000] {logging_mixin.py:188} INFO - [2026-02-18T18:02:40.082+0000] {dagbag.py:545} INFO - Filling up the DagBag from /opt/airflow/dags/lakehouse_bsg_dag.py
[2026-02-18T18:02:40.100+0000] {processor.py:840} INFO - DAG(s) 'lakehouse_bronze_silver_gold' retrieved from /opt/airflow/dags/lakehouse_bsg_dag.py
[2026-02-18T18:02:40.127+0000] {logging_mixin.py:188} INFO - [2026-02-18T18:02:40.127+0000] {dag.py:3089} INFO - Sync 1 DAGs
[2026-02-18T18:02:40.138+0000] {logging_mixin.py:188} INFO - [2026-02-18T18:02:40.138+0000] {dag.py:3947} INFO - Setting next_dagrun for lakehouse_bronze_silver_gold to None, run_after=None
[2026-02-18T18:02:40.155+0000] {processor.py:183} INFO - Processing /opt/airflow/dags/lakehouse_bsg_dag.py took 0.081 seconds
[2026-02-18T18:03:13.267+0000] {processor.py:161} INFO - Started process (PID=2449) to work on /opt/airflow/dags/lakehouse_bsg_dag.py
[2026-02-18T18:03:13.268+0000] {processor.py:830} INFO - Processing file /opt/airflow/dags/lakehouse_bsg_dag.py for tasks to queue
[2026-02-18T18:03:13.271+0000] {logging_mixin.py:188} INFO - [2026-02-18T18:03:13.271+0000] {dagbag.py:545} INFO - Filling up the DagBag from /opt/airflow/dags/lakehouse_bsg_dag.py
[2026-02-18T18:03:13.295+0000] {processor.py:840} INFO - DAG(s) 'lakehouse_bronze_silver_gold' retrieved from /opt/airflow/dags/lakehouse_bsg_dag.py
[2026-02-18T18:03:13.319+0000] {logging_mixin.py:188} INFO - [2026-02-18T18:03:13.319+0000] {dag.py:3089} INFO - Sync 1 DAGs
[2026-02-18T18:03:13.330+0000] {logging_mixin.py:188} INFO - [2026-02-18T18:03:13.330+0000] {dag.py:3947} INFO - Setting next_dagrun for lakehouse_bronze_silver_gold to None, run_after=None
[2026-02-18T18:03:13.346+0000] {processor.py:183} INFO - Processing /opt/airflow/dags/lakehouse_bsg_dag.py took 0.084 seconds
[2026-02-18T18:03:46.383+0000] {processor.py:161} INFO - Started process (PID=2454) to work on /opt/airflow/dags/lakehouse_bsg_dag.py
[2026-02-18T18:03:46.384+0000] {processor.py:830} INFO - Processing file /opt/airflow/dags/lakehouse_bsg_dag.py for tasks to queue
[2026-02-18T18:03:46.386+0000] {logging_mixin.py:188} INFO - [2026-02-18T18:03:46.385+0000] {dagbag.py:545} INFO - Filling up the DagBag from /opt/airflow/dags/lakehouse_bsg_dag.py
[2026-02-18T18:03:46.425+0000] {processor.py:840} INFO - DAG(s) 'lakehouse_bronze_silver_gold' retrieved from /opt/airflow/dags/lakehouse_bsg_dag.py
[2026-02-18T18:03:46.457+0000] {logging_mixin.py:188} INFO - [2026-02-18T18:03:46.457+0000] {dag.py:3089} INFO - Sync 1 DAGs
[2026-02-18T18:03:46.468+0000] {logging_mixin.py:188} INFO - [2026-02-18T18:03:46.468+0000] {dag.py:3947} INFO - Setting next_dagrun for lakehouse_bronze_silver_gold to None, run_after=None
[2026-02-18T18:03:46.485+0000] {processor.py:183} INFO - Processing /opt/airflow/dags/lakehouse_bsg_dag.py took 0.106 seconds
[2026-02-18T18:04:18.530+0000] {processor.py:161} INFO - Started process (PID=2459) to work on /opt/airflow/dags/lakehouse_bsg_dag.py
[2026-02-18T18:04:18.531+0000] {processor.py:830} INFO - Processing file /opt/airflow/dags/lakehouse_bsg_dag.py for tasks to queue
[2026-02-18T18:04:18.533+0000] {logging_mixin.py:188} INFO - [2026-02-18T18:04:18.532+0000] {dagbag.py:545} INFO - Filling up the DagBag from /opt/airflow/dags/lakehouse_bsg_dag.py
[2026-02-18T18:04:18.547+0000] {processor.py:840} INFO - DAG(s) 'lakehouse_bronze_silver_gold' retrieved from /opt/airflow/dags/lakehouse_bsg_dag.py
[2026-02-18T18:04:18.572+0000] {logging_mixin.py:188} INFO - [2026-02-18T18:04:18.571+0000] {dag.py:3089} INFO - Sync 1 DAGs
[2026-02-18T18:04:18.582+0000] {logging_mixin.py:188} INFO - [2026-02-18T18:04:18.582+0000] {dag.py:3947} INFO - Setting next_dagrun for lakehouse_bronze_silver_gold to None, run_after=None
[2026-02-18T18:04:18.598+0000] {processor.py:183} INFO - Processing /opt/airflow/dags/lakehouse_bsg_dag.py took 0.072 seconds
[2026-02-18T18:04:51.683+0000] {processor.py:161} INFO - Started process (PID=2464) to work on /opt/airflow/dags/lakehouse_bsg_dag.py
[2026-02-18T18:04:51.685+0000] {processor.py:830} INFO - Processing file /opt/airflow/dags/lakehouse_bsg_dag.py for tasks to queue
[2026-02-18T18:04:51.688+0000] {logging_mixin.py:188} INFO - [2026-02-18T18:04:51.687+0000] {dagbag.py:545} INFO - Filling up the DagBag from /opt/airflow/dags/lakehouse_bsg_dag.py
[2026-02-18T18:04:51.730+0000] {processor.py:840} INFO - DAG(s) 'lakehouse_bronze_silver_gold' retrieved from /opt/airflow/dags/lakehouse_bsg_dag.py
[2026-02-18T18:04:51.768+0000] {logging_mixin.py:188} INFO - [2026-02-18T18:04:51.768+0000] {dag.py:3089} INFO - Sync 1 DAGs
[2026-02-18T18:04:51.781+0000] {logging_mixin.py:188} INFO - [2026-02-18T18:04:51.781+0000] {dag.py:3947} INFO - Setting next_dagrun for lakehouse_bronze_silver_gold to None, run_after=None
[2026-02-18T18:04:51.808+0000] {processor.py:183} INFO - Processing /opt/airflow/dags/lakehouse_bsg_dag.py took 0.129 seconds
[2026-02-18T18:05:24.778+0000] {processor.py:161} INFO - Started process (PID=2469) to work on /opt/airflow/dags/lakehouse_bsg_dag.py
[2026-02-18T18:05:24.780+0000] {processor.py:830} INFO - Processing file /opt/airflow/dags/lakehouse_bsg_dag.py for tasks to queue
[2026-02-18T18:05:24.781+0000] {logging_mixin.py:188} INFO - [2026-02-18T18:05:24.781+0000] {dagbag.py:545} INFO - Filling up the DagBag from /opt/airflow/dags/lakehouse_bsg_dag.py
[2026-02-18T18:05:24.808+0000] {processor.py:840} INFO - DAG(s) 'lakehouse_bronze_silver_gold' retrieved from /opt/airflow/dags/lakehouse_bsg_dag.py
[2026-02-18T18:05:24.836+0000] {logging_mixin.py:188} INFO - [2026-02-18T18:05:24.836+0000] {dag.py:3089} INFO - Sync 1 DAGs
[2026-02-18T18:05:24.846+0000] {logging_mixin.py:188} INFO - [2026-02-18T18:05:24.846+0000] {dag.py:3947} INFO - Setting next_dagrun for lakehouse_bronze_silver_gold to None, run_after=None
[2026-02-18T18:05:24.860+0000] {processor.py:183} INFO - Processing /opt/airflow/dags/lakehouse_bsg_dag.py took 0.086 seconds
[2026-02-18T18:05:55.408+0000] {processor.py:161} INFO - Started process (PID=2474) to work on /opt/airflow/dags/lakehouse_bsg_dag.py
[2026-02-18T18:05:55.410+0000] {processor.py:830} INFO - Processing file /opt/airflow/dags/lakehouse_bsg_dag.py for tasks to queue
[2026-02-18T18:05:55.412+0000] {logging_mixin.py:188} INFO - [2026-02-18T18:05:55.412+0000] {dagbag.py:545} INFO - Filling up the DagBag from /opt/airflow/dags/lakehouse_bsg_dag.py
[2026-02-18T18:05:55.429+0000] {processor.py:840} INFO - DAG(s) 'lakehouse_bronze_silver_gold' retrieved from /opt/airflow/dags/lakehouse_bsg_dag.py
[2026-02-18T18:05:55.459+0000] {logging_mixin.py:188} INFO - [2026-02-18T18:05:55.459+0000] {dag.py:3089} INFO - Sync 1 DAGs
[2026-02-18T18:05:55.475+0000] {logging_mixin.py:188} INFO - [2026-02-18T18:05:55.475+0000] {dag.py:3947} INFO - Setting next_dagrun for lakehouse_bronze_silver_gold to None, run_after=None
[2026-02-18T18:05:55.494+0000] {processor.py:183} INFO - Processing /opt/airflow/dags/lakehouse_bsg_dag.py took 0.092 seconds
[2026-02-18T18:06:25.603+0000] {processor.py:161} INFO - Started process (PID=2479) to work on /opt/airflow/dags/lakehouse_bsg_dag.py
[2026-02-18T18:06:25.604+0000] {processor.py:830} INFO - Processing file /opt/airflow/dags/lakehouse_bsg_dag.py for tasks to queue
[2026-02-18T18:06:25.606+0000] {logging_mixin.py:188} INFO - [2026-02-18T18:06:25.605+0000] {dagbag.py:545} INFO - Filling up the DagBag from /opt/airflow/dags/lakehouse_bsg_dag.py
[2026-02-18T18:06:25.622+0000] {processor.py:840} INFO - DAG(s) 'lakehouse_bronze_silver_gold' retrieved from /opt/airflow/dags/lakehouse_bsg_dag.py
[2026-02-18T18:06:25.652+0000] {logging_mixin.py:188} INFO - [2026-02-18T18:06:25.652+0000] {dag.py:3089} INFO - Sync 1 DAGs
[2026-02-18T18:06:25.663+0000] {logging_mixin.py:188} INFO - [2026-02-18T18:06:25.662+0000] {dag.py:3947} INFO - Setting next_dagrun for lakehouse_bronze_silver_gold to None, run_after=None
[2026-02-18T18:06:25.678+0000] {processor.py:183} INFO - Processing /opt/airflow/dags/lakehouse_bsg_dag.py took 0.080 seconds
[2026-02-18T18:06:56.308+0000] {processor.py:161} INFO - Started process (PID=2484) to work on /opt/airflow/dags/lakehouse_bsg_dag.py
[2026-02-18T18:06:56.309+0000] {processor.py:830} INFO - Processing file /opt/airflow/dags/lakehouse_bsg_dag.py for tasks to queue
[2026-02-18T18:06:56.311+0000] {logging_mixin.py:188} INFO - [2026-02-18T18:06:56.311+0000] {dagbag.py:545} INFO - Filling up the DagBag from /opt/airflow/dags/lakehouse_bsg_dag.py
[2026-02-18T18:06:56.326+0000] {processor.py:840} INFO - DAG(s) 'lakehouse_bronze_silver_gold' retrieved from /opt/airflow/dags/lakehouse_bsg_dag.py
[2026-02-18T18:06:56.357+0000] {logging_mixin.py:188} INFO - [2026-02-18T18:06:56.357+0000] {dag.py:3089} INFO - Sync 1 DAGs
[2026-02-18T18:06:56.368+0000] {logging_mixin.py:188} INFO - [2026-02-18T18:06:56.368+0000] {dag.py:3947} INFO - Setting next_dagrun for lakehouse_bronze_silver_gold to None, run_after=None
[2026-02-18T18:06:56.385+0000] {processor.py:183} INFO - Processing /opt/airflow/dags/lakehouse_bsg_dag.py took 0.080 seconds
[2026-02-18T18:07:26.476+0000] {processor.py:161} INFO - Started process (PID=2489) to work on /opt/airflow/dags/lakehouse_bsg_dag.py
[2026-02-18T18:07:26.478+0000] {processor.py:830} INFO - Processing file /opt/airflow/dags/lakehouse_bsg_dag.py for tasks to queue
[2026-02-18T18:07:26.480+0000] {logging_mixin.py:188} INFO - [2026-02-18T18:07:26.479+0000] {dagbag.py:545} INFO - Filling up the DagBag from /opt/airflow/dags/lakehouse_bsg_dag.py
[2026-02-18T18:07:26.499+0000] {processor.py:840} INFO - DAG(s) 'lakehouse_bronze_silver_gold' retrieved from /opt/airflow/dags/lakehouse_bsg_dag.py
[2026-02-18T18:07:26.533+0000] {logging_mixin.py:188} INFO - [2026-02-18T18:07:26.533+0000] {dag.py:3089} INFO - Sync 1 DAGs
[2026-02-18T18:07:26.546+0000] {logging_mixin.py:188} INFO - [2026-02-18T18:07:26.546+0000] {dag.py:3947} INFO - Setting next_dagrun for lakehouse_bronze_silver_gold to None, run_after=None
[2026-02-18T18:07:26.564+0000] {processor.py:183} INFO - Processing /opt/airflow/dags/lakehouse_bsg_dag.py took 0.094 seconds
[2026-02-18T18:07:56.634+0000] {processor.py:161} INFO - Started process (PID=2494) to work on /opt/airflow/dags/lakehouse_bsg_dag.py
[2026-02-18T18:07:56.635+0000] {processor.py:830} INFO - Processing file /opt/airflow/dags/lakehouse_bsg_dag.py for tasks to queue
[2026-02-18T18:07:56.637+0000] {logging_mixin.py:188} INFO - [2026-02-18T18:07:56.636+0000] {dagbag.py:545} INFO - Filling up the DagBag from /opt/airflow/dags/lakehouse_bsg_dag.py
[2026-02-18T18:07:56.655+0000] {processor.py:840} INFO - DAG(s) 'lakehouse_bronze_silver_gold' retrieved from /opt/airflow/dags/lakehouse_bsg_dag.py
[2026-02-18T18:07:56.682+0000] {logging_mixin.py:188} INFO - [2026-02-18T18:07:56.681+0000] {dag.py:3089} INFO - Sync 1 DAGs
[2026-02-18T18:07:56.693+0000] {logging_mixin.py:188} INFO - [2026-02-18T18:07:56.693+0000] {dag.py:3947} INFO - Setting next_dagrun for lakehouse_bronze_silver_gold to None, run_after=None
[2026-02-18T18:07:56.710+0000] {processor.py:183} INFO - Processing /opt/airflow/dags/lakehouse_bsg_dag.py took 0.080 seconds
[2026-02-18T18:08:26.819+0000] {processor.py:161} INFO - Started process (PID=2499) to work on /opt/airflow/dags/lakehouse_bsg_dag.py
[2026-02-18T18:08:26.821+0000] {processor.py:830} INFO - Processing file /opt/airflow/dags/lakehouse_bsg_dag.py for tasks to queue
[2026-02-18T18:08:26.823+0000] {logging_mixin.py:188} INFO - [2026-02-18T18:08:26.823+0000] {dagbag.py:545} INFO - Filling up the DagBag from /opt/airflow/dags/lakehouse_bsg_dag.py
[2026-02-18T18:08:26.842+0000] {processor.py:840} INFO - DAG(s) 'lakehouse_bronze_silver_gold' retrieved from /opt/airflow/dags/lakehouse_bsg_dag.py
[2026-02-18T18:08:26.869+0000] {logging_mixin.py:188} INFO - [2026-02-18T18:08:26.869+0000] {dag.py:3089} INFO - Sync 1 DAGs
[2026-02-18T18:08:26.881+0000] {logging_mixin.py:188} INFO - [2026-02-18T18:08:26.881+0000] {dag.py:3947} INFO - Setting next_dagrun for lakehouse_bronze_silver_gold to None, run_after=None
[2026-02-18T18:08:26.896+0000] {processor.py:183} INFO - Processing /opt/airflow/dags/lakehouse_bsg_dag.py took 0.082 seconds
[2026-02-18T18:08:56.952+0000] {processor.py:161} INFO - Started process (PID=2504) to work on /opt/airflow/dags/lakehouse_bsg_dag.py
[2026-02-18T18:08:56.953+0000] {processor.py:830} INFO - Processing file /opt/airflow/dags/lakehouse_bsg_dag.py for tasks to queue
[2026-02-18T18:08:56.954+0000] {logging_mixin.py:188} INFO - [2026-02-18T18:08:56.954+0000] {dagbag.py:545} INFO - Filling up the DagBag from /opt/airflow/dags/lakehouse_bsg_dag.py
[2026-02-18T18:08:56.967+0000] {processor.py:840} INFO - DAG(s) 'lakehouse_bronze_silver_gold' retrieved from /opt/airflow/dags/lakehouse_bsg_dag.py
[2026-02-18T18:08:56.993+0000] {logging_mixin.py:188} INFO - [2026-02-18T18:08:56.993+0000] {dag.py:3089} INFO - Sync 1 DAGs
[2026-02-18T18:08:57.003+0000] {logging_mixin.py:188} INFO - [2026-02-18T18:08:57.003+0000] {dag.py:3947} INFO - Setting next_dagrun for lakehouse_bronze_silver_gold to None, run_after=None
[2026-02-18T18:08:57.022+0000] {processor.py:183} INFO - Processing /opt/airflow/dags/lakehouse_bsg_dag.py took 0.074 seconds
[2026-02-18T18:09:27.131+0000] {processor.py:161} INFO - Started process (PID=2509) to work on /opt/airflow/dags/lakehouse_bsg_dag.py
[2026-02-18T18:09:27.132+0000] {processor.py:830} INFO - Processing file /opt/airflow/dags/lakehouse_bsg_dag.py for tasks to queue
[2026-02-18T18:09:27.134+0000] {logging_mixin.py:188} INFO - [2026-02-18T18:09:27.134+0000] {dagbag.py:545} INFO - Filling up the DagBag from /opt/airflow/dags/lakehouse_bsg_dag.py
[2026-02-18T18:09:27.150+0000] {processor.py:840} INFO - DAG(s) 'lakehouse_bronze_silver_gold' retrieved from /opt/airflow/dags/lakehouse_bsg_dag.py
[2026-02-18T18:09:27.176+0000] {logging_mixin.py:188} INFO - [2026-02-18T18:09:27.176+0000] {dag.py:3089} INFO - Sync 1 DAGs
[2026-02-18T18:09:27.187+0000] {logging_mixin.py:188} INFO - [2026-02-18T18:09:27.186+0000] {dag.py:3947} INFO - Setting next_dagrun for lakehouse_bronze_silver_gold to None, run_after=None
[2026-02-18T18:09:27.201+0000] {processor.py:183} INFO - Processing /opt/airflow/dags/lakehouse_bsg_dag.py took 0.075 seconds
[2026-02-18T18:09:57.320+0000] {processor.py:161} INFO - Started process (PID=2514) to work on /opt/airflow/dags/lakehouse_bsg_dag.py
[2026-02-18T18:09:57.324+0000] {processor.py:830} INFO - Processing file /opt/airflow/dags/lakehouse_bsg_dag.py for tasks to queue
[2026-02-18T18:09:57.328+0000] {logging_mixin.py:188} INFO - [2026-02-18T18:09:57.327+0000] {dagbag.py:545} INFO - Filling up the DagBag from /opt/airflow/dags/lakehouse_bsg_dag.py
[2026-02-18T18:09:57.367+0000] {processor.py:840} INFO - DAG(s) 'lakehouse_bronze_silver_gold' retrieved from /opt/airflow/dags/lakehouse_bsg_dag.py
[2026-02-18T18:09:57.398+0000] {logging_mixin.py:188} INFO - [2026-02-18T18:09:57.398+0000] {dag.py:3089} INFO - Sync 1 DAGs
[2026-02-18T18:09:57.409+0000] {logging_mixin.py:188} INFO - [2026-02-18T18:09:57.409+0000] {dag.py:3947} INFO - Setting next_dagrun for lakehouse_bronze_silver_gold to None, run_after=None
[2026-02-18T18:09:57.428+0000] {processor.py:183} INFO - Processing /opt/airflow/dags/lakehouse_bsg_dag.py took 0.114 seconds
[2026-02-18T18:10:27.587+0000] {processor.py:161} INFO - Started process (PID=2519) to work on /opt/airflow/dags/lakehouse_bsg_dag.py
[2026-02-18T18:10:27.591+0000] {processor.py:830} INFO - Processing file /opt/airflow/dags/lakehouse_bsg_dag.py for tasks to queue
[2026-02-18T18:10:27.598+0000] {logging_mixin.py:188} INFO - [2026-02-18T18:10:27.596+0000] {dagbag.py:545} INFO - Filling up the DagBag from /opt/airflow/dags/lakehouse_bsg_dag.py
[2026-02-18T18:10:27.667+0000] {processor.py:840} INFO - DAG(s) 'lakehouse_bronze_silver_gold' retrieved from /opt/airflow/dags/lakehouse_bsg_dag.py
[2026-02-18T18:10:27.775+0000] {logging_mixin.py:188} INFO - [2026-02-18T18:10:27.775+0000] {dag.py:3089} INFO - Sync 1 DAGs
[2026-02-18T18:10:27.800+0000] {logging_mixin.py:188} INFO - [2026-02-18T18:10:27.799+0000] {dag.py:3947} INFO - Setting next_dagrun for lakehouse_bronze_silver_gold to None, run_after=None
[2026-02-18T18:10:27.844+0000] {processor.py:183} INFO - Processing /opt/airflow/dags/lakehouse_bsg_dag.py took 0.282 seconds
[2026-02-18T18:10:58.171+0000] {processor.py:161} INFO - Started process (PID=2524) to work on /opt/airflow/dags/lakehouse_bsg_dag.py
[2026-02-18T18:10:58.182+0000] {processor.py:830} INFO - Processing file /opt/airflow/dags/lakehouse_bsg_dag.py for tasks to queue
[2026-02-18T18:10:58.216+0000] {logging_mixin.py:188} INFO - [2026-02-18T18:10:58.210+0000] {dagbag.py:545} INFO - Filling up the DagBag from /opt/airflow/dags/lakehouse_bsg_dag.py
[2026-02-18T18:10:58.369+0000] {processor.py:840} INFO - DAG(s) 'lakehouse_bronze_silver_gold' retrieved from /opt/airflow/dags/lakehouse_bsg_dag.py
[2026-02-18T18:10:58.607+0000] {logging_mixin.py:188} INFO - [2026-02-18T18:10:58.606+0000] {dag.py:3089} INFO - Sync 1 DAGs
[2026-02-18T18:10:58.711+0000] {logging_mixin.py:188} INFO - [2026-02-18T18:10:58.710+0000] {dag.py:3947} INFO - Setting next_dagrun for lakehouse_bronze_silver_gold to None, run_after=None
[2026-02-18T18:10:58.769+0000] {processor.py:183} INFO - Processing /opt/airflow/dags/lakehouse_bsg_dag.py took 0.677 seconds
[2026-02-18T18:11:28.893+0000] {processor.py:161} INFO - Started process (PID=2529) to work on /opt/airflow/dags/lakehouse_bsg_dag.py
[2026-02-18T18:11:28.894+0000] {processor.py:830} INFO - Processing file /opt/airflow/dags/lakehouse_bsg_dag.py for tasks to queue
[2026-02-18T18:11:28.896+0000] {logging_mixin.py:188} INFO - [2026-02-18T18:11:28.896+0000] {dagbag.py:545} INFO - Filling up the DagBag from /opt/airflow/dags/lakehouse_bsg_dag.py
[2026-02-18T18:11:28.921+0000] {processor.py:840} INFO - DAG(s) 'lakehouse_bronze_silver_gold' retrieved from /opt/airflow/dags/lakehouse_bsg_dag.py
[2026-02-18T18:11:28.950+0000] {logging_mixin.py:188} INFO - [2026-02-18T18:11:28.950+0000] {dag.py:3089} INFO - Sync 1 DAGs
[2026-02-18T18:11:28.959+0000] {logging_mixin.py:188} INFO - [2026-02-18T18:11:28.959+0000] {dag.py:3947} INFO - Setting next_dagrun for lakehouse_bronze_silver_gold to None, run_after=None
[2026-02-18T18:11:28.975+0000] {processor.py:183} INFO - Processing /opt/airflow/dags/lakehouse_bsg_dag.py took 0.088 seconds
[2026-02-18T18:11:59.978+0000] {processor.py:161} INFO - Started process (PID=2534) to work on /opt/airflow/dags/lakehouse_bsg_dag.py
[2026-02-18T18:11:59.979+0000] {processor.py:830} INFO - Processing file /opt/airflow/dags/lakehouse_bsg_dag.py for tasks to queue
[2026-02-18T18:11:59.981+0000] {logging_mixin.py:188} INFO - [2026-02-18T18:11:59.981+0000] {dagbag.py:545} INFO - Filling up the DagBag from /opt/airflow/dags/lakehouse_bsg_dag.py
[2026-02-18T18:12:00.012+0000] {processor.py:840} INFO - DAG(s) 'lakehouse_bronze_silver_gold' retrieved from /opt/airflow/dags/lakehouse_bsg_dag.py
[2026-02-18T18:12:00.038+0000] {logging_mixin.py:188} INFO - [2026-02-18T18:12:00.038+0000] {dag.py:3089} INFO - Sync 1 DAGs
[2026-02-18T18:12:00.047+0000] {logging_mixin.py:188} INFO - [2026-02-18T18:12:00.047+0000] {dag.py:3947} INFO - Setting next_dagrun for lakehouse_bronze_silver_gold to None, run_after=None
[2026-02-18T18:12:00.061+0000] {processor.py:183} INFO - Processing /opt/airflow/dags/lakehouse_bsg_dag.py took 0.089 seconds
[2026-02-18T18:12:33.183+0000] {processor.py:161} INFO - Started process (PID=2539) to work on /opt/airflow/dags/lakehouse_bsg_dag.py
[2026-02-18T18:12:33.185+0000] {processor.py:830} INFO - Processing file /opt/airflow/dags/lakehouse_bsg_dag.py for tasks to queue
[2026-02-18T18:12:33.187+0000] {logging_mixin.py:188} INFO - [2026-02-18T18:12:33.187+0000] {dagbag.py:545} INFO - Filling up the DagBag from /opt/airflow/dags/lakehouse_bsg_dag.py
[2026-02-18T18:12:33.221+0000] {processor.py:840} INFO - DAG(s) 'lakehouse_bronze_silver_gold' retrieved from /opt/airflow/dags/lakehouse_bsg_dag.py
[2026-02-18T18:12:33.244+0000] {logging_mixin.py:188} INFO - [2026-02-18T18:12:33.244+0000] {dag.py:3089} INFO - Sync 1 DAGs
[2026-02-18T18:12:33.254+0000] {logging_mixin.py:188} INFO - [2026-02-18T18:12:33.253+0000] {dag.py:3947} INFO - Setting next_dagrun for lakehouse_bronze_silver_gold to None, run_after=None
[2026-02-18T18:12:33.267+0000] {processor.py:183} INFO - Processing /opt/airflow/dags/lakehouse_bsg_dag.py took 0.088 seconds
[2026-02-18T18:13:06.281+0000] {processor.py:161} INFO - Started process (PID=2544) to work on /opt/airflow/dags/lakehouse_bsg_dag.py
[2026-02-18T18:13:06.283+0000] {processor.py:830} INFO - Processing file /opt/airflow/dags/lakehouse_bsg_dag.py for tasks to queue
[2026-02-18T18:13:06.284+0000] {logging_mixin.py:188} INFO - [2026-02-18T18:13:06.284+0000] {dagbag.py:545} INFO - Filling up the DagBag from /opt/airflow/dags/lakehouse_bsg_dag.py
[2026-02-18T18:13:06.300+0000] {processor.py:840} INFO - DAG(s) 'lakehouse_bronze_silver_gold' retrieved from /opt/airflow/dags/lakehouse_bsg_dag.py
[2026-02-18T18:13:06.328+0000] {logging_mixin.py:188} INFO - [2026-02-18T18:13:06.328+0000] {dag.py:3089} INFO - Sync 1 DAGs
[2026-02-18T18:13:06.339+0000] {logging_mixin.py:188} INFO - [2026-02-18T18:13:06.339+0000] {dag.py:3947} INFO - Setting next_dagrun for lakehouse_bronze_silver_gold to None, run_after=None
[2026-02-18T18:13:06.356+0000] {processor.py:183} INFO - Processing /opt/airflow/dags/lakehouse_bsg_dag.py took 0.081 seconds
[2026-02-18T18:13:39.511+0000] {processor.py:161} INFO - Started process (PID=2549) to work on /opt/airflow/dags/lakehouse_bsg_dag.py
[2026-02-18T18:13:39.512+0000] {processor.py:830} INFO - Processing file /opt/airflow/dags/lakehouse_bsg_dag.py for tasks to queue
[2026-02-18T18:13:39.514+0000] {logging_mixin.py:188} INFO - [2026-02-18T18:13:39.514+0000] {dagbag.py:545} INFO - Filling up the DagBag from /opt/airflow/dags/lakehouse_bsg_dag.py
[2026-02-18T18:13:39.529+0000] {processor.py:840} INFO - DAG(s) 'lakehouse_bronze_silver_gold' retrieved from /opt/airflow/dags/lakehouse_bsg_dag.py
[2026-02-18T18:13:39.554+0000] {logging_mixin.py:188} INFO - [2026-02-18T18:13:39.554+0000] {dag.py:3089} INFO - Sync 1 DAGs
[2026-02-18T18:13:39.564+0000] {logging_mixin.py:188} INFO - [2026-02-18T18:13:39.564+0000] {dag.py:3947} INFO - Setting next_dagrun for lakehouse_bronze_silver_gold to None, run_after=None
[2026-02-18T18:13:39.580+0000] {processor.py:183} INFO - Processing /opt/airflow/dags/lakehouse_bsg_dag.py took 0.074 seconds
[2026-02-18T18:14:11.644+0000] {processor.py:161} INFO - Started process (PID=2554) to work on /opt/airflow/dags/lakehouse_bsg_dag.py
[2026-02-18T18:14:11.645+0000] {processor.py:830} INFO - Processing file /opt/airflow/dags/lakehouse_bsg_dag.py for tasks to queue
[2026-02-18T18:14:11.647+0000] {logging_mixin.py:188} INFO - [2026-02-18T18:14:11.646+0000] {dagbag.py:545} INFO - Filling up the DagBag from /opt/airflow/dags/lakehouse_bsg_dag.py
[2026-02-18T18:14:11.663+0000] {processor.py:840} INFO - DAG(s) 'lakehouse_bronze_silver_gold' retrieved from /opt/airflow/dags/lakehouse_bsg_dag.py
[2026-02-18T18:14:11.690+0000] {logging_mixin.py:188} INFO - [2026-02-18T18:14:11.690+0000] {dag.py:3089} INFO - Sync 1 DAGs
[2026-02-18T18:14:11.700+0000] {logging_mixin.py:188} INFO - [2026-02-18T18:14:11.700+0000] {dag.py:3947} INFO - Setting next_dagrun for lakehouse_bronze_silver_gold to None, run_after=None
[2026-02-18T18:14:11.718+0000] {processor.py:183} INFO - Processing /opt/airflow/dags/lakehouse_bsg_dag.py took 0.080 seconds
[2026-02-18T18:14:44.793+0000] {processor.py:161} INFO - Started process (PID=2559) to work on /opt/airflow/dags/lakehouse_bsg_dag.py
[2026-02-18T18:14:44.795+0000] {processor.py:830} INFO - Processing file /opt/airflow/dags/lakehouse_bsg_dag.py for tasks to queue
[2026-02-18T18:14:44.797+0000] {logging_mixin.py:188} INFO - [2026-02-18T18:14:44.797+0000] {dagbag.py:545} INFO - Filling up the DagBag from /opt/airflow/dags/lakehouse_bsg_dag.py
[2026-02-18T18:14:44.830+0000] {processor.py:840} INFO - DAG(s) 'lakehouse_bronze_silver_gold' retrieved from /opt/airflow/dags/lakehouse_bsg_dag.py
[2026-02-18T18:14:44.852+0000] {logging_mixin.py:188} INFO - [2026-02-18T18:14:44.852+0000] {dag.py:3089} INFO - Sync 1 DAGs
[2026-02-18T18:14:44.861+0000] {logging_mixin.py:188} INFO - [2026-02-18T18:14:44.861+0000] {dag.py:3947} INFO - Setting next_dagrun for lakehouse_bronze_silver_gold to None, run_after=None
[2026-02-18T18:14:44.873+0000] {processor.py:183} INFO - Processing /opt/airflow/dags/lakehouse_bsg_dag.py took 0.087 seconds
[2026-02-18T18:15:17.960+0000] {processor.py:161} INFO - Started process (PID=2564) to work on /opt/airflow/dags/lakehouse_bsg_dag.py
[2026-02-18T18:15:17.961+0000] {processor.py:830} INFO - Processing file /opt/airflow/dags/lakehouse_bsg_dag.py for tasks to queue
[2026-02-18T18:15:17.963+0000] {logging_mixin.py:188} INFO - [2026-02-18T18:15:17.962+0000] {dagbag.py:545} INFO - Filling up the DagBag from /opt/airflow/dags/lakehouse_bsg_dag.py
[2026-02-18T18:15:17.975+0000] {processor.py:840} INFO - DAG(s) 'lakehouse_bronze_silver_gold' retrieved from /opt/airflow/dags/lakehouse_bsg_dag.py
[2026-02-18T18:15:18.000+0000] {logging_mixin.py:188} INFO - [2026-02-18T18:15:17.999+0000] {dag.py:3089} INFO - Sync 1 DAGs
[2026-02-18T18:15:18.008+0000] {logging_mixin.py:188} INFO - [2026-02-18T18:15:18.008+0000] {dag.py:3947} INFO - Setting next_dagrun for lakehouse_bronze_silver_gold to None, run_after=None
[2026-02-18T18:15:18.023+0000] {processor.py:183} INFO - Processing /opt/airflow/dags/lakehouse_bsg_dag.py took 0.068 seconds
[2026-02-18T18:15:51.138+0000] {processor.py:161} INFO - Started process (PID=2569) to work on /opt/airflow/dags/lakehouse_bsg_dag.py
[2026-02-18T18:15:51.139+0000] {processor.py:830} INFO - Processing file /opt/airflow/dags/lakehouse_bsg_dag.py for tasks to queue
[2026-02-18T18:15:51.140+0000] {logging_mixin.py:188} INFO - [2026-02-18T18:15:51.140+0000] {dagbag.py:545} INFO - Filling up the DagBag from /opt/airflow/dags/lakehouse_bsg_dag.py
[2026-02-18T18:15:51.153+0000] {processor.py:840} INFO - DAG(s) 'lakehouse_bronze_silver_gold' retrieved from /opt/airflow/dags/lakehouse_bsg_dag.py
[2026-02-18T18:15:51.175+0000] {logging_mixin.py:188} INFO - [2026-02-18T18:15:51.175+0000] {dag.py:3089} INFO - Sync 1 DAGs
[2026-02-18T18:15:51.185+0000] {logging_mixin.py:188} INFO - [2026-02-18T18:15:51.185+0000] {dag.py:3947} INFO - Setting next_dagrun for lakehouse_bronze_silver_gold to None, run_after=None
[2026-02-18T18:15:51.200+0000] {processor.py:183} INFO - Processing /opt/airflow/dags/lakehouse_bsg_dag.py took 0.066 seconds
[2026-02-18T18:16:23.286+0000] {processor.py:161} INFO - Started process (PID=2574) to work on /opt/airflow/dags/lakehouse_bsg_dag.py
[2026-02-18T18:16:23.287+0000] {processor.py:830} INFO - Processing file /opt/airflow/dags/lakehouse_bsg_dag.py for tasks to queue
[2026-02-18T18:16:23.298+0000] {logging_mixin.py:188} INFO - [2026-02-18T18:16:23.297+0000] {dagbag.py:545} INFO - Filling up the DagBag from /opt/airflow/dags/lakehouse_bsg_dag.py
[2026-02-18T18:16:23.317+0000] {processor.py:840} INFO - DAG(s) 'lakehouse_bronze_silver_gold' retrieved from /opt/airflow/dags/lakehouse_bsg_dag.py
[2026-02-18T18:16:23.341+0000] {logging_mixin.py:188} INFO - [2026-02-18T18:16:23.341+0000] {dag.py:3089} INFO - Sync 1 DAGs
[2026-02-18T18:16:23.351+0000] {logging_mixin.py:188} INFO - [2026-02-18T18:16:23.351+0000] {dag.py:3947} INFO - Setting next_dagrun for lakehouse_bronze_silver_gold to None, run_after=None
[2026-02-18T18:16:23.396+0000] {processor.py:183} INFO - Processing /opt/airflow/dags/lakehouse_bsg_dag.py took 0.115 seconds
[2026-02-18T18:16:56.530+0000] {processor.py:161} INFO - Started process (PID=2579) to work on /opt/airflow/dags/lakehouse_bsg_dag.py
[2026-02-18T18:16:56.531+0000] {processor.py:830} INFO - Processing file /opt/airflow/dags/lakehouse_bsg_dag.py for tasks to queue
[2026-02-18T18:16:56.532+0000] {logging_mixin.py:188} INFO - [2026-02-18T18:16:56.532+0000] {dagbag.py:545} INFO - Filling up the DagBag from /opt/airflow/dags/lakehouse_bsg_dag.py
[2026-02-18T18:16:56.546+0000] {processor.py:840} INFO - DAG(s) 'lakehouse_bronze_silver_gold' retrieved from /opt/airflow/dags/lakehouse_bsg_dag.py
[2026-02-18T18:16:56.569+0000] {logging_mixin.py:188} INFO - [2026-02-18T18:16:56.568+0000] {dag.py:3089} INFO - Sync 1 DAGs
[2026-02-18T18:16:56.577+0000] {logging_mixin.py:188} INFO - [2026-02-18T18:16:56.577+0000] {dag.py:3947} INFO - Setting next_dagrun for lakehouse_bronze_silver_gold to None, run_after=None
[2026-02-18T18:16:56.591+0000] {processor.py:183} INFO - Processing /opt/airflow/dags/lakehouse_bsg_dag.py took 0.066 seconds
[2026-02-18T18:17:29.705+0000] {processor.py:161} INFO - Started process (PID=2584) to work on /opt/airflow/dags/lakehouse_bsg_dag.py
[2026-02-18T18:17:29.706+0000] {processor.py:830} INFO - Processing file /opt/airflow/dags/lakehouse_bsg_dag.py for tasks to queue
[2026-02-18T18:17:29.708+0000] {logging_mixin.py:188} INFO - [2026-02-18T18:17:29.707+0000] {dagbag.py:545} INFO - Filling up the DagBag from /opt/airflow/dags/lakehouse_bsg_dag.py
[2026-02-18T18:17:29.767+0000] {processor.py:840} INFO - DAG(s) 'lakehouse_bronze_silver_gold' retrieved from /opt/airflow/dags/lakehouse_bsg_dag.py
[2026-02-18T18:17:29.793+0000] {logging_mixin.py:188} INFO - [2026-02-18T18:17:29.793+0000] {dag.py:3089} INFO - Sync 1 DAGs
[2026-02-18T18:17:29.802+0000] {logging_mixin.py:188} INFO - [2026-02-18T18:17:29.802+0000] {dag.py:3947} INFO - Setting next_dagrun for lakehouse_bronze_silver_gold to None, run_after=None
[2026-02-18T18:17:29.818+0000] {processor.py:183} INFO - Processing /opt/airflow/dags/lakehouse_bsg_dag.py took 0.118 seconds
[2026-02-18T18:18:02.865+0000] {processor.py:161} INFO - Started process (PID=2589) to work on /opt/airflow/dags/lakehouse_bsg_dag.py
[2026-02-18T18:18:02.871+0000] {processor.py:830} INFO - Processing file /opt/airflow/dags/lakehouse_bsg_dag.py for tasks to queue
[2026-02-18T18:18:02.873+0000] {logging_mixin.py:188} INFO - [2026-02-18T18:18:02.873+0000] {dagbag.py:545} INFO - Filling up the DagBag from /opt/airflow/dags/lakehouse_bsg_dag.py
[2026-02-18T18:18:02.896+0000] {processor.py:840} INFO - DAG(s) 'lakehouse_bronze_silver_gold' retrieved from /opt/airflow/dags/lakehouse_bsg_dag.py
[2026-02-18T18:18:02.923+0000] {logging_mixin.py:188} INFO - [2026-02-18T18:18:02.923+0000] {dag.py:3089} INFO - Sync 1 DAGs
[2026-02-18T18:18:02.933+0000] {logging_mixin.py:188} INFO - [2026-02-18T18:18:02.933+0000] {dag.py:3947} INFO - Setting next_dagrun for lakehouse_bronze_silver_gold to None, run_after=None
[2026-02-18T18:18:02.950+0000] {processor.py:183} INFO - Processing /opt/airflow/dags/lakehouse_bsg_dag.py took 0.090 seconds
[2026-02-18T18:18:35.072+0000] {processor.py:161} INFO - Started process (PID=2594) to work on /opt/airflow/dags/lakehouse_bsg_dag.py
[2026-02-18T18:18:35.073+0000] {processor.py:830} INFO - Processing file /opt/airflow/dags/lakehouse_bsg_dag.py for tasks to queue
[2026-02-18T18:18:35.074+0000] {logging_mixin.py:188} INFO - [2026-02-18T18:18:35.074+0000] {dagbag.py:545} INFO - Filling up the DagBag from /opt/airflow/dags/lakehouse_bsg_dag.py
[2026-02-18T18:18:35.089+0000] {processor.py:840} INFO - DAG(s) 'lakehouse_bronze_silver_gold' retrieved from /opt/airflow/dags/lakehouse_bsg_dag.py
[2026-02-18T18:18:35.112+0000] {logging_mixin.py:188} INFO - [2026-02-18T18:18:35.112+0000] {dag.py:3089} INFO - Sync 1 DAGs
[2026-02-18T18:18:35.122+0000] {logging_mixin.py:188} INFO - [2026-02-18T18:18:35.122+0000] {dag.py:3947} INFO - Setting next_dagrun for lakehouse_bronze_silver_gold to None, run_after=None
[2026-02-18T18:18:35.138+0000] {processor.py:183} INFO - Processing /opt/airflow/dags/lakehouse_bsg_dag.py took 0.071 seconds
[2026-02-18T18:19:08.144+0000] {processor.py:161} INFO - Started process (PID=2599) to work on /opt/airflow/dags/lakehouse_bsg_dag.py
[2026-02-18T18:19:08.146+0000] {processor.py:830} INFO - Processing file /opt/airflow/dags/lakehouse_bsg_dag.py for tasks to queue
[2026-02-18T18:19:08.148+0000] {logging_mixin.py:188} INFO - [2026-02-18T18:19:08.148+0000] {dagbag.py:545} INFO - Filling up the DagBag from /opt/airflow/dags/lakehouse_bsg_dag.py
[2026-02-18T18:19:08.161+0000] {processor.py:840} INFO - DAG(s) 'lakehouse_bronze_silver_gold' retrieved from /opt/airflow/dags/lakehouse_bsg_dag.py
[2026-02-18T18:19:08.184+0000] {logging_mixin.py:188} INFO - [2026-02-18T18:19:08.184+0000] {dag.py:3089} INFO - Sync 1 DAGs
[2026-02-18T18:19:08.194+0000] {logging_mixin.py:188} INFO - [2026-02-18T18:19:08.194+0000] {dag.py:3947} INFO - Setting next_dagrun for lakehouse_bronze_silver_gold to None, run_after=None
[2026-02-18T18:19:08.210+0000] {processor.py:183} INFO - Processing /opt/airflow/dags/lakehouse_bsg_dag.py took 0.070 seconds
[2026-02-18T18:19:41.395+0000] {processor.py:161} INFO - Started process (PID=2604) to work on /opt/airflow/dags/lakehouse_bsg_dag.py
[2026-02-18T18:19:41.396+0000] {processor.py:830} INFO - Processing file /opt/airflow/dags/lakehouse_bsg_dag.py for tasks to queue
[2026-02-18T18:19:41.397+0000] {logging_mixin.py:188} INFO - [2026-02-18T18:19:41.397+0000] {dagbag.py:545} INFO - Filling up the DagBag from /opt/airflow/dags/lakehouse_bsg_dag.py
[2026-02-18T18:19:41.433+0000] {processor.py:840} INFO - DAG(s) 'lakehouse_bronze_silver_gold' retrieved from /opt/airflow/dags/lakehouse_bsg_dag.py
[2026-02-18T18:19:41.457+0000] {logging_mixin.py:188} INFO - [2026-02-18T18:19:41.457+0000] {dag.py:3089} INFO - Sync 1 DAGs
[2026-02-18T18:19:41.466+0000] {logging_mixin.py:188} INFO - [2026-02-18T18:19:41.466+0000] {dag.py:3947} INFO - Setting next_dagrun for lakehouse_bronze_silver_gold to None, run_after=None
[2026-02-18T18:19:41.482+0000] {processor.py:183} INFO - Processing /opt/airflow/dags/lakehouse_bsg_dag.py took 0.090 seconds
[2026-02-18T18:20:14.522+0000] {processor.py:161} INFO - Started process (PID=2609) to work on /opt/airflow/dags/lakehouse_bsg_dag.py
[2026-02-18T18:20:14.524+0000] {processor.py:830} INFO - Processing file /opt/airflow/dags/lakehouse_bsg_dag.py for tasks to queue
[2026-02-18T18:20:14.525+0000] {logging_mixin.py:188} INFO - [2026-02-18T18:20:14.525+0000] {dagbag.py:545} INFO - Filling up the DagBag from /opt/airflow/dags/lakehouse_bsg_dag.py
[2026-02-18T18:20:14.538+0000] {processor.py:840} INFO - DAG(s) 'lakehouse_bronze_silver_gold' retrieved from /opt/airflow/dags/lakehouse_bsg_dag.py
[2026-02-18T18:20:14.561+0000] {logging_mixin.py:188} INFO - [2026-02-18T18:20:14.561+0000] {dag.py:3089} INFO - Sync 1 DAGs
[2026-02-18T18:20:14.570+0000] {logging_mixin.py:188} INFO - [2026-02-18T18:20:14.570+0000] {dag.py:3947} INFO - Setting next_dagrun for lakehouse_bronze_silver_gold to None, run_after=None
[2026-02-18T18:20:14.583+0000] {processor.py:183} INFO - Processing /opt/airflow/dags/lakehouse_bsg_dag.py took 0.065 seconds
[2026-02-18T18:20:47.695+0000] {processor.py:161} INFO - Started process (PID=2614) to work on /opt/airflow/dags/lakehouse_bsg_dag.py
[2026-02-18T18:20:47.695+0000] {processor.py:830} INFO - Processing file /opt/airflow/dags/lakehouse_bsg_dag.py for tasks to queue
[2026-02-18T18:20:47.697+0000] {logging_mixin.py:188} INFO - [2026-02-18T18:20:47.697+0000] {dagbag.py:545} INFO - Filling up the DagBag from /opt/airflow/dags/lakehouse_bsg_dag.py
[2026-02-18T18:20:47.710+0000] {processor.py:840} INFO - DAG(s) 'lakehouse_bronze_silver_gold' retrieved from /opt/airflow/dags/lakehouse_bsg_dag.py
[2026-02-18T18:20:47.732+0000] {logging_mixin.py:188} INFO - [2026-02-18T18:20:47.732+0000] {dag.py:3089} INFO - Sync 1 DAGs
[2026-02-18T18:20:47.742+0000] {logging_mixin.py:188} INFO - [2026-02-18T18:20:47.742+0000] {dag.py:3947} INFO - Setting next_dagrun for lakehouse_bronze_silver_gold to None, run_after=None
[2026-02-18T18:20:47.756+0000] {processor.py:183} INFO - Processing /opt/airflow/dags/lakehouse_bsg_dag.py took 0.066 seconds
[2026-02-18T18:21:19.816+0000] {processor.py:161} INFO - Started process (PID=2619) to work on /opt/airflow/dags/lakehouse_bsg_dag.py
[2026-02-18T18:21:19.817+0000] {processor.py:830} INFO - Processing file /opt/airflow/dags/lakehouse_bsg_dag.py for tasks to queue
[2026-02-18T18:21:19.819+0000] {logging_mixin.py:188} INFO - [2026-02-18T18:21:19.819+0000] {dagbag.py:545} INFO - Filling up the DagBag from /opt/airflow/dags/lakehouse_bsg_dag.py
[2026-02-18T18:21:19.836+0000] {processor.py:840} INFO - DAG(s) 'lakehouse_bronze_silver_gold' retrieved from /opt/airflow/dags/lakehouse_bsg_dag.py
[2026-02-18T18:21:19.860+0000] {logging_mixin.py:188} INFO - [2026-02-18T18:21:19.859+0000] {dag.py:3089} INFO - Sync 1 DAGs
[2026-02-18T18:21:19.869+0000] {logging_mixin.py:188} INFO - [2026-02-18T18:21:19.869+0000] {dag.py:3947} INFO - Setting next_dagrun for lakehouse_bronze_silver_gold to None, run_after=None
[2026-02-18T18:21:19.889+0000] {processor.py:183} INFO - Processing /opt/airflow/dags/lakehouse_bsg_dag.py took 0.078 seconds
[2026-02-18T18:21:52.968+0000] {processor.py:161} INFO - Started process (PID=2624) to work on /opt/airflow/dags/lakehouse_bsg_dag.py
[2026-02-18T18:21:52.969+0000] {processor.py:830} INFO - Processing file /opt/airflow/dags/lakehouse_bsg_dag.py for tasks to queue
[2026-02-18T18:21:52.971+0000] {logging_mixin.py:188} INFO - [2026-02-18T18:21:52.970+0000] {dagbag.py:545} INFO - Filling up the DagBag from /opt/airflow/dags/lakehouse_bsg_dag.py
[2026-02-18T18:21:52.993+0000] {processor.py:840} INFO - DAG(s) 'lakehouse_bronze_silver_gold' retrieved from /opt/airflow/dags/lakehouse_bsg_dag.py
[2026-02-18T18:21:53.018+0000] {logging_mixin.py:188} INFO - [2026-02-18T18:21:53.018+0000] {dag.py:3089} INFO - Sync 1 DAGs
[2026-02-18T18:21:53.027+0000] {logging_mixin.py:188} INFO - [2026-02-18T18:21:53.027+0000] {dag.py:3947} INFO - Setting next_dagrun for lakehouse_bronze_silver_gold to None, run_after=None
[2026-02-18T18:21:53.041+0000] {processor.py:183} INFO - Processing /opt/airflow/dags/lakehouse_bsg_dag.py took 0.077 seconds
[2026-02-18T18:22:26.101+0000] {processor.py:161} INFO - Started process (PID=2629) to work on /opt/airflow/dags/lakehouse_bsg_dag.py
[2026-02-18T18:22:26.102+0000] {processor.py:830} INFO - Processing file /opt/airflow/dags/lakehouse_bsg_dag.py for tasks to queue
[2026-02-18T18:22:26.103+0000] {logging_mixin.py:188} INFO - [2026-02-18T18:22:26.103+0000] {dagbag.py:545} INFO - Filling up the DagBag from /opt/airflow/dags/lakehouse_bsg_dag.py
[2026-02-18T18:22:26.122+0000] {processor.py:840} INFO - DAG(s) 'lakehouse_bronze_silver_gold' retrieved from /opt/airflow/dags/lakehouse_bsg_dag.py
[2026-02-18T18:22:26.148+0000] {logging_mixin.py:188} INFO - [2026-02-18T18:22:26.147+0000] {dag.py:3089} INFO - Sync 1 DAGs
[2026-02-18T18:22:26.157+0000] {logging_mixin.py:188} INFO - [2026-02-18T18:22:26.157+0000] {dag.py:3947} INFO - Setting next_dagrun for lakehouse_bronze_silver_gold to None, run_after=None
[2026-02-18T18:22:26.172+0000] {processor.py:183} INFO - Processing /opt/airflow/dags/lakehouse_bsg_dag.py took 0.076 seconds
[2026-02-18T18:22:59.249+0000] {processor.py:161} INFO - Started process (PID=2634) to work on /opt/airflow/dags/lakehouse_bsg_dag.py
[2026-02-18T18:22:59.250+0000] {processor.py:830} INFO - Processing file /opt/airflow/dags/lakehouse_bsg_dag.py for tasks to queue
[2026-02-18T18:22:59.252+0000] {logging_mixin.py:188} INFO - [2026-02-18T18:22:59.252+0000] {dagbag.py:545} INFO - Filling up the DagBag from /opt/airflow/dags/lakehouse_bsg_dag.py
[2026-02-18T18:22:59.267+0000] {processor.py:840} INFO - DAG(s) 'lakehouse_bronze_silver_gold' retrieved from /opt/airflow/dags/lakehouse_bsg_dag.py
[2026-02-18T18:22:59.287+0000] {logging_mixin.py:188} INFO - [2026-02-18T18:22:59.287+0000] {dag.py:3089} INFO - Sync 1 DAGs
[2026-02-18T18:22:59.296+0000] {logging_mixin.py:188} INFO - [2026-02-18T18:22:59.296+0000] {dag.py:3947} INFO - Setting next_dagrun for lakehouse_bronze_silver_gold to None, run_after=None
[2026-02-18T18:22:59.308+0000] {processor.py:183} INFO - Processing /opt/airflow/dags/lakehouse_bsg_dag.py took 0.063 seconds
[2026-02-18T18:23:32.400+0000] {processor.py:161} INFO - Started process (PID=2639) to work on /opt/airflow/dags/lakehouse_bsg_dag.py
[2026-02-18T18:23:32.401+0000] {processor.py:830} INFO - Processing file /opt/airflow/dags/lakehouse_bsg_dag.py for tasks to queue
[2026-02-18T18:23:32.402+0000] {logging_mixin.py:188} INFO - [2026-02-18T18:23:32.402+0000] {dagbag.py:545} INFO - Filling up the DagBag from /opt/airflow/dags/lakehouse_bsg_dag.py
[2026-02-18T18:23:32.421+0000] {processor.py:840} INFO - DAG(s) 'lakehouse_bronze_silver_gold' retrieved from /opt/airflow/dags/lakehouse_bsg_dag.py
[2026-02-18T18:23:32.446+0000] {logging_mixin.py:188} INFO - [2026-02-18T18:23:32.446+0000] {dag.py:3089} INFO - Sync 1 DAGs
[2026-02-18T18:23:32.456+0000] {logging_mixin.py:188} INFO - [2026-02-18T18:23:32.456+0000] {dag.py:3947} INFO - Setting next_dagrun for lakehouse_bronze_silver_gold to None, run_after=None
[2026-02-18T18:23:32.469+0000] {processor.py:183} INFO - Processing /opt/airflow/dags/lakehouse_bsg_dag.py took 0.073 seconds
[2026-02-18T18:24:04.617+0000] {processor.py:161} INFO - Started process (PID=2644) to work on /opt/airflow/dags/lakehouse_bsg_dag.py
[2026-02-18T18:24:04.618+0000] {processor.py:830} INFO - Processing file /opt/airflow/dags/lakehouse_bsg_dag.py for tasks to queue
[2026-02-18T18:24:04.620+0000] {logging_mixin.py:188} INFO - [2026-02-18T18:24:04.620+0000] {dagbag.py:545} INFO - Filling up the DagBag from /opt/airflow/dags/lakehouse_bsg_dag.py
[2026-02-18T18:24:04.634+0000] {processor.py:840} INFO - DAG(s) 'lakehouse_bronze_silver_gold' retrieved from /opt/airflow/dags/lakehouse_bsg_dag.py
[2026-02-18T18:24:04.658+0000] {logging_mixin.py:188} INFO - [2026-02-18T18:24:04.657+0000] {dag.py:3089} INFO - Sync 1 DAGs
[2026-02-18T18:24:04.670+0000] {logging_mixin.py:188} INFO - [2026-02-18T18:24:04.670+0000] {dag.py:3947} INFO - Setting next_dagrun for lakehouse_bronze_silver_gold to None, run_after=None
[2026-02-18T18:24:04.686+0000] {processor.py:183} INFO - Processing /opt/airflow/dags/lakehouse_bsg_dag.py took 0.073 seconds
[2026-02-18T18:24:37.805+0000] {processor.py:161} INFO - Started process (PID=2649) to work on /opt/airflow/dags/lakehouse_bsg_dag.py
[2026-02-18T18:24:37.806+0000] {processor.py:830} INFO - Processing file /opt/airflow/dags/lakehouse_bsg_dag.py for tasks to queue
[2026-02-18T18:24:37.807+0000] {logging_mixin.py:188} INFO - [2026-02-18T18:24:37.807+0000] {dagbag.py:545} INFO - Filling up the DagBag from /opt/airflow/dags/lakehouse_bsg_dag.py
[2026-02-18T18:24:37.822+0000] {processor.py:840} INFO - DAG(s) 'lakehouse_bronze_silver_gold' retrieved from /opt/airflow/dags/lakehouse_bsg_dag.py
[2026-02-18T18:24:37.846+0000] {logging_mixin.py:188} INFO - [2026-02-18T18:24:37.846+0000] {dag.py:3089} INFO - Sync 1 DAGs
[2026-02-18T18:24:37.855+0000] {logging_mixin.py:188} INFO - [2026-02-18T18:24:37.855+0000] {dag.py:3947} INFO - Setting next_dagrun for lakehouse_bronze_silver_gold to None, run_after=None
[2026-02-18T18:24:37.870+0000] {processor.py:183} INFO - Processing /opt/airflow/dags/lakehouse_bsg_dag.py took 0.069 seconds
[2026-02-18T18:25:10.982+0000] {processor.py:161} INFO - Started process (PID=2654) to work on /opt/airflow/dags/lakehouse_bsg_dag.py
[2026-02-18T18:25:10.983+0000] {processor.py:830} INFO - Processing file /opt/airflow/dags/lakehouse_bsg_dag.py for tasks to queue
[2026-02-18T18:25:10.985+0000] {logging_mixin.py:188} INFO - [2026-02-18T18:25:10.985+0000] {dagbag.py:545} INFO - Filling up the DagBag from /opt/airflow/dags/lakehouse_bsg_dag.py
[2026-02-18T18:25:11.004+0000] {processor.py:840} INFO - DAG(s) 'lakehouse_bronze_silver_gold' retrieved from /opt/airflow/dags/lakehouse_bsg_dag.py
[2026-02-18T18:25:11.028+0000] {logging_mixin.py:188} INFO - [2026-02-18T18:25:11.027+0000] {dag.py:3089} INFO - Sync 1 DAGs
[2026-02-18T18:25:11.037+0000] {logging_mixin.py:188} INFO - [2026-02-18T18:25:11.037+0000] {dag.py:3947} INFO - Setting next_dagrun for lakehouse_bronze_silver_gold to None, run_after=None
[2026-02-18T18:25:11.053+0000] {processor.py:183} INFO - Processing /opt/airflow/dags/lakehouse_bsg_dag.py took 0.075 seconds
[2026-02-18T18:25:44.094+0000] {processor.py:161} INFO - Started process (PID=2659) to work on /opt/airflow/dags/lakehouse_bsg_dag.py
[2026-02-18T18:25:44.096+0000] {processor.py:830} INFO - Processing file /opt/airflow/dags/lakehouse_bsg_dag.py for tasks to queue
[2026-02-18T18:25:44.098+0000] {logging_mixin.py:188} INFO - [2026-02-18T18:25:44.098+0000] {dagbag.py:545} INFO - Filling up the DagBag from /opt/airflow/dags/lakehouse_bsg_dag.py
[2026-02-18T18:25:44.116+0000] {processor.py:840} INFO - DAG(s) 'lakehouse_bronze_silver_gold' retrieved from /opt/airflow/dags/lakehouse_bsg_dag.py
[2026-02-18T18:25:44.142+0000] {logging_mixin.py:188} INFO - [2026-02-18T18:25:44.141+0000] {dag.py:3089} INFO - Sync 1 DAGs
[2026-02-18T18:25:44.152+0000] {logging_mixin.py:188} INFO - [2026-02-18T18:25:44.152+0000] {dag.py:3947} INFO - Setting next_dagrun for lakehouse_bronze_silver_gold to None, run_after=None
[2026-02-18T18:25:44.166+0000] {processor.py:183} INFO - Processing /opt/airflow/dags/lakehouse_bsg_dag.py took 0.078 seconds
[2026-02-18T18:26:16.264+0000] {processor.py:161} INFO - Started process (PID=2664) to work on /opt/airflow/dags/lakehouse_bsg_dag.py
[2026-02-18T18:26:16.265+0000] {processor.py:830} INFO - Processing file /opt/airflow/dags/lakehouse_bsg_dag.py for tasks to queue
[2026-02-18T18:26:16.267+0000] {logging_mixin.py:188} INFO - [2026-02-18T18:26:16.267+0000] {dagbag.py:545} INFO - Filling up the DagBag from /opt/airflow/dags/lakehouse_bsg_dag.py
[2026-02-18T18:26:16.284+0000] {processor.py:840} INFO - DAG(s) 'lakehouse_bronze_silver_gold' retrieved from /opt/airflow/dags/lakehouse_bsg_dag.py
[2026-02-18T18:26:16.305+0000] {logging_mixin.py:188} INFO - [2026-02-18T18:26:16.305+0000] {dag.py:3089} INFO - Sync 1 DAGs
[2026-02-18T18:26:16.315+0000] {logging_mixin.py:188} INFO - [2026-02-18T18:26:16.314+0000] {dag.py:3947} INFO - Setting next_dagrun for lakehouse_bronze_silver_gold to None, run_after=None
[2026-02-18T18:26:16.330+0000] {processor.py:183} INFO - Processing /opt/airflow/dags/lakehouse_bsg_dag.py took 0.070 seconds
[2026-02-18T18:26:49.605+0000] {processor.py:161} INFO - Started process (PID=2669) to work on /opt/airflow/dags/lakehouse_bsg_dag.py
[2026-02-18T18:26:49.612+0000] {processor.py:830} INFO - Processing file /opt/airflow/dags/lakehouse_bsg_dag.py for tasks to queue
[2026-02-18T18:26:49.649+0000] {logging_mixin.py:188} INFO - [2026-02-18T18:26:49.638+0000] {dagbag.py:545} INFO - Filling up the DagBag from /opt/airflow/dags/lakehouse_bsg_dag.py
[2026-02-18T18:26:49.805+0000] {processor.py:840} INFO - DAG(s) 'lakehouse_bronze_silver_gold' retrieved from /opt/airflow/dags/lakehouse_bsg_dag.py
[2026-02-18T18:26:49.979+0000] {logging_mixin.py:188} INFO - [2026-02-18T18:26:49.978+0000] {dag.py:3089} INFO - Sync 1 DAGs
[2026-02-18T18:26:50.026+0000] {logging_mixin.py:188} INFO - [2026-02-18T18:26:50.026+0000] {dag.py:3947} INFO - Setting next_dagrun for lakehouse_bronze_silver_gold to None, run_after=None
[2026-02-18T18:26:50.121+0000] {processor.py:183} INFO - Processing /opt/airflow/dags/lakehouse_bsg_dag.py took 0.590 seconds
[2026-02-18T18:27:22.232+0000] {processor.py:161} INFO - Started process (PID=2674) to work on /opt/airflow/dags/lakehouse_bsg_dag.py
[2026-02-18T18:27:22.233+0000] {processor.py:830} INFO - Processing file /opt/airflow/dags/lakehouse_bsg_dag.py for tasks to queue
[2026-02-18T18:27:22.235+0000] {logging_mixin.py:188} INFO - [2026-02-18T18:27:22.235+0000] {dagbag.py:545} INFO - Filling up the DagBag from /opt/airflow/dags/lakehouse_bsg_dag.py
[2026-02-18T18:27:22.251+0000] {processor.py:840} INFO - DAG(s) 'lakehouse_bronze_silver_gold' retrieved from /opt/airflow/dags/lakehouse_bsg_dag.py
[2026-02-18T18:27:22.277+0000] {logging_mixin.py:188} INFO - [2026-02-18T18:27:22.277+0000] {dag.py:3089} INFO - Sync 1 DAGs
[2026-02-18T18:27:22.288+0000] {logging_mixin.py:188} INFO - [2026-02-18T18:27:22.287+0000] {dag.py:3947} INFO - Setting next_dagrun for lakehouse_bronze_silver_gold to None, run_after=None
[2026-02-18T18:27:22.305+0000] {processor.py:183} INFO - Processing /opt/airflow/dags/lakehouse_bsg_dag.py took 0.078 seconds
[2026-02-18T18:27:55.336+0000] {processor.py:161} INFO - Started process (PID=2679) to work on /opt/airflow/dags/lakehouse_bsg_dag.py
[2026-02-18T18:27:55.337+0000] {processor.py:830} INFO - Processing file /opt/airflow/dags/lakehouse_bsg_dag.py for tasks to queue
[2026-02-18T18:27:55.338+0000] {logging_mixin.py:188} INFO - [2026-02-18T18:27:55.338+0000] {dagbag.py:545} INFO - Filling up the DagBag from /opt/airflow/dags/lakehouse_bsg_dag.py
[2026-02-18T18:27:55.354+0000] {processor.py:840} INFO - DAG(s) 'lakehouse_bronze_silver_gold' retrieved from /opt/airflow/dags/lakehouse_bsg_dag.py
[2026-02-18T18:27:55.379+0000] {logging_mixin.py:188} INFO - [2026-02-18T18:27:55.379+0000] {dag.py:3089} INFO - Sync 1 DAGs
[2026-02-18T18:27:55.389+0000] {logging_mixin.py:188} INFO - [2026-02-18T18:27:55.389+0000] {dag.py:3947} INFO - Setting next_dagrun for lakehouse_bronze_silver_gold to None, run_after=None
[2026-02-18T18:27:55.404+0000] {processor.py:183} INFO - Processing /opt/airflow/dags/lakehouse_bsg_dag.py took 0.073 seconds
[2026-02-18T18:28:28.548+0000] {processor.py:161} INFO - Started process (PID=2684) to work on /opt/airflow/dags/lakehouse_bsg_dag.py
[2026-02-18T18:28:28.548+0000] {processor.py:830} INFO - Processing file /opt/airflow/dags/lakehouse_bsg_dag.py for tasks to queue
[2026-02-18T18:28:28.550+0000] {logging_mixin.py:188} INFO - [2026-02-18T18:28:28.550+0000] {dagbag.py:545} INFO - Filling up the DagBag from /opt/airflow/dags/lakehouse_bsg_dag.py
[2026-02-18T18:28:28.565+0000] {processor.py:840} INFO - DAG(s) 'lakehouse_bronze_silver_gold' retrieved from /opt/airflow/dags/lakehouse_bsg_dag.py
[2026-02-18T18:28:28.591+0000] {logging_mixin.py:188} INFO - [2026-02-18T18:28:28.591+0000] {dag.py:3089} INFO - Sync 1 DAGs
[2026-02-18T18:28:28.602+0000] {logging_mixin.py:188} INFO - [2026-02-18T18:28:28.601+0000] {dag.py:3947} INFO - Setting next_dagrun for lakehouse_bronze_silver_gold to None, run_after=None
[2026-02-18T18:28:28.618+0000] {processor.py:183} INFO - Processing /opt/airflow/dags/lakehouse_bsg_dag.py took 0.074 seconds
[2026-02-18T18:29:01.684+0000] {processor.py:161} INFO - Started process (PID=2689) to work on /opt/airflow/dags/lakehouse_bsg_dag.py
[2026-02-18T18:29:01.685+0000] {processor.py:830} INFO - Processing file /opt/airflow/dags/lakehouse_bsg_dag.py for tasks to queue
[2026-02-18T18:29:01.688+0000] {logging_mixin.py:188} INFO - [2026-02-18T18:29:01.688+0000] {dagbag.py:545} INFO - Filling up the DagBag from /opt/airflow/dags/lakehouse_bsg_dag.py
[2026-02-18T18:29:01.707+0000] {processor.py:840} INFO - DAG(s) 'lakehouse_bronze_silver_gold' retrieved from /opt/airflow/dags/lakehouse_bsg_dag.py
[2026-02-18T18:29:01.733+0000] {logging_mixin.py:188} INFO - [2026-02-18T18:29:01.733+0000] {dag.py:3089} INFO - Sync 1 DAGs
[2026-02-18T18:29:01.744+0000] {logging_mixin.py:188} INFO - [2026-02-18T18:29:01.744+0000] {dag.py:3947} INFO - Setting next_dagrun for lakehouse_bronze_silver_gold to None, run_after=None
[2026-02-18T18:29:01.760+0000] {processor.py:183} INFO - Processing /opt/airflow/dags/lakehouse_bsg_dag.py took 0.081 seconds
[2026-02-18T18:29:34.893+0000] {processor.py:161} INFO - Started process (PID=2694) to work on /opt/airflow/dags/lakehouse_bsg_dag.py
[2026-02-18T18:29:34.902+0000] {processor.py:830} INFO - Processing file /opt/airflow/dags/lakehouse_bsg_dag.py for tasks to queue
[2026-02-18T18:29:34.904+0000] {logging_mixin.py:188} INFO - [2026-02-18T18:29:34.904+0000] {dagbag.py:545} INFO - Filling up the DagBag from /opt/airflow/dags/lakehouse_bsg_dag.py
[2026-02-18T18:29:34.925+0000] {processor.py:840} INFO - DAG(s) 'lakehouse_bronze_silver_gold' retrieved from /opt/airflow/dags/lakehouse_bsg_dag.py
[2026-02-18T18:29:34.950+0000] {logging_mixin.py:188} INFO - [2026-02-18T18:29:34.950+0000] {dag.py:3089} INFO - Sync 1 DAGs
[2026-02-18T18:29:34.961+0000] {logging_mixin.py:188} INFO - [2026-02-18T18:29:34.961+0000] {dag.py:3947} INFO - Setting next_dagrun for lakehouse_bronze_silver_gold to None, run_after=None
[2026-02-18T18:29:34.979+0000] {processor.py:183} INFO - Processing /opt/airflow/dags/lakehouse_bsg_dag.py took 0.091 seconds
[2026-02-18T18:30:07.010+0000] {processor.py:161} INFO - Started process (PID=2699) to work on /opt/airflow/dags/lakehouse_bsg_dag.py
[2026-02-18T18:30:07.013+0000] {processor.py:830} INFO - Processing file /opt/airflow/dags/lakehouse_bsg_dag.py for tasks to queue
[2026-02-18T18:30:07.015+0000] {logging_mixin.py:188} INFO - [2026-02-18T18:30:07.015+0000] {dagbag.py:545} INFO - Filling up the DagBag from /opt/airflow/dags/lakehouse_bsg_dag.py
[2026-02-18T18:30:07.032+0000] {processor.py:840} INFO - DAG(s) 'lakehouse_bronze_silver_gold' retrieved from /opt/airflow/dags/lakehouse_bsg_dag.py
[2026-02-18T18:30:07.058+0000] {logging_mixin.py:188} INFO - [2026-02-18T18:30:07.058+0000] {dag.py:3089} INFO - Sync 1 DAGs
[2026-02-18T18:30:07.068+0000] {logging_mixin.py:188} INFO - [2026-02-18T18:30:07.068+0000] {dag.py:3947} INFO - Setting next_dagrun for lakehouse_bronze_silver_gold to None, run_after=None
[2026-02-18T18:30:07.083+0000] {processor.py:183} INFO - Processing /opt/airflow/dags/lakehouse_bsg_dag.py took 0.079 seconds
[2026-02-18T18:30:40.131+0000] {processor.py:161} INFO - Started process (PID=2704) to work on /opt/airflow/dags/lakehouse_bsg_dag.py
[2026-02-18T18:30:40.132+0000] {processor.py:830} INFO - Processing file /opt/airflow/dags/lakehouse_bsg_dag.py for tasks to queue
[2026-02-18T18:30:40.133+0000] {logging_mixin.py:188} INFO - [2026-02-18T18:30:40.133+0000] {dagbag.py:545} INFO - Filling up the DagBag from /opt/airflow/dags/lakehouse_bsg_dag.py
[2026-02-18T18:30:40.148+0000] {processor.py:840} INFO - DAG(s) 'lakehouse_bronze_silver_gold' retrieved from /opt/airflow/dags/lakehouse_bsg_dag.py
[2026-02-18T18:30:40.174+0000] {logging_mixin.py:188} INFO - [2026-02-18T18:30:40.174+0000] {dag.py:3089} INFO - Sync 1 DAGs
[2026-02-18T18:30:40.184+0000] {logging_mixin.py:188} INFO - [2026-02-18T18:30:40.184+0000] {dag.py:3947} INFO - Setting next_dagrun for lakehouse_bronze_silver_gold to None, run_after=None
[2026-02-18T18:30:40.199+0000] {processor.py:183} INFO - Processing /opt/airflow/dags/lakehouse_bsg_dag.py took 0.073 seconds
[2026-02-18T18:31:13.313+0000] {processor.py:161} INFO - Started process (PID=2709) to work on /opt/airflow/dags/lakehouse_bsg_dag.py
[2026-02-18T18:31:13.314+0000] {processor.py:830} INFO - Processing file /opt/airflow/dags/lakehouse_bsg_dag.py for tasks to queue
[2026-02-18T18:31:13.316+0000] {logging_mixin.py:188} INFO - [2026-02-18T18:31:13.315+0000] {dagbag.py:545} INFO - Filling up the DagBag from /opt/airflow/dags/lakehouse_bsg_dag.py
[2026-02-18T18:31:13.333+0000] {processor.py:840} INFO - DAG(s) 'lakehouse_bronze_silver_gold' retrieved from /opt/airflow/dags/lakehouse_bsg_dag.py
[2026-02-18T18:31:13.358+0000] {logging_mixin.py:188} INFO - [2026-02-18T18:31:13.358+0000] {dag.py:3089} INFO - Sync 1 DAGs
[2026-02-18T18:31:13.369+0000] {logging_mixin.py:188} INFO - [2026-02-18T18:31:13.368+0000] {dag.py:3947} INFO - Setting next_dagrun for lakehouse_bronze_silver_gold to None, run_after=None
[2026-02-18T18:31:13.386+0000] {processor.py:183} INFO - Processing /opt/airflow/dags/lakehouse_bsg_dag.py took 0.077 seconds
[2026-02-18T18:31:46.446+0000] {processor.py:161} INFO - Started process (PID=2714) to work on /opt/airflow/dags/lakehouse_bsg_dag.py
[2026-02-18T18:31:46.447+0000] {processor.py:830} INFO - Processing file /opt/airflow/dags/lakehouse_bsg_dag.py for tasks to queue
[2026-02-18T18:31:46.449+0000] {logging_mixin.py:188} INFO - [2026-02-18T18:31:46.449+0000] {dagbag.py:545} INFO - Filling up the DagBag from /opt/airflow/dags/lakehouse_bsg_dag.py
[2026-02-18T18:31:46.472+0000] {processor.py:840} INFO - DAG(s) 'lakehouse_bronze_silver_gold' retrieved from /opt/airflow/dags/lakehouse_bsg_dag.py
[2026-02-18T18:31:46.495+0000] {logging_mixin.py:188} INFO - [2026-02-18T18:31:46.495+0000] {dag.py:3089} INFO - Sync 1 DAGs
[2026-02-18T18:31:46.505+0000] {logging_mixin.py:188} INFO - [2026-02-18T18:31:46.505+0000] {dag.py:3947} INFO - Setting next_dagrun for lakehouse_bronze_silver_gold to None, run_after=None
[2026-02-18T18:31:46.517+0000] {processor.py:183} INFO - Processing /opt/airflow/dags/lakehouse_bsg_dag.py took 0.075 seconds
[2026-02-18T18:32:19.632+0000] {processor.py:161} INFO - Started process (PID=2719) to work on /opt/airflow/dags/lakehouse_bsg_dag.py
[2026-02-18T18:32:19.635+0000] {processor.py:830} INFO - Processing file /opt/airflow/dags/lakehouse_bsg_dag.py for tasks to queue
[2026-02-18T18:32:19.655+0000] {logging_mixin.py:188} INFO - [2026-02-18T18:32:19.640+0000] {dagbag.py:545} INFO - Filling up the DagBag from /opt/airflow/dags/lakehouse_bsg_dag.py
[2026-02-18T18:32:19.694+0000] {processor.py:840} INFO - DAG(s) 'lakehouse_bronze_silver_gold' retrieved from /opt/airflow/dags/lakehouse_bsg_dag.py
[2026-02-18T18:32:19.756+0000] {logging_mixin.py:188} INFO - [2026-02-18T18:32:19.756+0000] {dag.py:3089} INFO - Sync 1 DAGs
[2026-02-18T18:32:19.777+0000] {logging_mixin.py:188} INFO - [2026-02-18T18:32:19.777+0000] {dag.py:3947} INFO - Setting next_dagrun for lakehouse_bronze_silver_gold to None, run_after=None
[2026-02-18T18:32:19.800+0000] {processor.py:183} INFO - Processing /opt/airflow/dags/lakehouse_bsg_dag.py took 0.182 seconds
[2026-02-18T18:32:51.992+0000] {processor.py:161} INFO - Started process (PID=2724) to work on /opt/airflow/dags/lakehouse_bsg_dag.py
[2026-02-18T18:32:51.996+0000] {processor.py:830} INFO - Processing file /opt/airflow/dags/lakehouse_bsg_dag.py for tasks to queue
[2026-02-18T18:32:52.019+0000] {logging_mixin.py:188} INFO - [2026-02-18T18:32:52.013+0000] {dagbag.py:545} INFO - Filling up the DagBag from /opt/airflow/dags/lakehouse_bsg_dag.py
[2026-02-18T18:32:52.140+0000] {processor.py:840} INFO - DAG(s) 'lakehouse_bronze_silver_gold' retrieved from /opt/airflow/dags/lakehouse_bsg_dag.py
[2026-02-18T18:32:52.304+0000] {logging_mixin.py:188} INFO - [2026-02-18T18:32:52.304+0000] {dag.py:3089} INFO - Sync 1 DAGs
[2026-02-18T18:32:52.361+0000] {logging_mixin.py:188} INFO - [2026-02-18T18:32:52.360+0000] {dag.py:3947} INFO - Setting next_dagrun for lakehouse_bronze_silver_gold to None, run_after=None
[2026-02-18T18:32:52.404+0000] {processor.py:183} INFO - Processing /opt/airflow/dags/lakehouse_bsg_dag.py took 0.464 seconds
[2026-02-18T18:33:24.560+0000] {processor.py:161} INFO - Started process (PID=2729) to work on /opt/airflow/dags/lakehouse_bsg_dag.py
[2026-02-18T18:33:24.563+0000] {processor.py:830} INFO - Processing file /opt/airflow/dags/lakehouse_bsg_dag.py for tasks to queue
[2026-02-18T18:33:24.568+0000] {logging_mixin.py:188} INFO - [2026-02-18T18:33:24.567+0000] {dagbag.py:545} INFO - Filling up the DagBag from /opt/airflow/dags/lakehouse_bsg_dag.py
[2026-02-18T18:33:24.599+0000] {processor.py:840} INFO - DAG(s) 'lakehouse_bronze_silver_gold' retrieved from /opt/airflow/dags/lakehouse_bsg_dag.py
[2026-02-18T18:33:24.649+0000] {logging_mixin.py:188} INFO - [2026-02-18T18:33:24.648+0000] {dag.py:3089} INFO - Sync 1 DAGs
[2026-02-18T18:33:24.662+0000] {logging_mixin.py:188} INFO - [2026-02-18T18:33:24.662+0000] {dag.py:3947} INFO - Setting next_dagrun for lakehouse_bronze_silver_gold to None, run_after=None
[2026-02-18T18:33:24.700+0000] {processor.py:183} INFO - Processing /opt/airflow/dags/lakehouse_bsg_dag.py took 0.157 seconds
[2026-02-18T18:33:57.637+0000] {processor.py:161} INFO - Started process (PID=2734) to work on /opt/airflow/dags/lakehouse_bsg_dag.py
[2026-02-18T18:33:57.638+0000] {processor.py:830} INFO - Processing file /opt/airflow/dags/lakehouse_bsg_dag.py for tasks to queue
[2026-02-18T18:33:57.639+0000] {logging_mixin.py:188} INFO - [2026-02-18T18:33:57.639+0000] {dagbag.py:545} INFO - Filling up the DagBag from /opt/airflow/dags/lakehouse_bsg_dag.py
[2026-02-18T18:33:57.653+0000] {processor.py:840} INFO - DAG(s) 'lakehouse_bronze_silver_gold' retrieved from /opt/airflow/dags/lakehouse_bsg_dag.py
[2026-02-18T18:33:57.704+0000] {logging_mixin.py:188} INFO - [2026-02-18T18:33:57.704+0000] {dag.py:3089} INFO - Sync 1 DAGs
[2026-02-18T18:33:57.715+0000] {logging_mixin.py:188} INFO - [2026-02-18T18:33:57.714+0000] {dag.py:3947} INFO - Setting next_dagrun for lakehouse_bronze_silver_gold to None, run_after=None
[2026-02-18T18:33:57.735+0000] {processor.py:183} INFO - Processing /opt/airflow/dags/lakehouse_bsg_dag.py took 0.103 seconds
[2026-02-18T18:34:30.767+0000] {processor.py:161} INFO - Started process (PID=2739) to work on /opt/airflow/dags/lakehouse_bsg_dag.py
[2026-02-18T18:34:30.768+0000] {processor.py:830} INFO - Processing file /opt/airflow/dags/lakehouse_bsg_dag.py for tasks to queue
[2026-02-18T18:34:30.770+0000] {logging_mixin.py:188} INFO - [2026-02-18T18:34:30.770+0000] {dagbag.py:545} INFO - Filling up the DagBag from /opt/airflow/dags/lakehouse_bsg_dag.py
[2026-02-18T18:34:30.790+0000] {processor.py:840} INFO - DAG(s) 'lakehouse_bronze_silver_gold' retrieved from /opt/airflow/dags/lakehouse_bsg_dag.py
[2026-02-18T18:34:30.853+0000] {logging_mixin.py:188} INFO - [2026-02-18T18:34:30.853+0000] {dag.py:3089} INFO - Sync 1 DAGs
[2026-02-18T18:34:30.868+0000] {logging_mixin.py:188} INFO - [2026-02-18T18:34:30.868+0000] {dag.py:3947} INFO - Setting next_dagrun for lakehouse_bronze_silver_gold to None, run_after=None
[2026-02-18T18:34:30.893+0000] {processor.py:183} INFO - Processing /opt/airflow/dags/lakehouse_bsg_dag.py took 0.131 seconds
[2026-02-18T18:35:03.989+0000] {processor.py:161} INFO - Started process (PID=2744) to work on /opt/airflow/dags/lakehouse_bsg_dag.py
[2026-02-18T18:35:03.990+0000] {processor.py:830} INFO - Processing file /opt/airflow/dags/lakehouse_bsg_dag.py for tasks to queue
[2026-02-18T18:35:03.992+0000] {logging_mixin.py:188} INFO - [2026-02-18T18:35:03.992+0000] {dagbag.py:545} INFO - Filling up the DagBag from /opt/airflow/dags/lakehouse_bsg_dag.py
[2026-02-18T18:35:04.009+0000] {processor.py:840} INFO - DAG(s) 'lakehouse_bronze_silver_gold' retrieved from /opt/airflow/dags/lakehouse_bsg_dag.py
[2026-02-18T18:35:04.034+0000] {logging_mixin.py:188} INFO - [2026-02-18T18:35:04.034+0000] {dag.py:3089} INFO - Sync 1 DAGs
[2026-02-18T18:35:04.044+0000] {logging_mixin.py:188} INFO - [2026-02-18T18:35:04.044+0000] {dag.py:3947} INFO - Setting next_dagrun for lakehouse_bronze_silver_gold to None, run_after=None
[2026-02-18T18:35:04.060+0000] {processor.py:183} INFO - Processing /opt/airflow/dags/lakehouse_bsg_dag.py took 0.076 seconds
[2026-02-18T18:35:37.144+0000] {processor.py:161} INFO - Started process (PID=2749) to work on /opt/airflow/dags/lakehouse_bsg_dag.py
[2026-02-18T18:35:37.145+0000] {processor.py:830} INFO - Processing file /opt/airflow/dags/lakehouse_bsg_dag.py for tasks to queue
[2026-02-18T18:35:37.147+0000] {logging_mixin.py:188} INFO - [2026-02-18T18:35:37.146+0000] {dagbag.py:545} INFO - Filling up the DagBag from /opt/airflow/dags/lakehouse_bsg_dag.py
[2026-02-18T18:35:37.161+0000] {processor.py:840} INFO - DAG(s) 'lakehouse_bronze_silver_gold' retrieved from /opt/airflow/dags/lakehouse_bsg_dag.py
[2026-02-18T18:35:37.190+0000] {logging_mixin.py:188} INFO - [2026-02-18T18:35:37.190+0000] {dag.py:3089} INFO - Sync 1 DAGs
[2026-02-18T18:35:37.202+0000] {logging_mixin.py:188} INFO - [2026-02-18T18:35:37.202+0000] {dag.py:3947} INFO - Setting next_dagrun for lakehouse_bronze_silver_gold to None, run_after=None
[2026-02-18T18:35:37.220+0000] {processor.py:183} INFO - Processing /opt/airflow/dags/lakehouse_bsg_dag.py took 0.081 seconds
[2026-02-18T18:36:09.312+0000] {processor.py:161} INFO - Started process (PID=2754) to work on /opt/airflow/dags/lakehouse_bsg_dag.py
[2026-02-18T18:36:09.313+0000] {processor.py:830} INFO - Processing file /opt/airflow/dags/lakehouse_bsg_dag.py for tasks to queue
[2026-02-18T18:36:09.314+0000] {logging_mixin.py:188} INFO - [2026-02-18T18:36:09.314+0000] {dagbag.py:545} INFO - Filling up the DagBag from /opt/airflow/dags/lakehouse_bsg_dag.py
[2026-02-18T18:36:09.330+0000] {processor.py:840} INFO - DAG(s) 'lakehouse_bronze_silver_gold' retrieved from /opt/airflow/dags/lakehouse_bsg_dag.py
[2026-02-18T18:36:09.354+0000] {logging_mixin.py:188} INFO - [2026-02-18T18:36:09.354+0000] {dag.py:3089} INFO - Sync 1 DAGs
[2026-02-18T18:36:09.363+0000] {logging_mixin.py:188} INFO - [2026-02-18T18:36:09.363+0000] {dag.py:3947} INFO - Setting next_dagrun for lakehouse_bronze_silver_gold to None, run_after=None
[2026-02-18T18:36:09.381+0000] {processor.py:183} INFO - Processing /opt/airflow/dags/lakehouse_bsg_dag.py took 0.073 seconds
[2026-02-18T18:36:42.508+0000] {processor.py:161} INFO - Started process (PID=2759) to work on /opt/airflow/dags/lakehouse_bsg_dag.py
[2026-02-18T18:36:42.510+0000] {processor.py:830} INFO - Processing file /opt/airflow/dags/lakehouse_bsg_dag.py for tasks to queue
[2026-02-18T18:36:42.514+0000] {logging_mixin.py:188} INFO - [2026-02-18T18:36:42.513+0000] {dagbag.py:545} INFO - Filling up the DagBag from /opt/airflow/dags/lakehouse_bsg_dag.py
[2026-02-18T18:36:42.556+0000] {processor.py:840} INFO - DAG(s) 'lakehouse_bronze_silver_gold' retrieved from /opt/airflow/dags/lakehouse_bsg_dag.py
[2026-02-18T18:36:42.628+0000] {logging_mixin.py:188} INFO - [2026-02-18T18:36:42.628+0000] {dag.py:3089} INFO - Sync 1 DAGs
[2026-02-18T18:36:42.638+0000] {logging_mixin.py:188} INFO - [2026-02-18T18:36:42.637+0000] {dag.py:3947} INFO - Setting next_dagrun for lakehouse_bronze_silver_gold to None, run_after=None
[2026-02-18T18:36:42.678+0000] {processor.py:183} INFO - Processing /opt/airflow/dags/lakehouse_bsg_dag.py took 0.174 seconds
[2026-02-18T18:37:15.574+0000] {processor.py:161} INFO - Started process (PID=2764) to work on /opt/airflow/dags/lakehouse_bsg_dag.py
[2026-02-18T18:37:15.575+0000] {processor.py:830} INFO - Processing file /opt/airflow/dags/lakehouse_bsg_dag.py for tasks to queue
[2026-02-18T18:37:15.577+0000] {logging_mixin.py:188} INFO - [2026-02-18T18:37:15.577+0000] {dagbag.py:545} INFO - Filling up the DagBag from /opt/airflow/dags/lakehouse_bsg_dag.py
[2026-02-18T18:37:15.592+0000] {processor.py:840} INFO - DAG(s) 'lakehouse_bronze_silver_gold' retrieved from /opt/airflow/dags/lakehouse_bsg_dag.py
[2026-02-18T18:37:15.619+0000] {logging_mixin.py:188} INFO - [2026-02-18T18:37:15.619+0000] {dag.py:3089} INFO - Sync 1 DAGs
[2026-02-18T18:37:15.628+0000] {logging_mixin.py:188} INFO - [2026-02-18T18:37:15.628+0000] {dag.py:3947} INFO - Setting next_dagrun for lakehouse_bronze_silver_gold to None, run_after=None
[2026-02-18T18:37:15.643+0000] {processor.py:183} INFO - Processing /opt/airflow/dags/lakehouse_bsg_dag.py took 0.074 seconds
[2026-02-18T18:37:49.168+0000] {processor.py:161} INFO - Started process (PID=2769) to work on /opt/airflow/dags/lakehouse_bsg_dag.py
[2026-02-18T18:37:49.174+0000] {processor.py:830} INFO - Processing file /opt/airflow/dags/lakehouse_bsg_dag.py for tasks to queue
[2026-02-18T18:37:49.306+0000] {logging_mixin.py:188} INFO - [2026-02-18T18:37:49.282+0000] {dagbag.py:545} INFO - Filling up the DagBag from /opt/airflow/dags/lakehouse_bsg_dag.py
[2026-02-18T18:37:49.679+0000] {processor.py:840} INFO - DAG(s) 'lakehouse_bronze_silver_gold' retrieved from /opt/airflow/dags/lakehouse_bsg_dag.py
[2026-02-18T18:37:50.093+0000] {logging_mixin.py:188} INFO - [2026-02-18T18:37:50.092+0000] {dag.py:3089} INFO - Sync 1 DAGs
[2026-02-18T18:37:50.202+0000] {logging_mixin.py:188} INFO - [2026-02-18T18:37:50.202+0000] {dag.py:3947} INFO - Setting next_dagrun for lakehouse_bronze_silver_gold to None, run_after=None
[2026-02-18T18:37:50.319+0000] {processor.py:183} INFO - Processing /opt/airflow/dags/lakehouse_bsg_dag.py took 1.274 seconds
[2026-02-18T18:38:21.463+0000] {processor.py:161} INFO - Started process (PID=2774) to work on /opt/airflow/dags/lakehouse_bsg_dag.py
[2026-02-18T18:38:21.465+0000] {processor.py:830} INFO - Processing file /opt/airflow/dags/lakehouse_bsg_dag.py for tasks to queue
[2026-02-18T18:38:21.467+0000] {logging_mixin.py:188} INFO - [2026-02-18T18:38:21.467+0000] {dagbag.py:545} INFO - Filling up the DagBag from /opt/airflow/dags/lakehouse_bsg_dag.py
[2026-02-18T18:38:21.490+0000] {processor.py:840} INFO - DAG(s) 'lakehouse_bronze_silver_gold' retrieved from /opt/airflow/dags/lakehouse_bsg_dag.py
[2026-02-18T18:38:21.518+0000] {logging_mixin.py:188} INFO - [2026-02-18T18:38:21.518+0000] {dag.py:3089} INFO - Sync 1 DAGs
[2026-02-18T18:38:21.529+0000] {logging_mixin.py:188} INFO - [2026-02-18T18:38:21.528+0000] {dag.py:3947} INFO - Setting next_dagrun for lakehouse_bronze_silver_gold to None, run_after=None
[2026-02-18T18:38:21.547+0000] {processor.py:183} INFO - Processing /opt/airflow/dags/lakehouse_bsg_dag.py took 0.090 seconds
[2026-02-18T18:38:54.669+0000] {processor.py:161} INFO - Started process (PID=2779) to work on /opt/airflow/dags/lakehouse_bsg_dag.py
[2026-02-18T18:38:54.674+0000] {processor.py:830} INFO - Processing file /opt/airflow/dags/lakehouse_bsg_dag.py for tasks to queue
[2026-02-18T18:38:54.700+0000] {logging_mixin.py:188} INFO - [2026-02-18T18:38:54.695+0000] {dagbag.py:545} INFO - Filling up the DagBag from /opt/airflow/dags/lakehouse_bsg_dag.py
[2026-02-18T18:38:54.868+0000] {processor.py:840} INFO - DAG(s) 'lakehouse_bronze_silver_gold' retrieved from /opt/airflow/dags/lakehouse_bsg_dag.py
[2026-02-18T18:38:55.040+0000] {logging_mixin.py:188} INFO - [2026-02-18T18:38:55.040+0000] {dag.py:3089} INFO - Sync 1 DAGs
[2026-02-18T18:38:55.090+0000] {logging_mixin.py:188} INFO - [2026-02-18T18:38:55.090+0000] {dag.py:3947} INFO - Setting next_dagrun for lakehouse_bronze_silver_gold to None, run_after=None
[2026-02-18T18:38:55.138+0000] {processor.py:183} INFO - Processing /opt/airflow/dags/lakehouse_bsg_dag.py took 0.524 seconds
[2026-02-18T18:39:27.289+0000] {processor.py:161} INFO - Started process (PID=2784) to work on /opt/airflow/dags/lakehouse_bsg_dag.py
[2026-02-18T18:39:27.291+0000] {processor.py:830} INFO - Processing file /opt/airflow/dags/lakehouse_bsg_dag.py for tasks to queue
[2026-02-18T18:39:27.292+0000] {logging_mixin.py:188} INFO - [2026-02-18T18:39:27.292+0000] {dagbag.py:545} INFO - Filling up the DagBag from /opt/airflow/dags/lakehouse_bsg_dag.py
[2026-02-18T18:39:27.307+0000] {processor.py:840} INFO - DAG(s) 'lakehouse_bronze_silver_gold' retrieved from /opt/airflow/dags/lakehouse_bsg_dag.py
[2026-02-18T18:39:27.334+0000] {logging_mixin.py:188} INFO - [2026-02-18T18:39:27.334+0000] {dag.py:3089} INFO - Sync 1 DAGs
[2026-02-18T18:39:27.344+0000] {logging_mixin.py:188} INFO - [2026-02-18T18:39:27.344+0000] {dag.py:3947} INFO - Setting next_dagrun for lakehouse_bronze_silver_gold to None, run_after=None
[2026-02-18T18:39:27.360+0000] {processor.py:183} INFO - Processing /opt/airflow/dags/lakehouse_bsg_dag.py took 0.075 seconds
[2026-02-18T18:40:00.348+0000] {processor.py:161} INFO - Started process (PID=2789) to work on /opt/airflow/dags/lakehouse_bsg_dag.py
[2026-02-18T18:40:00.349+0000] {processor.py:830} INFO - Processing file /opt/airflow/dags/lakehouse_bsg_dag.py for tasks to queue
[2026-02-18T18:40:00.351+0000] {logging_mixin.py:188} INFO - [2026-02-18T18:40:00.350+0000] {dagbag.py:545} INFO - Filling up the DagBag from /opt/airflow/dags/lakehouse_bsg_dag.py
[2026-02-18T18:40:00.370+0000] {processor.py:840} INFO - DAG(s) 'lakehouse_bronze_silver_gold' retrieved from /opt/airflow/dags/lakehouse_bsg_dag.py
[2026-02-18T18:40:00.409+0000] {logging_mixin.py:188} INFO - [2026-02-18T18:40:00.409+0000] {dag.py:3089} INFO - Sync 1 DAGs
[2026-02-18T18:40:00.419+0000] {logging_mixin.py:188} INFO - [2026-02-18T18:40:00.419+0000] {dag.py:3947} INFO - Setting next_dagrun for lakehouse_bronze_silver_gold to None, run_after=None
[2026-02-18T18:40:00.434+0000] {processor.py:183} INFO - Processing /opt/airflow/dags/lakehouse_bsg_dag.py took 0.092 seconds
[2026-02-18T18:40:33.538+0000] {processor.py:161} INFO - Started process (PID=2794) to work on /opt/airflow/dags/lakehouse_bsg_dag.py
[2026-02-18T18:40:33.539+0000] {processor.py:830} INFO - Processing file /opt/airflow/dags/lakehouse_bsg_dag.py for tasks to queue
[2026-02-18T18:40:33.541+0000] {logging_mixin.py:188} INFO - [2026-02-18T18:40:33.541+0000] {dagbag.py:545} INFO - Filling up the DagBag from /opt/airflow/dags/lakehouse_bsg_dag.py
[2026-02-18T18:40:33.557+0000] {processor.py:840} INFO - DAG(s) 'lakehouse_bronze_silver_gold' retrieved from /opt/airflow/dags/lakehouse_bsg_dag.py
[2026-02-18T18:40:33.583+0000] {logging_mixin.py:188} INFO - [2026-02-18T18:40:33.583+0000] {dag.py:3089} INFO - Sync 1 DAGs
[2026-02-18T18:40:33.594+0000] {logging_mixin.py:188} INFO - [2026-02-18T18:40:33.593+0000] {dag.py:3947} INFO - Setting next_dagrun for lakehouse_bronze_silver_gold to None, run_after=None
[2026-02-18T18:40:33.610+0000] {processor.py:183} INFO - Processing /opt/airflow/dags/lakehouse_bsg_dag.py took 0.076 seconds
[2026-02-18T18:41:06.668+0000] {processor.py:161} INFO - Started process (PID=2799) to work on /opt/airflow/dags/lakehouse_bsg_dag.py
[2026-02-18T18:41:06.669+0000] {processor.py:830} INFO - Processing file /opt/airflow/dags/lakehouse_bsg_dag.py for tasks to queue
[2026-02-18T18:41:06.671+0000] {logging_mixin.py:188} INFO - [2026-02-18T18:41:06.671+0000] {dagbag.py:545} INFO - Filling up the DagBag from /opt/airflow/dags/lakehouse_bsg_dag.py
[2026-02-18T18:41:06.703+0000] {processor.py:840} INFO - DAG(s) 'lakehouse_bronze_silver_gold' retrieved from /opt/airflow/dags/lakehouse_bsg_dag.py
[2026-02-18T18:41:06.730+0000] {logging_mixin.py:188} INFO - [2026-02-18T18:41:06.730+0000] {dag.py:3089} INFO - Sync 1 DAGs
[2026-02-18T18:41:06.739+0000] {logging_mixin.py:188} INFO - [2026-02-18T18:41:06.739+0000] {dag.py:3947} INFO - Setting next_dagrun for lakehouse_bronze_silver_gold to None, run_after=None
[2026-02-18T18:41:06.756+0000] {processor.py:183} INFO - Processing /opt/airflow/dags/lakehouse_bsg_dag.py took 0.093 seconds
[2026-02-18T18:41:38.912+0000] {processor.py:161} INFO - Started process (PID=2804) to work on /opt/airflow/dags/lakehouse_bsg_dag.py
[2026-02-18T18:41:38.913+0000] {processor.py:830} INFO - Processing file /opt/airflow/dags/lakehouse_bsg_dag.py for tasks to queue
[2026-02-18T18:41:38.914+0000] {logging_mixin.py:188} INFO - [2026-02-18T18:41:38.914+0000] {dagbag.py:545} INFO - Filling up the DagBag from /opt/airflow/dags/lakehouse_bsg_dag.py
[2026-02-18T18:41:38.929+0000] {processor.py:840} INFO - DAG(s) 'lakehouse_bronze_silver_gold' retrieved from /opt/airflow/dags/lakehouse_bsg_dag.py
[2026-02-18T18:41:38.952+0000] {logging_mixin.py:188} INFO - [2026-02-18T18:41:38.951+0000] {dag.py:3089} INFO - Sync 1 DAGs
[2026-02-18T18:41:38.962+0000] {logging_mixin.py:188} INFO - [2026-02-18T18:41:38.962+0000] {dag.py:3947} INFO - Setting next_dagrun for lakehouse_bronze_silver_gold to None, run_after=None
[2026-02-18T18:41:38.978+0000] {processor.py:183} INFO - Processing /opt/airflow/dags/lakehouse_bsg_dag.py took 0.069 seconds
[2026-02-18T18:42:12.004+0000] {processor.py:161} INFO - Started process (PID=2809) to work on /opt/airflow/dags/lakehouse_bsg_dag.py
[2026-02-18T18:42:12.006+0000] {processor.py:830} INFO - Processing file /opt/airflow/dags/lakehouse_bsg_dag.py for tasks to queue
[2026-02-18T18:42:12.009+0000] {logging_mixin.py:188} INFO - [2026-02-18T18:42:12.008+0000] {dagbag.py:545} INFO - Filling up the DagBag from /opt/airflow/dags/lakehouse_bsg_dag.py
[2026-02-18T18:42:12.026+0000] {processor.py:840} INFO - DAG(s) 'lakehouse_bronze_silver_gold' retrieved from /opt/airflow/dags/lakehouse_bsg_dag.py
[2026-02-18T18:42:12.051+0000] {logging_mixin.py:188} INFO - [2026-02-18T18:42:12.050+0000] {dag.py:3089} INFO - Sync 1 DAGs
[2026-02-18T18:42:12.061+0000] {logging_mixin.py:188} INFO - [2026-02-18T18:42:12.061+0000] {dag.py:3947} INFO - Setting next_dagrun for lakehouse_bronze_silver_gold to None, run_after=None
[2026-02-18T18:42:12.076+0000] {processor.py:183} INFO - Processing /opt/airflow/dags/lakehouse_bsg_dag.py took 0.076 seconds
[2026-02-18T18:42:45.217+0000] {processor.py:161} INFO - Started process (PID=2814) to work on /opt/airflow/dags/lakehouse_bsg_dag.py
[2026-02-18T18:42:45.218+0000] {processor.py:830} INFO - Processing file /opt/airflow/dags/lakehouse_bsg_dag.py for tasks to queue
[2026-02-18T18:42:45.219+0000] {logging_mixin.py:188} INFO - [2026-02-18T18:42:45.219+0000] {dagbag.py:545} INFO - Filling up the DagBag from /opt/airflow/dags/lakehouse_bsg_dag.py
[2026-02-18T18:42:45.251+0000] {processor.py:840} INFO - DAG(s) 'lakehouse_bronze_silver_gold' retrieved from /opt/airflow/dags/lakehouse_bsg_dag.py
[2026-02-18T18:42:45.304+0000] {logging_mixin.py:188} INFO - [2026-02-18T18:42:45.304+0000] {dag.py:3089} INFO - Sync 1 DAGs
[2026-02-18T18:42:45.317+0000] {logging_mixin.py:188} INFO - [2026-02-18T18:42:45.317+0000] {dag.py:3947} INFO - Setting next_dagrun for lakehouse_bronze_silver_gold to None, run_after=None
[2026-02-18T18:42:45.334+0000] {processor.py:183} INFO - Processing /opt/airflow/dags/lakehouse_bsg_dag.py took 0.121 seconds
[2026-02-18T18:43:18.423+0000] {processor.py:161} INFO - Started process (PID=2819) to work on /opt/airflow/dags/lakehouse_bsg_dag.py
[2026-02-18T18:43:18.426+0000] {processor.py:830} INFO - Processing file /opt/airflow/dags/lakehouse_bsg_dag.py for tasks to queue
[2026-02-18T18:43:18.428+0000] {logging_mixin.py:188} INFO - [2026-02-18T18:43:18.427+0000] {dagbag.py:545} INFO - Filling up the DagBag from /opt/airflow/dags/lakehouse_bsg_dag.py
[2026-02-18T18:43:18.458+0000] {processor.py:840} INFO - DAG(s) 'lakehouse_bronze_silver_gold' retrieved from /opt/airflow/dags/lakehouse_bsg_dag.py
[2026-02-18T18:43:18.484+0000] {logging_mixin.py:188} INFO - [2026-02-18T18:43:18.484+0000] {dag.py:3089} INFO - Sync 1 DAGs
[2026-02-18T18:43:18.493+0000] {logging_mixin.py:188} INFO - [2026-02-18T18:43:18.493+0000] {dag.py:3947} INFO - Setting next_dagrun for lakehouse_bronze_silver_gold to None, run_after=None
[2026-02-18T18:43:18.508+0000] {processor.py:183} INFO - Processing /opt/airflow/dags/lakehouse_bsg_dag.py took 0.090 seconds
[2026-02-18T18:43:50.605+0000] {processor.py:161} INFO - Started process (PID=2824) to work on /opt/airflow/dags/lakehouse_bsg_dag.py
[2026-02-18T18:43:50.606+0000] {processor.py:830} INFO - Processing file /opt/airflow/dags/lakehouse_bsg_dag.py for tasks to queue
[2026-02-18T18:43:50.608+0000] {logging_mixin.py:188} INFO - [2026-02-18T18:43:50.608+0000] {dagbag.py:545} INFO - Filling up the DagBag from /opt/airflow/dags/lakehouse_bsg_dag.py
[2026-02-18T18:43:50.628+0000] {processor.py:840} INFO - DAG(s) 'lakehouse_bronze_silver_gold' retrieved from /opt/airflow/dags/lakehouse_bsg_dag.py
[2026-02-18T18:43:50.656+0000] {logging_mixin.py:188} INFO - [2026-02-18T18:43:50.656+0000] {dag.py:3089} INFO - Sync 1 DAGs
[2026-02-18T18:43:50.666+0000] {logging_mixin.py:188} INFO - [2026-02-18T18:43:50.666+0000] {dag.py:3947} INFO - Setting next_dagrun for lakehouse_bronze_silver_gold to None, run_after=None
[2026-02-18T18:43:50.689+0000] {processor.py:183} INFO - Processing /opt/airflow/dags/lakehouse_bsg_dag.py took 0.090 seconds
[2026-02-18T18:44:23.764+0000] {processor.py:161} INFO - Started process (PID=2829) to work on /opt/airflow/dags/lakehouse_bsg_dag.py
[2026-02-18T18:44:23.765+0000] {processor.py:830} INFO - Processing file /opt/airflow/dags/lakehouse_bsg_dag.py for tasks to queue
[2026-02-18T18:44:23.767+0000] {logging_mixin.py:188} INFO - [2026-02-18T18:44:23.766+0000] {dagbag.py:545} INFO - Filling up the DagBag from /opt/airflow/dags/lakehouse_bsg_dag.py
[2026-02-18T18:44:23.786+0000] {processor.py:840} INFO - DAG(s) 'lakehouse_bronze_silver_gold' retrieved from /opt/airflow/dags/lakehouse_bsg_dag.py
[2026-02-18T18:44:23.814+0000] {logging_mixin.py:188} INFO - [2026-02-18T18:44:23.814+0000] {dag.py:3089} INFO - Sync 1 DAGs
[2026-02-18T18:44:23.824+0000] {logging_mixin.py:188} INFO - [2026-02-18T18:44:23.824+0000] {dag.py:3947} INFO - Setting next_dagrun for lakehouse_bronze_silver_gold to None, run_after=None
[2026-02-18T18:44:23.853+0000] {processor.py:183} INFO - Processing /opt/airflow/dags/lakehouse_bsg_dag.py took 0.094 seconds
[2026-02-18T18:44:57.235+0000] {processor.py:161} INFO - Started process (PID=2834) to work on /opt/airflow/dags/lakehouse_bsg_dag.py
[2026-02-18T18:44:57.240+0000] {processor.py:830} INFO - Processing file /opt/airflow/dags/lakehouse_bsg_dag.py for tasks to queue
[2026-02-18T18:44:57.271+0000] {logging_mixin.py:188} INFO - [2026-02-18T18:44:57.265+0000] {dagbag.py:545} INFO - Filling up the DagBag from /opt/airflow/dags/lakehouse_bsg_dag.py
[2026-02-18T18:44:57.422+0000] {processor.py:840} INFO - DAG(s) 'lakehouse_bronze_silver_gold' retrieved from /opt/airflow/dags/lakehouse_bsg_dag.py
[2026-02-18T18:44:57.676+0000] {logging_mixin.py:188} INFO - [2026-02-18T18:44:57.675+0000] {dag.py:3089} INFO - Sync 1 DAGs
[2026-02-18T18:44:57.741+0000] {logging_mixin.py:188} INFO - [2026-02-18T18:44:57.741+0000] {dag.py:3947} INFO - Setting next_dagrun for lakehouse_bronze_silver_gold to None, run_after=None
[2026-02-18T18:44:57.796+0000] {processor.py:183} INFO - Processing /opt/airflow/dags/lakehouse_bsg_dag.py took 0.627 seconds
[2026-02-18T18:45:29.900+0000] {processor.py:161} INFO - Started process (PID=2839) to work on /opt/airflow/dags/lakehouse_bsg_dag.py
[2026-02-18T18:45:29.902+0000] {processor.py:830} INFO - Processing file /opt/airflow/dags/lakehouse_bsg_dag.py for tasks to queue
[2026-02-18T18:45:29.905+0000] {logging_mixin.py:188} INFO - [2026-02-18T18:45:29.905+0000] {dagbag.py:545} INFO - Filling up the DagBag from /opt/airflow/dags/lakehouse_bsg_dag.py
[2026-02-18T18:45:29.926+0000] {processor.py:840} INFO - DAG(s) 'lakehouse_bronze_silver_gold' retrieved from /opt/airflow/dags/lakehouse_bsg_dag.py
[2026-02-18T18:45:29.959+0000] {logging_mixin.py:188} INFO - [2026-02-18T18:45:29.959+0000] {dag.py:3089} INFO - Sync 1 DAGs
[2026-02-18T18:45:29.971+0000] {logging_mixin.py:188} INFO - [2026-02-18T18:45:29.970+0000] {dag.py:3947} INFO - Setting next_dagrun for lakehouse_bronze_silver_gold to None, run_after=None
[2026-02-18T18:45:29.987+0000] {processor.py:183} INFO - Processing /opt/airflow/dags/lakehouse_bsg_dag.py took 0.092 seconds
[2026-02-18T18:46:02.995+0000] {processor.py:161} INFO - Started process (PID=2844) to work on /opt/airflow/dags/lakehouse_bsg_dag.py
[2026-02-18T18:46:02.996+0000] {processor.py:830} INFO - Processing file /opt/airflow/dags/lakehouse_bsg_dag.py for tasks to queue
[2026-02-18T18:46:02.999+0000] {logging_mixin.py:188} INFO - [2026-02-18T18:46:02.999+0000] {dagbag.py:545} INFO - Filling up the DagBag from /opt/airflow/dags/lakehouse_bsg_dag.py
[2026-02-18T18:46:03.015+0000] {processor.py:840} INFO - DAG(s) 'lakehouse_bronze_silver_gold' retrieved from /opt/airflow/dags/lakehouse_bsg_dag.py
[2026-02-18T18:46:03.042+0000] {logging_mixin.py:188} INFO - [2026-02-18T18:46:03.042+0000] {dag.py:3089} INFO - Sync 1 DAGs
[2026-02-18T18:46:03.052+0000] {logging_mixin.py:188} INFO - [2026-02-18T18:46:03.052+0000] {dag.py:3947} INFO - Setting next_dagrun for lakehouse_bronze_silver_gold to None, run_after=None
[2026-02-18T18:46:03.067+0000] {processor.py:183} INFO - Processing /opt/airflow/dags/lakehouse_bsg_dag.py took 0.077 seconds
[2026-02-18T18:46:36.325+0000] {processor.py:161} INFO - Started process (PID=2849) to work on /opt/airflow/dags/lakehouse_bsg_dag.py
[2026-02-18T18:46:36.328+0000] {processor.py:830} INFO - Processing file /opt/airflow/dags/lakehouse_bsg_dag.py for tasks to queue
[2026-02-18T18:46:36.338+0000] {logging_mixin.py:188} INFO - [2026-02-18T18:46:36.336+0000] {dagbag.py:545} INFO - Filling up the DagBag from /opt/airflow/dags/lakehouse_bsg_dag.py
[2026-02-18T18:46:36.406+0000] {processor.py:840} INFO - DAG(s) 'lakehouse_bronze_silver_gold' retrieved from /opt/airflow/dags/lakehouse_bsg_dag.py
[2026-02-18T18:46:36.480+0000] {logging_mixin.py:188} INFO - [2026-02-18T18:46:36.480+0000] {dag.py:3089} INFO - Sync 1 DAGs
[2026-02-18T18:46:36.507+0000] {logging_mixin.py:188} INFO - [2026-02-18T18:46:36.507+0000] {dag.py:3947} INFO - Setting next_dagrun for lakehouse_bronze_silver_gold to None, run_after=None
[2026-02-18T18:46:36.536+0000] {processor.py:183} INFO - Processing /opt/airflow/dags/lakehouse_bsg_dag.py took 0.235 seconds
[2026-02-18T18:47:08.390+0000] {processor.py:161} INFO - Started process (PID=2854) to work on /opt/airflow/dags/lakehouse_bsg_dag.py
[2026-02-18T18:47:08.391+0000] {processor.py:830} INFO - Processing file /opt/airflow/dags/lakehouse_bsg_dag.py for tasks to queue
[2026-02-18T18:47:08.393+0000] {logging_mixin.py:188} INFO - [2026-02-18T18:47:08.393+0000] {dagbag.py:545} INFO - Filling up the DagBag from /opt/airflow/dags/lakehouse_bsg_dag.py
[2026-02-18T18:47:08.409+0000] {processor.py:840} INFO - DAG(s) 'lakehouse_bronze_silver_gold' retrieved from /opt/airflow/dags/lakehouse_bsg_dag.py
[2026-02-18T18:47:08.435+0000] {logging_mixin.py:188} INFO - [2026-02-18T18:47:08.434+0000] {dag.py:3089} INFO - Sync 1 DAGs
[2026-02-18T18:47:08.445+0000] {logging_mixin.py:188} INFO - [2026-02-18T18:47:08.444+0000] {dag.py:3947} INFO - Setting next_dagrun for lakehouse_bronze_silver_gold to None, run_after=None
[2026-02-18T18:47:08.460+0000] {processor.py:183} INFO - Processing /opt/airflow/dags/lakehouse_bsg_dag.py took 0.076 seconds
[2026-02-18T18:47:41.504+0000] {processor.py:161} INFO - Started process (PID=2859) to work on /opt/airflow/dags/lakehouse_bsg_dag.py
[2026-02-18T18:47:41.505+0000] {processor.py:830} INFO - Processing file /opt/airflow/dags/lakehouse_bsg_dag.py for tasks to queue
[2026-02-18T18:47:41.507+0000] {logging_mixin.py:188} INFO - [2026-02-18T18:47:41.507+0000] {dagbag.py:545} INFO - Filling up the DagBag from /opt/airflow/dags/lakehouse_bsg_dag.py
[2026-02-18T18:47:41.522+0000] {processor.py:840} INFO - DAG(s) 'lakehouse_bronze_silver_gold' retrieved from /opt/airflow/dags/lakehouse_bsg_dag.py
[2026-02-18T18:47:41.546+0000] {logging_mixin.py:188} INFO - [2026-02-18T18:47:41.546+0000] {dag.py:3089} INFO - Sync 1 DAGs
[2026-02-18T18:47:41.556+0000] {logging_mixin.py:188} INFO - [2026-02-18T18:47:41.555+0000] {dag.py:3947} INFO - Setting next_dagrun for lakehouse_bronze_silver_gold to None, run_after=None
[2026-02-18T18:47:41.571+0000] {processor.py:183} INFO - Processing /opt/airflow/dags/lakehouse_bsg_dag.py took 0.071 seconds
[2026-02-18T18:48:14.698+0000] {processor.py:161} INFO - Started process (PID=2864) to work on /opt/airflow/dags/lakehouse_bsg_dag.py
[2026-02-18T18:48:14.699+0000] {processor.py:830} INFO - Processing file /opt/airflow/dags/lakehouse_bsg_dag.py for tasks to queue
[2026-02-18T18:48:14.701+0000] {logging_mixin.py:188} INFO - [2026-02-18T18:48:14.701+0000] {dagbag.py:545} INFO - Filling up the DagBag from /opt/airflow/dags/lakehouse_bsg_dag.py
[2026-02-18T18:48:14.717+0000] {processor.py:840} INFO - DAG(s) 'lakehouse_bronze_silver_gold' retrieved from /opt/airflow/dags/lakehouse_bsg_dag.py
[2026-02-18T18:48:14.743+0000] {logging_mixin.py:188} INFO - [2026-02-18T18:48:14.743+0000] {dag.py:3089} INFO - Sync 1 DAGs
[2026-02-18T18:48:14.752+0000] {logging_mixin.py:188} INFO - [2026-02-18T18:48:14.752+0000] {dag.py:3947} INFO - Setting next_dagrun for lakehouse_bronze_silver_gold to None, run_after=None
[2026-02-18T18:48:14.768+0000] {processor.py:183} INFO - Processing /opt/airflow/dags/lakehouse_bsg_dag.py took 0.075 seconds
[2026-02-18T18:48:47.873+0000] {processor.py:161} INFO - Started process (PID=2869) to work on /opt/airflow/dags/lakehouse_bsg_dag.py
[2026-02-18T18:48:47.874+0000] {processor.py:830} INFO - Processing file /opt/airflow/dags/lakehouse_bsg_dag.py for tasks to queue
[2026-02-18T18:48:47.876+0000] {logging_mixin.py:188} INFO - [2026-02-18T18:48:47.876+0000] {dagbag.py:545} INFO - Filling up the DagBag from /opt/airflow/dags/lakehouse_bsg_dag.py
[2026-02-18T18:48:47.891+0000] {processor.py:840} INFO - DAG(s) 'lakehouse_bronze_silver_gold' retrieved from /opt/airflow/dags/lakehouse_bsg_dag.py
[2026-02-18T18:48:47.915+0000] {logging_mixin.py:188} INFO - [2026-02-18T18:48:47.915+0000] {dag.py:3089} INFO - Sync 1 DAGs
[2026-02-18T18:48:47.925+0000] {logging_mixin.py:188} INFO - [2026-02-18T18:48:47.925+0000] {dag.py:3947} INFO - Setting next_dagrun for lakehouse_bronze_silver_gold to None, run_after=None
[2026-02-18T18:48:47.939+0000] {processor.py:183} INFO - Processing /opt/airflow/dags/lakehouse_bsg_dag.py took 0.070 seconds
[2026-02-18T18:49:21.069+0000] {processor.py:161} INFO - Started process (PID=2874) to work on /opt/airflow/dags/lakehouse_bsg_dag.py
[2026-02-18T18:49:21.071+0000] {processor.py:830} INFO - Processing file /opt/airflow/dags/lakehouse_bsg_dag.py for tasks to queue
[2026-02-18T18:49:21.072+0000] {logging_mixin.py:188} INFO - [2026-02-18T18:49:21.072+0000] {dagbag.py:545} INFO - Filling up the DagBag from /opt/airflow/dags/lakehouse_bsg_dag.py
[2026-02-18T18:49:21.086+0000] {processor.py:840} INFO - DAG(s) 'lakehouse_bronze_silver_gold' retrieved from /opt/airflow/dags/lakehouse_bsg_dag.py
[2026-02-18T18:49:21.111+0000] {logging_mixin.py:188} INFO - [2026-02-18T18:49:21.111+0000] {dag.py:3089} INFO - Sync 1 DAGs
[2026-02-18T18:49:21.121+0000] {logging_mixin.py:188} INFO - [2026-02-18T18:49:21.121+0000] {dag.py:3947} INFO - Setting next_dagrun for lakehouse_bronze_silver_gold to None, run_after=None
[2026-02-18T18:49:21.137+0000] {processor.py:183} INFO - Processing /opt/airflow/dags/lakehouse_bsg_dag.py took 0.071 seconds
[2026-02-18T18:49:53.193+0000] {processor.py:161} INFO - Started process (PID=2879) to work on /opt/airflow/dags/lakehouse_bsg_dag.py
[2026-02-18T18:49:53.194+0000] {processor.py:830} INFO - Processing file /opt/airflow/dags/lakehouse_bsg_dag.py for tasks to queue
[2026-02-18T18:49:53.196+0000] {logging_mixin.py:188} INFO - [2026-02-18T18:49:53.196+0000] {dagbag.py:545} INFO - Filling up the DagBag from /opt/airflow/dags/lakehouse_bsg_dag.py
[2026-02-18T18:49:53.211+0000] {processor.py:840} INFO - DAG(s) 'lakehouse_bronze_silver_gold' retrieved from /opt/airflow/dags/lakehouse_bsg_dag.py
[2026-02-18T18:49:53.236+0000] {logging_mixin.py:188} INFO - [2026-02-18T18:49:53.235+0000] {dag.py:3089} INFO - Sync 1 DAGs
[2026-02-18T18:49:53.246+0000] {logging_mixin.py:188} INFO - [2026-02-18T18:49:53.246+0000] {dag.py:3947} INFO - Setting next_dagrun for lakehouse_bronze_silver_gold to None, run_after=None
[2026-02-18T18:49:53.260+0000] {processor.py:183} INFO - Processing /opt/airflow/dags/lakehouse_bsg_dag.py took 0.071 seconds
[2026-02-18T18:50:26.315+0000] {processor.py:161} INFO - Started process (PID=2884) to work on /opt/airflow/dags/lakehouse_bsg_dag.py
[2026-02-18T18:50:26.316+0000] {processor.py:830} INFO - Processing file /opt/airflow/dags/lakehouse_bsg_dag.py for tasks to queue
[2026-02-18T18:50:26.319+0000] {logging_mixin.py:188} INFO - [2026-02-18T18:50:26.318+0000] {dagbag.py:545} INFO - Filling up the DagBag from /opt/airflow/dags/lakehouse_bsg_dag.py
[2026-02-18T18:50:26.336+0000] {processor.py:840} INFO - DAG(s) 'lakehouse_bronze_silver_gold' retrieved from /opt/airflow/dags/lakehouse_bsg_dag.py
[2026-02-18T18:50:26.362+0000] {logging_mixin.py:188} INFO - [2026-02-18T18:50:26.362+0000] {dag.py:3089} INFO - Sync 1 DAGs
[2026-02-18T18:50:26.373+0000] {logging_mixin.py:188} INFO - [2026-02-18T18:50:26.373+0000] {dag.py:3947} INFO - Setting next_dagrun for lakehouse_bronze_silver_gold to None, run_after=None
[2026-02-18T18:50:26.390+0000] {processor.py:183} INFO - Processing /opt/airflow/dags/lakehouse_bsg_dag.py took 0.080 seconds
[2026-02-18T18:50:59.484+0000] {processor.py:161} INFO - Started process (PID=2889) to work on /opt/airflow/dags/lakehouse_bsg_dag.py
[2026-02-18T18:50:59.485+0000] {processor.py:830} INFO - Processing file /opt/airflow/dags/lakehouse_bsg_dag.py for tasks to queue
[2026-02-18T18:50:59.487+0000] {logging_mixin.py:188} INFO - [2026-02-18T18:50:59.487+0000] {dagbag.py:545} INFO - Filling up the DagBag from /opt/airflow/dags/lakehouse_bsg_dag.py
[2026-02-18T18:50:59.503+0000] {processor.py:840} INFO - DAG(s) 'lakehouse_bronze_silver_gold' retrieved from /opt/airflow/dags/lakehouse_bsg_dag.py
[2026-02-18T18:50:59.527+0000] {logging_mixin.py:188} INFO - [2026-02-18T18:50:59.527+0000] {dag.py:3089} INFO - Sync 1 DAGs
[2026-02-18T18:50:59.537+0000] {logging_mixin.py:188} INFO - [2026-02-18T18:50:59.537+0000] {dag.py:3947} INFO - Setting next_dagrun for lakehouse_bronze_silver_gold to None, run_after=None
[2026-02-18T18:50:59.553+0000] {processor.py:183} INFO - Processing /opt/airflow/dags/lakehouse_bsg_dag.py took 0.074 seconds
[2026-02-18T18:51:32.828+0000] {processor.py:161} INFO - Started process (PID=2894) to work on /opt/airflow/dags/lakehouse_bsg_dag.py
[2026-02-18T18:51:32.829+0000] {processor.py:830} INFO - Processing file /opt/airflow/dags/lakehouse_bsg_dag.py for tasks to queue
[2026-02-18T18:51:32.831+0000] {logging_mixin.py:188} INFO - [2026-02-18T18:51:32.831+0000] {dagbag.py:545} INFO - Filling up the DagBag from /opt/airflow/dags/lakehouse_bsg_dag.py
[2026-02-18T18:51:32.845+0000] {processor.py:840} INFO - DAG(s) 'lakehouse_bronze_silver_gold' retrieved from /opt/airflow/dags/lakehouse_bsg_dag.py
[2026-02-18T18:51:32.868+0000] {logging_mixin.py:188} INFO - [2026-02-18T18:51:32.868+0000] {dag.py:3089} INFO - Sync 1 DAGs
[2026-02-18T18:51:32.880+0000] {logging_mixin.py:188} INFO - [2026-02-18T18:51:32.879+0000] {dag.py:3947} INFO - Setting next_dagrun for lakehouse_bronze_silver_gold to None, run_after=None
[2026-02-18T18:51:32.893+0000] {processor.py:183} INFO - Processing /opt/airflow/dags/lakehouse_bsg_dag.py took 0.069 seconds
[2026-02-18T18:52:04.948+0000] {processor.py:161} INFO - Started process (PID=2899) to work on /opt/airflow/dags/lakehouse_bsg_dag.py
[2026-02-18T18:52:04.949+0000] {processor.py:830} INFO - Processing file /opt/airflow/dags/lakehouse_bsg_dag.py for tasks to queue
[2026-02-18T18:52:04.950+0000] {logging_mixin.py:188} INFO - [2026-02-18T18:52:04.950+0000] {dagbag.py:545} INFO - Filling up the DagBag from /opt/airflow/dags/lakehouse_bsg_dag.py
[2026-02-18T18:52:04.964+0000] {processor.py:840} INFO - DAG(s) 'lakehouse_bronze_silver_gold' retrieved from /opt/airflow/dags/lakehouse_bsg_dag.py
[2026-02-18T18:52:04.985+0000] {logging_mixin.py:188} INFO - [2026-02-18T18:52:04.985+0000] {dag.py:3089} INFO - Sync 1 DAGs
[2026-02-18T18:52:04.994+0000] {logging_mixin.py:188} INFO - [2026-02-18T18:52:04.994+0000] {dag.py:3947} INFO - Setting next_dagrun for lakehouse_bronze_silver_gold to None, run_after=None
[2026-02-18T18:52:05.010+0000] {processor.py:183} INFO - Processing /opt/airflow/dags/lakehouse_bsg_dag.py took 0.066 seconds
[2026-02-18T18:52:38.158+0000] {processor.py:161} INFO - Started process (PID=2904) to work on /opt/airflow/dags/lakehouse_bsg_dag.py
[2026-02-18T18:52:38.160+0000] {processor.py:830} INFO - Processing file /opt/airflow/dags/lakehouse_bsg_dag.py for tasks to queue
[2026-02-18T18:52:38.162+0000] {logging_mixin.py:188} INFO - [2026-02-18T18:52:38.161+0000] {dagbag.py:545} INFO - Filling up the DagBag from /opt/airflow/dags/lakehouse_bsg_dag.py
[2026-02-18T18:52:38.177+0000] {processor.py:840} INFO - DAG(s) 'lakehouse_bronze_silver_gold' retrieved from /opt/airflow/dags/lakehouse_bsg_dag.py
[2026-02-18T18:52:38.201+0000] {logging_mixin.py:188} INFO - [2026-02-18T18:52:38.201+0000] {dag.py:3089} INFO - Sync 1 DAGs
[2026-02-18T18:52:38.211+0000] {logging_mixin.py:188} INFO - [2026-02-18T18:52:38.211+0000] {dag.py:3947} INFO - Setting next_dagrun for lakehouse_bronze_silver_gold to None, run_after=None
[2026-02-18T18:52:38.226+0000] {processor.py:183} INFO - Processing /opt/airflow/dags/lakehouse_bsg_dag.py took 0.072 seconds
[2026-02-18T18:53:11.316+0000] {processor.py:161} INFO - Started process (PID=2909) to work on /opt/airflow/dags/lakehouse_bsg_dag.py
[2026-02-18T18:53:11.317+0000] {processor.py:830} INFO - Processing file /opt/airflow/dags/lakehouse_bsg_dag.py for tasks to queue
[2026-02-18T18:53:11.319+0000] {logging_mixin.py:188} INFO - [2026-02-18T18:53:11.318+0000] {dagbag.py:545} INFO - Filling up the DagBag from /opt/airflow/dags/lakehouse_bsg_dag.py
[2026-02-18T18:53:11.335+0000] {processor.py:840} INFO - DAG(s) 'lakehouse_bronze_silver_gold' retrieved from /opt/airflow/dags/lakehouse_bsg_dag.py
[2026-02-18T18:53:11.358+0000] {logging_mixin.py:188} INFO - [2026-02-18T18:53:11.358+0000] {dag.py:3089} INFO - Sync 1 DAGs
[2026-02-18T18:53:11.369+0000] {logging_mixin.py:188} INFO - [2026-02-18T18:53:11.369+0000] {dag.py:3947} INFO - Setting next_dagrun for lakehouse_bronze_silver_gold to None, run_after=None
[2026-02-18T18:53:11.386+0000] {processor.py:183} INFO - Processing /opt/airflow/dags/lakehouse_bsg_dag.py took 0.074 seconds
[2026-02-18T18:53:44.505+0000] {processor.py:161} INFO - Started process (PID=2914) to work on /opt/airflow/dags/lakehouse_bsg_dag.py
[2026-02-18T18:53:44.506+0000] {processor.py:830} INFO - Processing file /opt/airflow/dags/lakehouse_bsg_dag.py for tasks to queue
[2026-02-18T18:53:44.508+0000] {logging_mixin.py:188} INFO - [2026-02-18T18:53:44.508+0000] {dagbag.py:545} INFO - Filling up the DagBag from /opt/airflow/dags/lakehouse_bsg_dag.py
[2026-02-18T18:53:44.524+0000] {processor.py:840} INFO - DAG(s) 'lakehouse_bronze_silver_gold' retrieved from /opt/airflow/dags/lakehouse_bsg_dag.py
[2026-02-18T18:53:44.549+0000] {logging_mixin.py:188} INFO - [2026-02-18T18:53:44.549+0000] {dag.py:3089} INFO - Sync 1 DAGs
[2026-02-18T18:53:44.560+0000] {logging_mixin.py:188} INFO - [2026-02-18T18:53:44.560+0000] {dag.py:3947} INFO - Setting next_dagrun for lakehouse_bronze_silver_gold to None, run_after=None
[2026-02-18T18:53:44.577+0000] {processor.py:183} INFO - Processing /opt/airflow/dags/lakehouse_bsg_dag.py took 0.078 seconds
[2026-02-18T18:54:16.615+0000] {processor.py:161} INFO - Started process (PID=2919) to work on /opt/airflow/dags/lakehouse_bsg_dag.py
[2026-02-18T18:54:16.622+0000] {processor.py:830} INFO - Processing file /opt/airflow/dags/lakehouse_bsg_dag.py for tasks to queue
[2026-02-18T18:54:16.627+0000] {logging_mixin.py:188} INFO - [2026-02-18T18:54:16.626+0000] {dagbag.py:545} INFO - Filling up the DagBag from /opt/airflow/dags/lakehouse_bsg_dag.py
[2026-02-18T18:54:16.652+0000] {processor.py:840} INFO - DAG(s) 'lakehouse_bronze_silver_gold' retrieved from /opt/airflow/dags/lakehouse_bsg_dag.py
[2026-02-18T18:54:16.693+0000] {logging_mixin.py:188} INFO - [2026-02-18T18:54:16.692+0000] {dag.py:3089} INFO - Sync 1 DAGs
[2026-02-18T18:54:16.705+0000] {logging_mixin.py:188} INFO - [2026-02-18T18:54:16.704+0000] {dag.py:3947} INFO - Setting next_dagrun for lakehouse_bronze_silver_gold to None, run_after=None
[2026-02-18T18:54:16.722+0000] {processor.py:183} INFO - Processing /opt/airflow/dags/lakehouse_bsg_dag.py took 0.114 seconds
[2026-02-18T18:54:50.019+0000] {processor.py:161} INFO - Started process (PID=2924) to work on /opt/airflow/dags/lakehouse_bsg_dag.py
[2026-02-18T18:54:50.033+0000] {processor.py:830} INFO - Processing file /opt/airflow/dags/lakehouse_bsg_dag.py for tasks to queue
[2026-02-18T18:54:50.068+0000] {logging_mixin.py:188} INFO - [2026-02-18T18:54:50.062+0000] {dagbag.py:545} INFO - Filling up the DagBag from /opt/airflow/dags/lakehouse_bsg_dag.py
[2026-02-18T18:54:50.245+0000] {processor.py:840} INFO - DAG(s) 'lakehouse_bronze_silver_gold' retrieved from /opt/airflow/dags/lakehouse_bsg_dag.py
[2026-02-18T18:54:50.476+0000] {logging_mixin.py:188} INFO - [2026-02-18T18:54:50.476+0000] {dag.py:3089} INFO - Sync 1 DAGs
[2026-02-18T18:54:50.547+0000] {logging_mixin.py:188} INFO - [2026-02-18T18:54:50.546+0000] {dag.py:3947} INFO - Setting next_dagrun for lakehouse_bronze_silver_gold to None, run_after=None
[2026-02-18T18:54:50.602+0000] {processor.py:183} INFO - Processing /opt/airflow/dags/lakehouse_bsg_dag.py took 0.668 seconds
[2026-02-18T18:55:22.718+0000] {processor.py:161} INFO - Started process (PID=2929) to work on /opt/airflow/dags/lakehouse_bsg_dag.py
[2026-02-18T18:55:22.719+0000] {processor.py:830} INFO - Processing file /opt/airflow/dags/lakehouse_bsg_dag.py for tasks to queue
[2026-02-18T18:55:22.721+0000] {logging_mixin.py:188} INFO - [2026-02-18T18:55:22.721+0000] {dagbag.py:545} INFO - Filling up the DagBag from /opt/airflow/dags/lakehouse_bsg_dag.py
[2026-02-18T18:55:22.738+0000] {processor.py:840} INFO - DAG(s) 'lakehouse_bronze_silver_gold' retrieved from /opt/airflow/dags/lakehouse_bsg_dag.py
[2026-02-18T18:55:22.762+0000] {logging_mixin.py:188} INFO - [2026-02-18T18:55:22.762+0000] {dag.py:3089} INFO - Sync 1 DAGs
[2026-02-18T18:55:22.772+0000] {logging_mixin.py:188} INFO - [2026-02-18T18:55:22.772+0000] {dag.py:3947} INFO - Setting next_dagrun for lakehouse_bronze_silver_gold to None, run_after=None
[2026-02-18T18:55:22.786+0000] {processor.py:183} INFO - Processing /opt/airflow/dags/lakehouse_bsg_dag.py took 0.072 seconds
[2026-02-18T18:55:55.804+0000] {processor.py:161} INFO - Started process (PID=2934) to work on /opt/airflow/dags/lakehouse_bsg_dag.py
[2026-02-18T18:55:55.807+0000] {processor.py:830} INFO - Processing file /opt/airflow/dags/lakehouse_bsg_dag.py for tasks to queue
[2026-02-18T18:55:55.809+0000] {logging_mixin.py:188} INFO - [2026-02-18T18:55:55.809+0000] {dagbag.py:545} INFO - Filling up the DagBag from /opt/airflow/dags/lakehouse_bsg_dag.py
[2026-02-18T18:55:55.826+0000] {processor.py:840} INFO - DAG(s) 'lakehouse_bronze_silver_gold' retrieved from /opt/airflow/dags/lakehouse_bsg_dag.py
[2026-02-18T18:55:55.857+0000] {logging_mixin.py:188} INFO - [2026-02-18T18:55:55.857+0000] {dag.py:3089} INFO - Sync 1 DAGs
[2026-02-18T18:55:55.868+0000] {logging_mixin.py:188} INFO - [2026-02-18T18:55:55.868+0000] {dag.py:3947} INFO - Setting next_dagrun for lakehouse_bronze_silver_gold to None, run_after=None
[2026-02-18T18:55:55.901+0000] {processor.py:183} INFO - Processing /opt/airflow/dags/lakehouse_bsg_dag.py took 0.102 seconds
[2026-02-18T18:56:28.971+0000] {processor.py:161} INFO - Started process (PID=2939) to work on /opt/airflow/dags/lakehouse_bsg_dag.py
[2026-02-18T18:56:28.974+0000] {processor.py:830} INFO - Processing file /opt/airflow/dags/lakehouse_bsg_dag.py for tasks to queue
[2026-02-18T18:56:28.976+0000] {logging_mixin.py:188} INFO - [2026-02-18T18:56:28.975+0000] {dagbag.py:545} INFO - Filling up the DagBag from /opt/airflow/dags/lakehouse_bsg_dag.py
[2026-02-18T18:56:28.992+0000] {processor.py:840} INFO - DAG(s) 'lakehouse_bronze_silver_gold' retrieved from /opt/airflow/dags/lakehouse_bsg_dag.py
[2026-02-18T18:56:29.021+0000] {logging_mixin.py:188} INFO - [2026-02-18T18:56:29.020+0000] {dag.py:3089} INFO - Sync 1 DAGs
[2026-02-18T18:56:29.034+0000] {logging_mixin.py:188} INFO - [2026-02-18T18:56:29.034+0000] {dag.py:3947} INFO - Setting next_dagrun for lakehouse_bronze_silver_gold to None, run_after=None
[2026-02-18T18:56:29.049+0000] {processor.py:183} INFO - Processing /opt/airflow/dags/lakehouse_bsg_dag.py took 0.083 seconds
[2026-02-18T18:57:02.084+0000] {processor.py:161} INFO - Started process (PID=2944) to work on /opt/airflow/dags/lakehouse_bsg_dag.py
[2026-02-18T18:57:02.086+0000] {processor.py:830} INFO - Processing file /opt/airflow/dags/lakehouse_bsg_dag.py for tasks to queue
[2026-02-18T18:57:02.088+0000] {logging_mixin.py:188} INFO - [2026-02-18T18:57:02.087+0000] {dagbag.py:545} INFO - Filling up the DagBag from /opt/airflow/dags/lakehouse_bsg_dag.py
[2026-02-18T18:57:02.105+0000] {processor.py:840} INFO - DAG(s) 'lakehouse_bronze_silver_gold' retrieved from /opt/airflow/dags/lakehouse_bsg_dag.py
[2026-02-18T18:57:02.131+0000] {logging_mixin.py:188} INFO - [2026-02-18T18:57:02.131+0000] {dag.py:3089} INFO - Sync 1 DAGs
[2026-02-18T18:57:02.141+0000] {logging_mixin.py:188} INFO - [2026-02-18T18:57:02.140+0000] {dag.py:3947} INFO - Setting next_dagrun for lakehouse_bronze_silver_gold to None, run_after=None
[2026-02-18T18:57:02.156+0000] {processor.py:183} INFO - Processing /opt/airflow/dags/lakehouse_bsg_dag.py took 0.076 seconds
[2026-02-18T18:57:35.211+0000] {processor.py:161} INFO - Started process (PID=2949) to work on /opt/airflow/dags/lakehouse_bsg_dag.py
[2026-02-18T18:57:35.212+0000] {processor.py:830} INFO - Processing file /opt/airflow/dags/lakehouse_bsg_dag.py for tasks to queue
[2026-02-18T18:57:35.214+0000] {logging_mixin.py:188} INFO - [2026-02-18T18:57:35.213+0000] {dagbag.py:545} INFO - Filling up the DagBag from /opt/airflow/dags/lakehouse_bsg_dag.py
[2026-02-18T18:57:35.229+0000] {processor.py:840} INFO - DAG(s) 'lakehouse_bronze_silver_gold' retrieved from /opt/airflow/dags/lakehouse_bsg_dag.py
[2026-02-18T18:57:35.257+0000] {logging_mixin.py:188} INFO - [2026-02-18T18:57:35.257+0000] {dag.py:3089} INFO - Sync 1 DAGs
[2026-02-18T18:57:35.267+0000] {logging_mixin.py:188} INFO - [2026-02-18T18:57:35.267+0000] {dag.py:3947} INFO - Setting next_dagrun for lakehouse_bronze_silver_gold to None, run_after=None
[2026-02-18T18:57:35.282+0000] {processor.py:183} INFO - Processing /opt/airflow/dags/lakehouse_bsg_dag.py took 0.075 seconds
[2026-02-18T18:58:07.367+0000] {processor.py:161} INFO - Started process (PID=2954) to work on /opt/airflow/dags/lakehouse_bsg_dag.py
[2026-02-18T18:58:07.368+0000] {processor.py:830} INFO - Processing file /opt/airflow/dags/lakehouse_bsg_dag.py for tasks to queue
[2026-02-18T18:58:07.370+0000] {logging_mixin.py:188} INFO - [2026-02-18T18:58:07.370+0000] {dagbag.py:545} INFO - Filling up the DagBag from /opt/airflow/dags/lakehouse_bsg_dag.py
[2026-02-18T18:58:07.388+0000] {processor.py:840} INFO - DAG(s) 'lakehouse_bronze_silver_gold' retrieved from /opt/airflow/dags/lakehouse_bsg_dag.py
[2026-02-18T18:58:07.414+0000] {logging_mixin.py:188} INFO - [2026-02-18T18:58:07.414+0000] {dag.py:3089} INFO - Sync 1 DAGs
[2026-02-18T18:58:07.424+0000] {logging_mixin.py:188} INFO - [2026-02-18T18:58:07.424+0000] {dag.py:3947} INFO - Setting next_dagrun for lakehouse_bronze_silver_gold to None, run_after=None
[2026-02-18T18:58:07.441+0000] {processor.py:183} INFO - Processing /opt/airflow/dags/lakehouse_bsg_dag.py took 0.080 seconds
[2026-02-18T18:58:40.499+0000] {processor.py:161} INFO - Started process (PID=2959) to work on /opt/airflow/dags/lakehouse_bsg_dag.py
[2026-02-18T18:58:40.500+0000] {processor.py:830} INFO - Processing file /opt/airflow/dags/lakehouse_bsg_dag.py for tasks to queue
[2026-02-18T18:58:40.502+0000] {logging_mixin.py:188} INFO - [2026-02-18T18:58:40.502+0000] {dagbag.py:545} INFO - Filling up the DagBag from /opt/airflow/dags/lakehouse_bsg_dag.py
[2026-02-18T18:58:40.520+0000] {processor.py:840} INFO - DAG(s) 'lakehouse_bronze_silver_gold' retrieved from /opt/airflow/dags/lakehouse_bsg_dag.py
[2026-02-18T18:58:40.547+0000] {logging_mixin.py:188} INFO - [2026-02-18T18:58:40.547+0000] {dag.py:3089} INFO - Sync 1 DAGs
[2026-02-18T18:58:40.557+0000] {logging_mixin.py:188} INFO - [2026-02-18T18:58:40.557+0000] {dag.py:3947} INFO - Setting next_dagrun for lakehouse_bronze_silver_gold to None, run_after=None
[2026-02-18T18:58:40.571+0000] {processor.py:183} INFO - Processing /opt/airflow/dags/lakehouse_bsg_dag.py took 0.077 seconds
[2026-02-18T18:59:13.694+0000] {processor.py:161} INFO - Started process (PID=2964) to work on /opt/airflow/dags/lakehouse_bsg_dag.py
[2026-02-18T18:59:13.695+0000] {processor.py:830} INFO - Processing file /opt/airflow/dags/lakehouse_bsg_dag.py for tasks to queue
[2026-02-18T18:59:13.697+0000] {logging_mixin.py:188} INFO - [2026-02-18T18:59:13.697+0000] {dagbag.py:545} INFO - Filling up the DagBag from /opt/airflow/dags/lakehouse_bsg_dag.py
[2026-02-18T18:59:13.713+0000] {processor.py:840} INFO - DAG(s) 'lakehouse_bronze_silver_gold' retrieved from /opt/airflow/dags/lakehouse_bsg_dag.py
[2026-02-18T18:59:13.738+0000] {logging_mixin.py:188} INFO - [2026-02-18T18:59:13.738+0000] {dag.py:3089} INFO - Sync 1 DAGs
[2026-02-18T18:59:13.748+0000] {logging_mixin.py:188} INFO - [2026-02-18T18:59:13.748+0000] {dag.py:3947} INFO - Setting next_dagrun for lakehouse_bronze_silver_gold to None, run_after=None
[2026-02-18T18:59:13.762+0000] {processor.py:183} INFO - Processing /opt/airflow/dags/lakehouse_bsg_dag.py took 0.073 seconds
[2026-02-18T18:59:46.821+0000] {processor.py:161} INFO - Started process (PID=2969) to work on /opt/airflow/dags/lakehouse_bsg_dag.py
[2026-02-18T18:59:46.822+0000] {processor.py:830} INFO - Processing file /opt/airflow/dags/lakehouse_bsg_dag.py for tasks to queue
[2026-02-18T18:59:46.824+0000] {logging_mixin.py:188} INFO - [2026-02-18T18:59:46.824+0000] {dagbag.py:545} INFO - Filling up the DagBag from /opt/airflow/dags/lakehouse_bsg_dag.py
[2026-02-18T18:59:46.840+0000] {processor.py:840} INFO - DAG(s) 'lakehouse_bronze_silver_gold' retrieved from /opt/airflow/dags/lakehouse_bsg_dag.py
[2026-02-18T18:59:46.865+0000] {logging_mixin.py:188} INFO - [2026-02-18T18:59:46.865+0000] {dag.py:3089} INFO - Sync 1 DAGs
[2026-02-18T18:59:46.876+0000] {logging_mixin.py:188} INFO - [2026-02-18T18:59:46.876+0000] {dag.py:3947} INFO - Setting next_dagrun for lakehouse_bronze_silver_gold to None, run_after=None
[2026-02-18T18:59:46.891+0000] {processor.py:183} INFO - Processing /opt/airflow/dags/lakehouse_bsg_dag.py took 0.075 seconds
[2026-02-18T19:00:19.003+0000] {processor.py:161} INFO - Started process (PID=2974) to work on /opt/airflow/dags/lakehouse_bsg_dag.py
[2026-02-18T19:00:19.004+0000] {processor.py:830} INFO - Processing file /opt/airflow/dags/lakehouse_bsg_dag.py for tasks to queue
[2026-02-18T19:00:19.006+0000] {logging_mixin.py:188} INFO - [2026-02-18T19:00:19.006+0000] {dagbag.py:545} INFO - Filling up the DagBag from /opt/airflow/dags/lakehouse_bsg_dag.py
[2026-02-18T19:00:19.024+0000] {processor.py:840} INFO - DAG(s) 'lakehouse_bronze_silver_gold' retrieved from /opt/airflow/dags/lakehouse_bsg_dag.py
[2026-02-18T19:00:19.049+0000] {logging_mixin.py:188} INFO - [2026-02-18T19:00:19.048+0000] {dag.py:3089} INFO - Sync 1 DAGs
[2026-02-18T19:00:19.059+0000] {logging_mixin.py:188} INFO - [2026-02-18T19:00:19.059+0000] {dag.py:3947} INFO - Setting next_dagrun for lakehouse_bronze_silver_gold to None, run_after=None
[2026-02-18T19:00:19.073+0000] {processor.py:183} INFO - Processing /opt/airflow/dags/lakehouse_bsg_dag.py took 0.075 seconds
[2026-02-18T19:00:52.112+0000] {processor.py:161} INFO - Started process (PID=2979) to work on /opt/airflow/dags/lakehouse_bsg_dag.py
[2026-02-18T19:00:52.113+0000] {processor.py:830} INFO - Processing file /opt/airflow/dags/lakehouse_bsg_dag.py for tasks to queue
[2026-02-18T19:00:52.115+0000] {logging_mixin.py:188} INFO - [2026-02-18T19:00:52.115+0000] {dagbag.py:545} INFO - Filling up the DagBag from /opt/airflow/dags/lakehouse_bsg_dag.py
[2026-02-18T19:00:52.132+0000] {processor.py:840} INFO - DAG(s) 'lakehouse_bronze_silver_gold' retrieved from /opt/airflow/dags/lakehouse_bsg_dag.py
[2026-02-18T19:00:52.157+0000] {logging_mixin.py:188} INFO - [2026-02-18T19:00:52.157+0000] {dag.py:3089} INFO - Sync 1 DAGs
[2026-02-18T19:00:52.168+0000] {logging_mixin.py:188} INFO - [2026-02-18T19:00:52.168+0000] {dag.py:3947} INFO - Setting next_dagrun for lakehouse_bronze_silver_gold to None, run_after=None
[2026-02-18T19:00:52.187+0000] {processor.py:183} INFO - Processing /opt/airflow/dags/lakehouse_bsg_dag.py took 0.080 seconds
[2026-02-18T19:01:25.331+0000] {processor.py:161} INFO - Started process (PID=2984) to work on /opt/airflow/dags/lakehouse_bsg_dag.py
[2026-02-18T19:01:25.332+0000] {processor.py:830} INFO - Processing file /opt/airflow/dags/lakehouse_bsg_dag.py for tasks to queue
[2026-02-18T19:01:25.334+0000] {logging_mixin.py:188} INFO - [2026-02-18T19:01:25.334+0000] {dagbag.py:545} INFO - Filling up the DagBag from /opt/airflow/dags/lakehouse_bsg_dag.py
[2026-02-18T19:01:25.348+0000] {processor.py:840} INFO - DAG(s) 'lakehouse_bronze_silver_gold' retrieved from /opt/airflow/dags/lakehouse_bsg_dag.py
[2026-02-18T19:01:25.372+0000] {logging_mixin.py:188} INFO - [2026-02-18T19:01:25.372+0000] {dag.py:3089} INFO - Sync 1 DAGs
[2026-02-18T19:01:25.382+0000] {logging_mixin.py:188} INFO - [2026-02-18T19:01:25.382+0000] {dag.py:3947} INFO - Setting next_dagrun for lakehouse_bronze_silver_gold to None, run_after=None
[2026-02-18T19:01:25.396+0000] {processor.py:183} INFO - Processing /opt/airflow/dags/lakehouse_bsg_dag.py took 0.069 seconds
[2026-02-18T19:01:58.489+0000] {processor.py:161} INFO - Started process (PID=2989) to work on /opt/airflow/dags/lakehouse_bsg_dag.py
[2026-02-18T19:01:58.492+0000] {processor.py:830} INFO - Processing file /opt/airflow/dags/lakehouse_bsg_dag.py for tasks to queue
[2026-02-18T19:01:58.494+0000] {logging_mixin.py:188} INFO - [2026-02-18T19:01:58.494+0000] {dagbag.py:545} INFO - Filling up the DagBag from /opt/airflow/dags/lakehouse_bsg_dag.py
[2026-02-18T19:01:58.513+0000] {processor.py:840} INFO - DAG(s) 'lakehouse_bronze_silver_gold' retrieved from /opt/airflow/dags/lakehouse_bsg_dag.py
[2026-02-18T19:01:58.540+0000] {logging_mixin.py:188} INFO - [2026-02-18T19:01:58.540+0000] {dag.py:3089} INFO - Sync 1 DAGs
[2026-02-18T19:01:58.551+0000] {logging_mixin.py:188} INFO - [2026-02-18T19:01:58.551+0000] {dag.py:3947} INFO - Setting next_dagrun for lakehouse_bronze_silver_gold to None, run_after=None
[2026-02-18T19:01:58.567+0000] {processor.py:183} INFO - Processing /opt/airflow/dags/lakehouse_bsg_dag.py took 0.083 seconds
[2026-02-18T19:02:31.635+0000] {processor.py:161} INFO - Started process (PID=2994) to work on /opt/airflow/dags/lakehouse_bsg_dag.py
[2026-02-18T19:02:31.636+0000] {processor.py:830} INFO - Processing file /opt/airflow/dags/lakehouse_bsg_dag.py for tasks to queue
[2026-02-18T19:02:31.638+0000] {logging_mixin.py:188} INFO - [2026-02-18T19:02:31.638+0000] {dagbag.py:545} INFO - Filling up the DagBag from /opt/airflow/dags/lakehouse_bsg_dag.py
[2026-02-18T19:02:31.655+0000] {processor.py:840} INFO - DAG(s) 'lakehouse_bronze_silver_gold' retrieved from /opt/airflow/dags/lakehouse_bsg_dag.py
[2026-02-18T19:02:31.684+0000] {logging_mixin.py:188} INFO - [2026-02-18T19:02:31.684+0000] {dag.py:3089} INFO - Sync 1 DAGs
[2026-02-18T19:02:31.695+0000] {logging_mixin.py:188} INFO - [2026-02-18T19:02:31.695+0000] {dag.py:3947} INFO - Setting next_dagrun for lakehouse_bronze_silver_gold to None, run_after=None
[2026-02-18T19:02:31.709+0000] {processor.py:183} INFO - Processing /opt/airflow/dags/lakehouse_bsg_dag.py took 0.078 seconds
[2026-02-18T19:03:03.782+0000] {processor.py:161} INFO - Started process (PID=2999) to work on /opt/airflow/dags/lakehouse_bsg_dag.py
[2026-02-18T19:03:03.784+0000] {processor.py:830} INFO - Processing file /opt/airflow/dags/lakehouse_bsg_dag.py for tasks to queue
[2026-02-18T19:03:03.786+0000] {logging_mixin.py:188} INFO - [2026-02-18T19:03:03.785+0000] {dagbag.py:545} INFO - Filling up the DagBag from /opt/airflow/dags/lakehouse_bsg_dag.py
[2026-02-18T19:03:03.802+0000] {processor.py:840} INFO - DAG(s) 'lakehouse_bronze_silver_gold' retrieved from /opt/airflow/dags/lakehouse_bsg_dag.py
[2026-02-18T19:03:03.827+0000] {logging_mixin.py:188} INFO - [2026-02-18T19:03:03.826+0000] {dag.py:3089} INFO - Sync 1 DAGs
[2026-02-18T19:03:03.836+0000] {logging_mixin.py:188} INFO - [2026-02-18T19:03:03.836+0000] {dag.py:3947} INFO - Setting next_dagrun for lakehouse_bronze_silver_gold to None, run_after=None
[2026-02-18T19:03:03.850+0000] {processor.py:183} INFO - Processing /opt/airflow/dags/lakehouse_bsg_dag.py took 0.072 seconds
[2026-02-18T19:03:36.990+0000] {processor.py:161} INFO - Started process (PID=3004) to work on /opt/airflow/dags/lakehouse_bsg_dag.py
[2026-02-18T19:03:36.993+0000] {processor.py:830} INFO - Processing file /opt/airflow/dags/lakehouse_bsg_dag.py for tasks to queue
[2026-02-18T19:03:36.995+0000] {logging_mixin.py:188} INFO - [2026-02-18T19:03:36.995+0000] {dagbag.py:545} INFO - Filling up the DagBag from /opt/airflow/dags/lakehouse_bsg_dag.py
[2026-02-18T19:03:37.017+0000] {processor.py:840} INFO - DAG(s) 'lakehouse_bronze_silver_gold' retrieved from /opt/airflow/dags/lakehouse_bsg_dag.py
[2026-02-18T19:03:37.045+0000] {logging_mixin.py:188} INFO - [2026-02-18T19:03:37.045+0000] {dag.py:3089} INFO - Sync 1 DAGs
[2026-02-18T19:03:37.056+0000] {logging_mixin.py:188} INFO - [2026-02-18T19:03:37.055+0000] {dag.py:3947} INFO - Setting next_dagrun for lakehouse_bronze_silver_gold to None, run_after=None
[2026-02-18T19:03:37.072+0000] {processor.py:183} INFO - Processing /opt/airflow/dags/lakehouse_bsg_dag.py took 0.088 seconds
[2026-02-18T19:04:10.164+0000] {processor.py:161} INFO - Started process (PID=3009) to work on /opt/airflow/dags/lakehouse_bsg_dag.py
[2026-02-18T19:04:10.166+0000] {processor.py:830} INFO - Processing file /opt/airflow/dags/lakehouse_bsg_dag.py for tasks to queue
[2026-02-18T19:04:10.167+0000] {logging_mixin.py:188} INFO - [2026-02-18T19:04:10.167+0000] {dagbag.py:545} INFO - Filling up the DagBag from /opt/airflow/dags/lakehouse_bsg_dag.py
[2026-02-18T19:04:10.184+0000] {processor.py:840} INFO - DAG(s) 'lakehouse_bronze_silver_gold' retrieved from /opt/airflow/dags/lakehouse_bsg_dag.py
[2026-02-18T19:04:10.209+0000] {logging_mixin.py:188} INFO - [2026-02-18T19:04:10.208+0000] {dag.py:3089} INFO - Sync 1 DAGs
[2026-02-18T19:04:10.218+0000] {logging_mixin.py:188} INFO - [2026-02-18T19:04:10.218+0000] {dag.py:3947} INFO - Setting next_dagrun for lakehouse_bronze_silver_gold to None, run_after=None
[2026-02-18T19:04:10.233+0000] {processor.py:183} INFO - Processing /opt/airflow/dags/lakehouse_bsg_dag.py took 0.073 seconds
[2026-02-18T19:04:43.340+0000] {processor.py:161} INFO - Started process (PID=3014) to work on /opt/airflow/dags/lakehouse_bsg_dag.py
[2026-02-18T19:04:43.341+0000] {processor.py:830} INFO - Processing file /opt/airflow/dags/lakehouse_bsg_dag.py for tasks to queue
[2026-02-18T19:04:43.342+0000] {logging_mixin.py:188} INFO - [2026-02-18T19:04:43.342+0000] {dagbag.py:545} INFO - Filling up the DagBag from /opt/airflow/dags/lakehouse_bsg_dag.py
[2026-02-18T19:04:43.360+0000] {processor.py:840} INFO - DAG(s) 'lakehouse_bronze_silver_gold' retrieved from /opt/airflow/dags/lakehouse_bsg_dag.py
[2026-02-18T19:04:43.384+0000] {logging_mixin.py:188} INFO - [2026-02-18T19:04:43.384+0000] {dag.py:3089} INFO - Sync 1 DAGs
[2026-02-18T19:04:43.394+0000] {logging_mixin.py:188} INFO - [2026-02-18T19:04:43.394+0000] {dag.py:3947} INFO - Setting next_dagrun for lakehouse_bronze_silver_gold to None, run_after=None
[2026-02-18T19:04:43.410+0000] {processor.py:183} INFO - Processing /opt/airflow/dags/lakehouse_bsg_dag.py took 0.074 seconds
[2026-02-18T19:05:15.527+0000] {processor.py:161} INFO - Started process (PID=3019) to work on /opt/airflow/dags/lakehouse_bsg_dag.py
[2026-02-18T19:05:15.528+0000] {processor.py:830} INFO - Processing file /opt/airflow/dags/lakehouse_bsg_dag.py for tasks to queue
[2026-02-18T19:05:15.529+0000] {logging_mixin.py:188} INFO - [2026-02-18T19:05:15.529+0000] {dagbag.py:545} INFO - Filling up the DagBag from /opt/airflow/dags/lakehouse_bsg_dag.py
[2026-02-18T19:05:15.545+0000] {processor.py:840} INFO - DAG(s) 'lakehouse_bronze_silver_gold' retrieved from /opt/airflow/dags/lakehouse_bsg_dag.py
[2026-02-18T19:05:15.568+0000] {logging_mixin.py:188} INFO - [2026-02-18T19:05:15.568+0000] {dag.py:3089} INFO - Sync 1 DAGs
[2026-02-18T19:05:15.578+0000] {logging_mixin.py:188} INFO - [2026-02-18T19:05:15.577+0000] {dag.py:3947} INFO - Setting next_dagrun for lakehouse_bronze_silver_gold to None, run_after=None
[2026-02-18T19:05:15.592+0000] {processor.py:183} INFO - Processing /opt/airflow/dags/lakehouse_bsg_dag.py took 0.069 seconds
[2026-02-18T19:05:48.653+0000] {processor.py:161} INFO - Started process (PID=3024) to work on /opt/airflow/dags/lakehouse_bsg_dag.py
[2026-02-18T19:05:48.654+0000] {processor.py:830} INFO - Processing file /opt/airflow/dags/lakehouse_bsg_dag.py for tasks to queue
[2026-02-18T19:05:48.656+0000] {logging_mixin.py:188} INFO - [2026-02-18T19:05:48.656+0000] {dagbag.py:545} INFO - Filling up the DagBag from /opt/airflow/dags/lakehouse_bsg_dag.py
[2026-02-18T19:05:48.672+0000] {processor.py:840} INFO - DAG(s) 'lakehouse_bronze_silver_gold' retrieved from /opt/airflow/dags/lakehouse_bsg_dag.py
[2026-02-18T19:05:48.697+0000] {logging_mixin.py:188} INFO - [2026-02-18T19:05:48.697+0000] {dag.py:3089} INFO - Sync 1 DAGs
[2026-02-18T19:05:48.707+0000] {logging_mixin.py:188} INFO - [2026-02-18T19:05:48.707+0000] {dag.py:3947} INFO - Setting next_dagrun for lakehouse_bronze_silver_gold to None, run_after=None
[2026-02-18T19:05:48.723+0000] {processor.py:183} INFO - Processing /opt/airflow/dags/lakehouse_bsg_dag.py took 0.074 seconds
[2026-02-18T19:06:21.803+0000] {processor.py:161} INFO - Started process (PID=3029) to work on /opt/airflow/dags/lakehouse_bsg_dag.py
[2026-02-18T19:06:21.804+0000] {processor.py:830} INFO - Processing file /opt/airflow/dags/lakehouse_bsg_dag.py for tasks to queue
[2026-02-18T19:06:21.806+0000] {logging_mixin.py:188} INFO - [2026-02-18T19:06:21.806+0000] {dagbag.py:545} INFO - Filling up the DagBag from /opt/airflow/dags/lakehouse_bsg_dag.py
[2026-02-18T19:06:21.821+0000] {processor.py:840} INFO - DAG(s) 'lakehouse_bronze_silver_gold' retrieved from /opt/airflow/dags/lakehouse_bsg_dag.py
[2026-02-18T19:06:21.849+0000] {logging_mixin.py:188} INFO - [2026-02-18T19:06:21.849+0000] {dag.py:3089} INFO - Sync 1 DAGs
[2026-02-18T19:06:21.861+0000] {logging_mixin.py:188} INFO - [2026-02-18T19:06:21.860+0000] {dag.py:3947} INFO - Setting next_dagrun for lakehouse_bronze_silver_gold to None, run_after=None
[2026-02-18T19:06:21.878+0000] {processor.py:183} INFO - Processing /opt/airflow/dags/lakehouse_bsg_dag.py took 0.079 seconds
[2026-02-18T19:06:54.981+0000] {processor.py:161} INFO - Started process (PID=3034) to work on /opt/airflow/dags/lakehouse_bsg_dag.py
[2026-02-18T19:06:54.982+0000] {processor.py:830} INFO - Processing file /opt/airflow/dags/lakehouse_bsg_dag.py for tasks to queue
[2026-02-18T19:06:54.983+0000] {logging_mixin.py:188} INFO - [2026-02-18T19:06:54.983+0000] {dagbag.py:545} INFO - Filling up the DagBag from /opt/airflow/dags/lakehouse_bsg_dag.py
[2026-02-18T19:06:55.000+0000] {processor.py:840} INFO - DAG(s) 'lakehouse_bronze_silver_gold' retrieved from /opt/airflow/dags/lakehouse_bsg_dag.py
[2026-02-18T19:06:55.025+0000] {logging_mixin.py:188} INFO - [2026-02-18T19:06:55.025+0000] {dag.py:3089} INFO - Sync 1 DAGs
[2026-02-18T19:06:55.035+0000] {logging_mixin.py:188} INFO - [2026-02-18T19:06:55.035+0000] {dag.py:3947} INFO - Setting next_dagrun for lakehouse_bronze_silver_gold to None, run_after=None
[2026-02-18T19:06:55.049+0000] {processor.py:183} INFO - Processing /opt/airflow/dags/lakehouse_bsg_dag.py took 0.073 seconds
[2026-02-18T19:07:28.131+0000] {processor.py:161} INFO - Started process (PID=3039) to work on /opt/airflow/dags/lakehouse_bsg_dag.py
[2026-02-18T19:07:28.132+0000] {processor.py:830} INFO - Processing file /opt/airflow/dags/lakehouse_bsg_dag.py for tasks to queue
[2026-02-18T19:07:28.133+0000] {logging_mixin.py:188} INFO - [2026-02-18T19:07:28.133+0000] {dagbag.py:545} INFO - Filling up the DagBag from /opt/airflow/dags/lakehouse_bsg_dag.py
[2026-02-18T19:07:28.150+0000] {processor.py:840} INFO - DAG(s) 'lakehouse_bronze_silver_gold' retrieved from /opt/airflow/dags/lakehouse_bsg_dag.py
[2026-02-18T19:07:28.175+0000] {logging_mixin.py:188} INFO - [2026-02-18T19:07:28.175+0000] {dag.py:3089} INFO - Sync 1 DAGs
[2026-02-18T19:07:28.185+0000] {logging_mixin.py:188} INFO - [2026-02-18T19:07:28.185+0000] {dag.py:3947} INFO - Setting next_dagrun for lakehouse_bronze_silver_gold to None, run_after=None
[2026-02-18T19:07:28.201+0000] {processor.py:183} INFO - Processing /opt/airflow/dags/lakehouse_bsg_dag.py took 0.075 seconds
[2026-02-18T19:08:00.266+0000] {processor.py:161} INFO - Started process (PID=3044) to work on /opt/airflow/dags/lakehouse_bsg_dag.py
[2026-02-18T19:08:00.267+0000] {processor.py:830} INFO - Processing file /opt/airflow/dags/lakehouse_bsg_dag.py for tasks to queue
[2026-02-18T19:08:00.268+0000] {logging_mixin.py:188} INFO - [2026-02-18T19:08:00.268+0000] {dagbag.py:545} INFO - Filling up the DagBag from /opt/airflow/dags/lakehouse_bsg_dag.py
[2026-02-18T19:08:00.282+0000] {processor.py:840} INFO - DAG(s) 'lakehouse_bronze_silver_gold' retrieved from /opt/airflow/dags/lakehouse_bsg_dag.py
[2026-02-18T19:08:00.305+0000] {logging_mixin.py:188} INFO - [2026-02-18T19:08:00.305+0000] {dag.py:3089} INFO - Sync 1 DAGs
[2026-02-18T19:08:00.315+0000] {logging_mixin.py:188} INFO - [2026-02-18T19:08:00.315+0000] {dag.py:3947} INFO - Setting next_dagrun for lakehouse_bronze_silver_gold to None, run_after=None
[2026-02-18T19:08:00.330+0000] {processor.py:183} INFO - Processing /opt/airflow/dags/lakehouse_bsg_dag.py took 0.069 seconds
[2026-02-18T19:08:33.393+0000] {processor.py:161} INFO - Started process (PID=3049) to work on /opt/airflow/dags/lakehouse_bsg_dag.py
[2026-02-18T19:08:33.394+0000] {processor.py:830} INFO - Processing file /opt/airflow/dags/lakehouse_bsg_dag.py for tasks to queue
[2026-02-18T19:08:33.396+0000] {logging_mixin.py:188} INFO - [2026-02-18T19:08:33.396+0000] {dagbag.py:545} INFO - Filling up the DagBag from /opt/airflow/dags/lakehouse_bsg_dag.py
[2026-02-18T19:08:33.410+0000] {processor.py:840} INFO - DAG(s) 'lakehouse_bronze_silver_gold' retrieved from /opt/airflow/dags/lakehouse_bsg_dag.py
[2026-02-18T19:08:33.432+0000] {logging_mixin.py:188} INFO - [2026-02-18T19:08:33.432+0000] {dag.py:3089} INFO - Sync 1 DAGs
[2026-02-18T19:08:33.442+0000] {logging_mixin.py:188} INFO - [2026-02-18T19:08:33.442+0000] {dag.py:3947} INFO - Setting next_dagrun for lakehouse_bronze_silver_gold to None, run_after=None
[2026-02-18T19:08:33.457+0000] {processor.py:183} INFO - Processing /opt/airflow/dags/lakehouse_bsg_dag.py took 0.068 seconds
[2026-02-18T19:09:06.602+0000] {processor.py:161} INFO - Started process (PID=3054) to work on /opt/airflow/dags/lakehouse_bsg_dag.py
[2026-02-18T19:09:06.603+0000] {processor.py:830} INFO - Processing file /opt/airflow/dags/lakehouse_bsg_dag.py for tasks to queue
[2026-02-18T19:09:06.605+0000] {logging_mixin.py:188} INFO - [2026-02-18T19:09:06.605+0000] {dagbag.py:545} INFO - Filling up the DagBag from /opt/airflow/dags/lakehouse_bsg_dag.py
[2026-02-18T19:09:06.622+0000] {processor.py:840} INFO - DAG(s) 'lakehouse_bronze_silver_gold' retrieved from /opt/airflow/dags/lakehouse_bsg_dag.py
[2026-02-18T19:09:06.646+0000] {logging_mixin.py:188} INFO - [2026-02-18T19:09:06.646+0000] {dag.py:3089} INFO - Sync 1 DAGs
[2026-02-18T19:09:06.655+0000] {logging_mixin.py:188} INFO - [2026-02-18T19:09:06.655+0000] {dag.py:3947} INFO - Setting next_dagrun for lakehouse_bronze_silver_gold to None, run_after=None
[2026-02-18T19:09:06.668+0000] {processor.py:183} INFO - Processing /opt/airflow/dags/lakehouse_bsg_dag.py took 0.071 seconds
[2026-02-18T19:09:39.709+0000] {processor.py:161} INFO - Started process (PID=3059) to work on /opt/airflow/dags/lakehouse_bsg_dag.py
[2026-02-18T19:09:39.710+0000] {processor.py:830} INFO - Processing file /opt/airflow/dags/lakehouse_bsg_dag.py for tasks to queue
[2026-02-18T19:09:39.711+0000] {logging_mixin.py:188} INFO - [2026-02-18T19:09:39.711+0000] {dagbag.py:545} INFO - Filling up the DagBag from /opt/airflow/dags/lakehouse_bsg_dag.py
[2026-02-18T19:09:39.726+0000] {processor.py:840} INFO - DAG(s) 'lakehouse_bronze_silver_gold' retrieved from /opt/airflow/dags/lakehouse_bsg_dag.py
[2026-02-18T19:09:39.749+0000] {logging_mixin.py:188} INFO - [2026-02-18T19:09:39.749+0000] {dag.py:3089} INFO - Sync 1 DAGs
[2026-02-18T19:09:39.759+0000] {logging_mixin.py:188} INFO - [2026-02-18T19:09:39.759+0000] {dag.py:3947} INFO - Setting next_dagrun for lakehouse_bronze_silver_gold to None, run_after=None
[2026-02-18T19:09:39.775+0000] {processor.py:183} INFO - Processing /opt/airflow/dags/lakehouse_bsg_dag.py took 0.070 seconds
[2026-02-18T19:10:12.948+0000] {processor.py:161} INFO - Started process (PID=3064) to work on /opt/airflow/dags/lakehouse_bsg_dag.py
[2026-02-18T19:10:12.950+0000] {processor.py:830} INFO - Processing file /opt/airflow/dags/lakehouse_bsg_dag.py for tasks to queue
[2026-02-18T19:10:12.952+0000] {logging_mixin.py:188} INFO - [2026-02-18T19:10:12.952+0000] {dagbag.py:545} INFO - Filling up the DagBag from /opt/airflow/dags/lakehouse_bsg_dag.py
[2026-02-18T19:10:12.978+0000] {processor.py:840} INFO - DAG(s) 'lakehouse_bronze_silver_gold' retrieved from /opt/airflow/dags/lakehouse_bsg_dag.py
[2026-02-18T19:10:13.005+0000] {logging_mixin.py:188} INFO - [2026-02-18T19:10:13.005+0000] {dag.py:3089} INFO - Sync 1 DAGs
[2026-02-18T19:10:13.015+0000] {logging_mixin.py:188} INFO - [2026-02-18T19:10:13.015+0000] {dag.py:3947} INFO - Setting next_dagrun for lakehouse_bronze_silver_gold to None, run_after=None
[2026-02-18T19:10:13.032+0000] {processor.py:183} INFO - Processing /opt/airflow/dags/lakehouse_bsg_dag.py took 0.088 seconds
[2026-02-18T19:10:45.059+0000] {processor.py:161} INFO - Started process (PID=3069) to work on /opt/airflow/dags/lakehouse_bsg_dag.py
[2026-02-18T19:10:45.060+0000] {processor.py:830} INFO - Processing file /opt/airflow/dags/lakehouse_bsg_dag.py for tasks to queue
[2026-02-18T19:10:45.061+0000] {logging_mixin.py:188} INFO - [2026-02-18T19:10:45.061+0000] {dagbag.py:545} INFO - Filling up the DagBag from /opt/airflow/dags/lakehouse_bsg_dag.py
[2026-02-18T19:10:45.076+0000] {processor.py:840} INFO - DAG(s) 'lakehouse_bronze_silver_gold' retrieved from /opt/airflow/dags/lakehouse_bsg_dag.py
[2026-02-18T19:10:45.101+0000] {logging_mixin.py:188} INFO - [2026-02-18T19:10:45.101+0000] {dag.py:3089} INFO - Sync 1 DAGs
[2026-02-18T19:10:45.111+0000] {logging_mixin.py:188} INFO - [2026-02-18T19:10:45.111+0000] {dag.py:3947} INFO - Setting next_dagrun for lakehouse_bronze_silver_gold to None, run_after=None
[2026-02-18T19:10:45.127+0000] {processor.py:183} INFO - Processing /opt/airflow/dags/lakehouse_bsg_dag.py took 0.072 seconds
[2026-02-18T19:11:18.175+0000] {processor.py:161} INFO - Started process (PID=3074) to work on /opt/airflow/dags/lakehouse_bsg_dag.py
[2026-02-18T19:11:18.176+0000] {processor.py:830} INFO - Processing file /opt/airflow/dags/lakehouse_bsg_dag.py for tasks to queue
[2026-02-18T19:11:18.178+0000] {logging_mixin.py:188} INFO - [2026-02-18T19:11:18.177+0000] {dagbag.py:545} INFO - Filling up the DagBag from /opt/airflow/dags/lakehouse_bsg_dag.py
[2026-02-18T19:11:18.192+0000] {processor.py:840} INFO - DAG(s) 'lakehouse_bronze_silver_gold' retrieved from /opt/airflow/dags/lakehouse_bsg_dag.py
[2026-02-18T19:11:18.216+0000] {logging_mixin.py:188} INFO - [2026-02-18T19:11:18.216+0000] {dag.py:3089} INFO - Sync 1 DAGs
[2026-02-18T19:11:18.225+0000] {logging_mixin.py:188} INFO - [2026-02-18T19:11:18.225+0000] {dag.py:3947} INFO - Setting next_dagrun for lakehouse_bronze_silver_gold to None, run_after=None
[2026-02-18T19:11:18.245+0000] {processor.py:183} INFO - Processing /opt/airflow/dags/lakehouse_bsg_dag.py took 0.075 seconds
[2026-02-18T19:11:51.357+0000] {processor.py:161} INFO - Started process (PID=3079) to work on /opt/airflow/dags/lakehouse_bsg_dag.py
[2026-02-18T19:11:51.358+0000] {processor.py:830} INFO - Processing file /opt/airflow/dags/lakehouse_bsg_dag.py for tasks to queue
[2026-02-18T19:11:51.360+0000] {logging_mixin.py:188} INFO - [2026-02-18T19:11:51.359+0000] {dagbag.py:545} INFO - Filling up the DagBag from /opt/airflow/dags/lakehouse_bsg_dag.py
[2026-02-18T19:11:51.375+0000] {processor.py:840} INFO - DAG(s) 'lakehouse_bronze_silver_gold' retrieved from /opt/airflow/dags/lakehouse_bsg_dag.py
[2026-02-18T19:11:51.400+0000] {logging_mixin.py:188} INFO - [2026-02-18T19:11:51.399+0000] {dag.py:3089} INFO - Sync 1 DAGs
[2026-02-18T19:11:51.409+0000] {logging_mixin.py:188} INFO - [2026-02-18T19:11:51.409+0000] {dag.py:3947} INFO - Setting next_dagrun for lakehouse_bronze_silver_gold to None, run_after=None
[2026-02-18T19:11:51.425+0000] {processor.py:183} INFO - Processing /opt/airflow/dags/lakehouse_bsg_dag.py took 0.072 seconds
[2026-02-18T19:12:24.543+0000] {processor.py:161} INFO - Started process (PID=3084) to work on /opt/airflow/dags/lakehouse_bsg_dag.py
[2026-02-18T19:12:24.544+0000] {processor.py:830} INFO - Processing file /opt/airflow/dags/lakehouse_bsg_dag.py for tasks to queue
[2026-02-18T19:12:24.546+0000] {logging_mixin.py:188} INFO - [2026-02-18T19:12:24.545+0000] {dagbag.py:545} INFO - Filling up the DagBag from /opt/airflow/dags/lakehouse_bsg_dag.py
[2026-02-18T19:12:24.568+0000] {processor.py:840} INFO - DAG(s) 'lakehouse_bronze_silver_gold' retrieved from /opt/airflow/dags/lakehouse_bsg_dag.py
[2026-02-18T19:12:24.596+0000] {logging_mixin.py:188} INFO - [2026-02-18T19:12:24.596+0000] {dag.py:3089} INFO - Sync 1 DAGs
[2026-02-18T19:12:24.606+0000] {logging_mixin.py:188} INFO - [2026-02-18T19:12:24.606+0000] {dag.py:3947} INFO - Setting next_dagrun for lakehouse_bronze_silver_gold to None, run_after=None
[2026-02-18T19:12:24.624+0000] {processor.py:183} INFO - Processing /opt/airflow/dags/lakehouse_bsg_dag.py took 0.084 seconds
[2026-02-18T19:12:56.728+0000] {processor.py:161} INFO - Started process (PID=3089) to work on /opt/airflow/dags/lakehouse_bsg_dag.py
[2026-02-18T19:12:56.729+0000] {processor.py:830} INFO - Processing file /opt/airflow/dags/lakehouse_bsg_dag.py for tasks to queue
[2026-02-18T19:12:56.731+0000] {logging_mixin.py:188} INFO - [2026-02-18T19:12:56.731+0000] {dagbag.py:545} INFO - Filling up the DagBag from /opt/airflow/dags/lakehouse_bsg_dag.py
[2026-02-18T19:12:56.745+0000] {processor.py:840} INFO - DAG(s) 'lakehouse_bronze_silver_gold' retrieved from /opt/airflow/dags/lakehouse_bsg_dag.py
[2026-02-18T19:12:56.768+0000] {logging_mixin.py:188} INFO - [2026-02-18T19:12:56.768+0000] {dag.py:3089} INFO - Sync 1 DAGs
[2026-02-18T19:12:56.778+0000] {logging_mixin.py:188} INFO - [2026-02-18T19:12:56.778+0000] {dag.py:3947} INFO - Setting next_dagrun for lakehouse_bronze_silver_gold to None, run_after=None
[2026-02-18T19:12:56.794+0000] {processor.py:183} INFO - Processing /opt/airflow/dags/lakehouse_bsg_dag.py took 0.071 seconds
[2026-02-18T19:13:29.835+0000] {processor.py:161} INFO - Started process (PID=3094) to work on /opt/airflow/dags/lakehouse_bsg_dag.py
[2026-02-18T19:13:29.836+0000] {processor.py:830} INFO - Processing file /opt/airflow/dags/lakehouse_bsg_dag.py for tasks to queue
[2026-02-18T19:13:29.838+0000] {logging_mixin.py:188} INFO - [2026-02-18T19:13:29.838+0000] {dagbag.py:545} INFO - Filling up the DagBag from /opt/airflow/dags/lakehouse_bsg_dag.py
[2026-02-18T19:13:29.852+0000] {processor.py:840} INFO - DAG(s) 'lakehouse_bronze_silver_gold' retrieved from /opt/airflow/dags/lakehouse_bsg_dag.py
[2026-02-18T19:13:29.875+0000] {logging_mixin.py:188} INFO - [2026-02-18T19:13:29.875+0000] {dag.py:3089} INFO - Sync 1 DAGs
[2026-02-18T19:13:29.885+0000] {logging_mixin.py:188} INFO - [2026-02-18T19:13:29.885+0000] {dag.py:3947} INFO - Setting next_dagrun for lakehouse_bronze_silver_gold to None, run_after=None
[2026-02-18T19:13:29.899+0000] {processor.py:183} INFO - Processing /opt/airflow/dags/lakehouse_bsg_dag.py took 0.068 seconds
[2026-02-18T19:14:03.304+0000] {processor.py:161} INFO - Started process (PID=3099) to work on /opt/airflow/dags/lakehouse_bsg_dag.py
[2026-02-18T19:14:03.305+0000] {processor.py:830} INFO - Processing file /opt/airflow/dags/lakehouse_bsg_dag.py for tasks to queue
[2026-02-18T19:14:03.307+0000] {logging_mixin.py:188} INFO - [2026-02-18T19:14:03.307+0000] {dagbag.py:545} INFO - Filling up the DagBag from /opt/airflow/dags/lakehouse_bsg_dag.py
[2026-02-18T19:14:03.323+0000] {processor.py:840} INFO - DAG(s) 'lakehouse_bronze_silver_gold' retrieved from /opt/airflow/dags/lakehouse_bsg_dag.py
[2026-02-18T19:14:03.345+0000] {logging_mixin.py:188} INFO - [2026-02-18T19:14:03.345+0000] {dag.py:3089} INFO - Sync 1 DAGs
[2026-02-18T19:14:03.355+0000] {logging_mixin.py:188} INFO - [2026-02-18T19:14:03.355+0000] {dag.py:3947} INFO - Setting next_dagrun for lakehouse_bronze_silver_gold to None, run_after=None
[2026-02-18T19:14:03.370+0000] {processor.py:183} INFO - Processing /opt/airflow/dags/lakehouse_bsg_dag.py took 0.070 seconds
[2026-02-18T19:14:36.832+0000] {processor.py:161} INFO - Started process (PID=3104) to work on /opt/airflow/dags/lakehouse_bsg_dag.py
[2026-02-18T19:14:36.833+0000] {processor.py:830} INFO - Processing file /opt/airflow/dags/lakehouse_bsg_dag.py for tasks to queue
[2026-02-18T19:14:36.835+0000] {logging_mixin.py:188} INFO - [2026-02-18T19:14:36.835+0000] {dagbag.py:545} INFO - Filling up the DagBag from /opt/airflow/dags/lakehouse_bsg_dag.py
[2026-02-18T19:14:36.850+0000] {processor.py:840} INFO - DAG(s) 'lakehouse_bronze_silver_gold' retrieved from /opt/airflow/dags/lakehouse_bsg_dag.py
[2026-02-18T19:14:36.874+0000] {logging_mixin.py:188} INFO - [2026-02-18T19:14:36.873+0000] {dag.py:3089} INFO - Sync 1 DAGs
[2026-02-18T19:14:36.883+0000] {logging_mixin.py:188} INFO - [2026-02-18T19:14:36.883+0000] {dag.py:3947} INFO - Setting next_dagrun for lakehouse_bronze_silver_gold to None, run_after=None
[2026-02-18T19:14:36.897+0000] {processor.py:183} INFO - Processing /opt/airflow/dags/lakehouse_bsg_dag.py took 0.069 seconds
[2026-02-18T19:15:10.431+0000] {processor.py:161} INFO - Started process (PID=3109) to work on /opt/airflow/dags/lakehouse_bsg_dag.py
[2026-02-18T19:15:10.432+0000] {processor.py:830} INFO - Processing file /opt/airflow/dags/lakehouse_bsg_dag.py for tasks to queue
[2026-02-18T19:15:10.435+0000] {logging_mixin.py:188} INFO - [2026-02-18T19:15:10.434+0000] {dagbag.py:545} INFO - Filling up the DagBag from /opt/airflow/dags/lakehouse_bsg_dag.py
[2026-02-18T19:15:10.448+0000] {processor.py:840} INFO - DAG(s) 'lakehouse_bronze_silver_gold' retrieved from /opt/airflow/dags/lakehouse_bsg_dag.py
[2026-02-18T19:15:10.471+0000] {logging_mixin.py:188} INFO - [2026-02-18T19:15:10.471+0000] {dag.py:3089} INFO - Sync 1 DAGs
[2026-02-18T19:15:10.481+0000] {logging_mixin.py:188} INFO - [2026-02-18T19:15:10.481+0000] {dag.py:3947} INFO - Setting next_dagrun for lakehouse_bronze_silver_gold to None, run_after=None
[2026-02-18T19:15:10.495+0000] {processor.py:183} INFO - Processing /opt/airflow/dags/lakehouse_bsg_dag.py took 0.068 seconds
[2026-02-18T19:15:42.993+0000] {processor.py:161} INFO - Started process (PID=3114) to work on /opt/airflow/dags/lakehouse_bsg_dag.py
[2026-02-18T19:15:43.003+0000] {processor.py:830} INFO - Processing file /opt/airflow/dags/lakehouse_bsg_dag.py for tasks to queue
[2026-02-18T19:15:43.005+0000] {logging_mixin.py:188} INFO - [2026-02-18T19:15:43.005+0000] {dagbag.py:545} INFO - Filling up the DagBag from /opt/airflow/dags/lakehouse_bsg_dag.py
[2026-02-18T19:15:43.024+0000] {processor.py:840} INFO - DAG(s) 'lakehouse_bronze_silver_gold' retrieved from /opt/airflow/dags/lakehouse_bsg_dag.py
[2026-02-18T19:15:43.049+0000] {logging_mixin.py:188} INFO - [2026-02-18T19:15:43.048+0000] {dag.py:3089} INFO - Sync 1 DAGs
[2026-02-18T19:15:43.058+0000] {logging_mixin.py:188} INFO - [2026-02-18T19:15:43.058+0000] {dag.py:3947} INFO - Setting next_dagrun for lakehouse_bronze_silver_gold to None, run_after=None
[2026-02-18T19:15:43.073+0000] {processor.py:183} INFO - Processing /opt/airflow/dags/lakehouse_bsg_dag.py took 0.084 seconds
[2026-02-18T19:16:16.529+0000] {processor.py:161} INFO - Started process (PID=3119) to work on /opt/airflow/dags/lakehouse_bsg_dag.py
[2026-02-18T19:16:16.530+0000] {processor.py:830} INFO - Processing file /opt/airflow/dags/lakehouse_bsg_dag.py for tasks to queue
[2026-02-18T19:16:16.532+0000] {logging_mixin.py:188} INFO - [2026-02-18T19:16:16.532+0000] {dagbag.py:545} INFO - Filling up the DagBag from /opt/airflow/dags/lakehouse_bsg_dag.py
[2026-02-18T19:16:16.546+0000] {processor.py:840} INFO - DAG(s) 'lakehouse_bronze_silver_gold' retrieved from /opt/airflow/dags/lakehouse_bsg_dag.py
[2026-02-18T19:16:16.569+0000] {logging_mixin.py:188} INFO - [2026-02-18T19:16:16.569+0000] {dag.py:3089} INFO - Sync 1 DAGs
[2026-02-18T19:16:16.578+0000] {logging_mixin.py:188} INFO - [2026-02-18T19:16:16.578+0000] {dag.py:3947} INFO - Setting next_dagrun for lakehouse_bronze_silver_gold to None, run_after=None
[2026-02-18T19:16:16.592+0000] {processor.py:183} INFO - Processing /opt/airflow/dags/lakehouse_bsg_dag.py took 0.068 seconds
[2026-02-18T19:16:50.077+0000] {processor.py:161} INFO - Started process (PID=3124) to work on /opt/airflow/dags/lakehouse_bsg_dag.py
[2026-02-18T19:16:50.078+0000] {processor.py:830} INFO - Processing file /opt/airflow/dags/lakehouse_bsg_dag.py for tasks to queue
[2026-02-18T19:16:50.081+0000] {logging_mixin.py:188} INFO - [2026-02-18T19:16:50.081+0000] {dagbag.py:545} INFO - Filling up the DagBag from /opt/airflow/dags/lakehouse_bsg_dag.py
[2026-02-18T19:16:50.097+0000] {processor.py:840} INFO - DAG(s) 'lakehouse_bronze_silver_gold' retrieved from /opt/airflow/dags/lakehouse_bsg_dag.py
[2026-02-18T19:16:50.122+0000] {logging_mixin.py:188} INFO - [2026-02-18T19:16:50.121+0000] {dag.py:3089} INFO - Sync 1 DAGs
[2026-02-18T19:16:50.130+0000] {logging_mixin.py:188} INFO - [2026-02-18T19:16:50.130+0000] {dag.py:3947} INFO - Setting next_dagrun for lakehouse_bronze_silver_gold to None, run_after=None
[2026-02-18T19:16:50.146+0000] {processor.py:183} INFO - Processing /opt/airflow/dags/lakehouse_bsg_dag.py took 0.074 seconds
[2026-02-18T19:17:23.636+0000] {processor.py:161} INFO - Started process (PID=3129) to work on /opt/airflow/dags/lakehouse_bsg_dag.py
[2026-02-18T19:17:23.638+0000] {processor.py:830} INFO - Processing file /opt/airflow/dags/lakehouse_bsg_dag.py for tasks to queue
[2026-02-18T19:17:23.641+0000] {logging_mixin.py:188} INFO - [2026-02-18T19:17:23.640+0000] {dagbag.py:545} INFO - Filling up the DagBag from /opt/airflow/dags/lakehouse_bsg_dag.py
[2026-02-18T19:17:23.682+0000] {processor.py:840} INFO - DAG(s) 'lakehouse_bronze_silver_gold' retrieved from /opt/airflow/dags/lakehouse_bsg_dag.py
[2026-02-18T19:17:23.745+0000] {logging_mixin.py:188} INFO - [2026-02-18T19:17:23.745+0000] {dag.py:3089} INFO - Sync 1 DAGs
[2026-02-18T19:17:23.768+0000] {logging_mixin.py:188} INFO - [2026-02-18T19:17:23.768+0000] {dag.py:3947} INFO - Setting next_dagrun for lakehouse_bronze_silver_gold to None, run_after=None
[2026-02-18T19:17:23.803+0000] {processor.py:183} INFO - Processing /opt/airflow/dags/lakehouse_bsg_dag.py took 0.179 seconds
[2026-02-18T19:17:56.293+0000] {processor.py:161} INFO - Started process (PID=3134) to work on /opt/airflow/dags/lakehouse_bsg_dag.py
[2026-02-18T19:17:56.295+0000] {processor.py:830} INFO - Processing file /opt/airflow/dags/lakehouse_bsg_dag.py for tasks to queue
[2026-02-18T19:17:56.296+0000] {logging_mixin.py:188} INFO - [2026-02-18T19:17:56.296+0000] {dagbag.py:545} INFO - Filling up the DagBag from /opt/airflow/dags/lakehouse_bsg_dag.py
[2026-02-18T19:17:56.310+0000] {processor.py:840} INFO - DAG(s) 'lakehouse_bronze_silver_gold' retrieved from /opt/airflow/dags/lakehouse_bsg_dag.py
[2026-02-18T19:17:56.336+0000] {logging_mixin.py:188} INFO - [2026-02-18T19:17:56.336+0000] {dag.py:3089} INFO - Sync 1 DAGs
[2026-02-18T19:17:56.348+0000] {logging_mixin.py:188} INFO - [2026-02-18T19:17:56.348+0000] {dag.py:3947} INFO - Setting next_dagrun for lakehouse_bronze_silver_gold to None, run_after=None
[2026-02-18T19:17:56.364+0000] {processor.py:183} INFO - Processing /opt/airflow/dags/lakehouse_bsg_dag.py took 0.076 seconds
[2026-02-18T19:18:29.786+0000] {processor.py:161} INFO - Started process (PID=3139) to work on /opt/airflow/dags/lakehouse_bsg_dag.py
[2026-02-18T19:18:29.787+0000] {processor.py:830} INFO - Processing file /opt/airflow/dags/lakehouse_bsg_dag.py for tasks to queue
[2026-02-18T19:18:29.789+0000] {logging_mixin.py:188} INFO - [2026-02-18T19:18:29.788+0000] {dagbag.py:545} INFO - Filling up the DagBag from /opt/airflow/dags/lakehouse_bsg_dag.py
[2026-02-18T19:18:29.803+0000] {processor.py:840} INFO - DAG(s) 'lakehouse_bronze_silver_gold' retrieved from /opt/airflow/dags/lakehouse_bsg_dag.py
[2026-02-18T19:18:29.830+0000] {logging_mixin.py:188} INFO - [2026-02-18T19:18:29.830+0000] {dag.py:3089} INFO - Sync 1 DAGs
[2026-02-18T19:18:29.840+0000] {logging_mixin.py:188} INFO - [2026-02-18T19:18:29.839+0000] {dag.py:3947} INFO - Setting next_dagrun for lakehouse_bronze_silver_gold to None, run_after=None
[2026-02-18T19:18:29.854+0000] {processor.py:183} INFO - Processing /opt/airflow/dags/lakehouse_bsg_dag.py took 0.072 seconds
[2026-02-18T19:19:03.406+0000] {processor.py:161} INFO - Started process (PID=3144) to work on /opt/airflow/dags/lakehouse_bsg_dag.py
[2026-02-18T19:19:03.407+0000] {processor.py:830} INFO - Processing file /opt/airflow/dags/lakehouse_bsg_dag.py for tasks to queue
[2026-02-18T19:19:03.409+0000] {logging_mixin.py:188} INFO - [2026-02-18T19:19:03.409+0000] {dagbag.py:545} INFO - Filling up the DagBag from /opt/airflow/dags/lakehouse_bsg_dag.py
[2026-02-18T19:19:03.425+0000] {processor.py:840} INFO - DAG(s) 'lakehouse_bronze_silver_gold' retrieved from /opt/airflow/dags/lakehouse_bsg_dag.py
[2026-02-18T19:19:03.452+0000] {logging_mixin.py:188} INFO - [2026-02-18T19:19:03.452+0000] {dag.py:3089} INFO - Sync 1 DAGs
[2026-02-18T19:19:03.462+0000] {logging_mixin.py:188} INFO - [2026-02-18T19:19:03.462+0000] {dag.py:3947} INFO - Setting next_dagrun for lakehouse_bronze_silver_gold to None, run_after=None
[2026-02-18T19:19:03.478+0000] {processor.py:183} INFO - Processing /opt/airflow/dags/lakehouse_bsg_dag.py took 0.077 seconds
[2026-02-18T19:19:36.856+0000] {processor.py:161} INFO - Started process (PID=3149) to work on /opt/airflow/dags/lakehouse_bsg_dag.py
[2026-02-18T19:19:36.857+0000] {processor.py:830} INFO - Processing file /opt/airflow/dags/lakehouse_bsg_dag.py for tasks to queue
[2026-02-18T19:19:36.859+0000] {logging_mixin.py:188} INFO - [2026-02-18T19:19:36.859+0000] {dagbag.py:545} INFO - Filling up the DagBag from /opt/airflow/dags/lakehouse_bsg_dag.py
[2026-02-18T19:19:36.875+0000] {processor.py:840} INFO - DAG(s) 'lakehouse_bronze_silver_gold' retrieved from /opt/airflow/dags/lakehouse_bsg_dag.py
[2026-02-18T19:19:36.902+0000] {logging_mixin.py:188} INFO - [2026-02-18T19:19:36.902+0000] {dag.py:3089} INFO - Sync 1 DAGs
[2026-02-18T19:19:36.912+0000] {logging_mixin.py:188} INFO - [2026-02-18T19:19:36.912+0000] {dag.py:3947} INFO - Setting next_dagrun for lakehouse_bronze_silver_gold to None, run_after=None
[2026-02-18T19:19:36.932+0000] {processor.py:183} INFO - Processing /opt/airflow/dags/lakehouse_bsg_dag.py took 0.082 seconds
[2026-02-18T19:20:10.512+0000] {processor.py:161} INFO - Started process (PID=3154) to work on /opt/airflow/dags/lakehouse_bsg_dag.py
[2026-02-18T19:20:10.513+0000] {processor.py:830} INFO - Processing file /opt/airflow/dags/lakehouse_bsg_dag.py for tasks to queue
[2026-02-18T19:20:10.515+0000] {logging_mixin.py:188} INFO - [2026-02-18T19:20:10.515+0000] {dagbag.py:545} INFO - Filling up the DagBag from /opt/airflow/dags/lakehouse_bsg_dag.py
[2026-02-18T19:20:10.528+0000] {processor.py:840} INFO - DAG(s) 'lakehouse_bronze_silver_gold' retrieved from /opt/airflow/dags/lakehouse_bsg_dag.py
[2026-02-18T19:20:10.552+0000] {logging_mixin.py:188} INFO - [2026-02-18T19:20:10.552+0000] {dag.py:3089} INFO - Sync 1 DAGs
[2026-02-18T19:20:10.562+0000] {logging_mixin.py:188} INFO - [2026-02-18T19:20:10.561+0000] {dag.py:3947} INFO - Setting next_dagrun for lakehouse_bronze_silver_gold to None, run_after=None
[2026-02-18T19:20:10.576+0000] {processor.py:183} INFO - Processing /opt/airflow/dags/lakehouse_bsg_dag.py took 0.069 seconds
[2026-02-18T19:20:43.003+0000] {processor.py:161} INFO - Started process (PID=3159) to work on /opt/airflow/dags/lakehouse_bsg_dag.py
[2026-02-18T19:20:43.004+0000] {processor.py:830} INFO - Processing file /opt/airflow/dags/lakehouse_bsg_dag.py for tasks to queue
[2026-02-18T19:20:43.006+0000] {logging_mixin.py:188} INFO - [2026-02-18T19:20:43.006+0000] {dagbag.py:545} INFO - Filling up the DagBag from /opt/airflow/dags/lakehouse_bsg_dag.py
[2026-02-18T19:20:43.021+0000] {processor.py:840} INFO - DAG(s) 'lakehouse_bronze_silver_gold' retrieved from /opt/airflow/dags/lakehouse_bsg_dag.py
[2026-02-18T19:20:43.046+0000] {logging_mixin.py:188} INFO - [2026-02-18T19:20:43.045+0000] {dag.py:3089} INFO - Sync 1 DAGs
[2026-02-18T19:20:43.055+0000] {logging_mixin.py:188} INFO - [2026-02-18T19:20:43.055+0000] {dag.py:3947} INFO - Setting next_dagrun for lakehouse_bronze_silver_gold to None, run_after=None
[2026-02-18T19:20:43.070+0000] {processor.py:183} INFO - Processing /opt/airflow/dags/lakehouse_bsg_dag.py took 0.072 seconds
[2026-02-18T19:21:16.577+0000] {processor.py:161} INFO - Started process (PID=3164) to work on /opt/airflow/dags/lakehouse_bsg_dag.py
[2026-02-18T19:21:16.579+0000] {processor.py:830} INFO - Processing file /opt/airflow/dags/lakehouse_bsg_dag.py for tasks to queue
[2026-02-18T19:21:16.582+0000] {logging_mixin.py:188} INFO - [2026-02-18T19:21:16.581+0000] {dagbag.py:545} INFO - Filling up the DagBag from /opt/airflow/dags/lakehouse_bsg_dag.py
[2026-02-18T19:21:16.596+0000] {processor.py:840} INFO - DAG(s) 'lakehouse_bronze_silver_gold' retrieved from /opt/airflow/dags/lakehouse_bsg_dag.py
[2026-02-18T19:21:16.620+0000] {logging_mixin.py:188} INFO - [2026-02-18T19:21:16.620+0000] {dag.py:3089} INFO - Sync 1 DAGs
[2026-02-18T19:21:16.631+0000] {logging_mixin.py:188} INFO - [2026-02-18T19:21:16.631+0000] {dag.py:3947} INFO - Setting next_dagrun for lakehouse_bronze_silver_gold to None, run_after=None
[2026-02-18T19:21:16.645+0000] {processor.py:183} INFO - Processing /opt/airflow/dags/lakehouse_bsg_dag.py took 0.073 seconds
[2026-02-18T19:21:50.135+0000] {processor.py:161} INFO - Started process (PID=3169) to work on /opt/airflow/dags/lakehouse_bsg_dag.py
[2026-02-18T19:21:50.136+0000] {processor.py:830} INFO - Processing file /opt/airflow/dags/lakehouse_bsg_dag.py for tasks to queue
[2026-02-18T19:21:50.138+0000] {logging_mixin.py:188} INFO - [2026-02-18T19:21:50.137+0000] {dagbag.py:545} INFO - Filling up the DagBag from /opt/airflow/dags/lakehouse_bsg_dag.py
[2026-02-18T19:21:50.153+0000] {processor.py:840} INFO - DAG(s) 'lakehouse_bronze_silver_gold' retrieved from /opt/airflow/dags/lakehouse_bsg_dag.py
[2026-02-18T19:21:50.177+0000] {logging_mixin.py:188} INFO - [2026-02-18T19:21:50.177+0000] {dag.py:3089} INFO - Sync 1 DAGs
[2026-02-18T19:21:50.187+0000] {logging_mixin.py:188} INFO - [2026-02-18T19:21:50.187+0000] {dag.py:3947} INFO - Setting next_dagrun for lakehouse_bronze_silver_gold to None, run_after=None
[2026-02-18T19:21:50.200+0000] {processor.py:183} INFO - Processing /opt/airflow/dags/lakehouse_bsg_dag.py took 0.069 seconds
[2026-02-18T19:22:23.671+0000] {processor.py:161} INFO - Started process (PID=3174) to work on /opt/airflow/dags/lakehouse_bsg_dag.py
[2026-02-18T19:22:23.672+0000] {processor.py:830} INFO - Processing file /opt/airflow/dags/lakehouse_bsg_dag.py for tasks to queue
[2026-02-18T19:22:23.674+0000] {logging_mixin.py:188} INFO - [2026-02-18T19:22:23.674+0000] {dagbag.py:545} INFO - Filling up the DagBag from /opt/airflow/dags/lakehouse_bsg_dag.py
[2026-02-18T19:22:23.689+0000] {processor.py:840} INFO - DAG(s) 'lakehouse_bronze_silver_gold' retrieved from /opt/airflow/dags/lakehouse_bsg_dag.py
[2026-02-18T19:22:23.715+0000] {logging_mixin.py:188} INFO - [2026-02-18T19:22:23.714+0000] {dag.py:3089} INFO - Sync 1 DAGs
[2026-02-18T19:22:23.724+0000] {logging_mixin.py:188} INFO - [2026-02-18T19:22:23.724+0000] {dag.py:3947} INFO - Setting next_dagrun for lakehouse_bronze_silver_gold to None, run_after=None
[2026-02-18T19:22:23.739+0000] {processor.py:183} INFO - Processing /opt/airflow/dags/lakehouse_bsg_dag.py took 0.072 seconds
[2026-02-18T19:22:57.207+0000] {processor.py:161} INFO - Started process (PID=3179) to work on /opt/airflow/dags/lakehouse_bsg_dag.py
[2026-02-18T19:22:57.208+0000] {processor.py:830} INFO - Processing file /opt/airflow/dags/lakehouse_bsg_dag.py for tasks to queue
[2026-02-18T19:22:57.210+0000] {logging_mixin.py:188} INFO - [2026-02-18T19:22:57.209+0000] {dagbag.py:545} INFO - Filling up the DagBag from /opt/airflow/dags/lakehouse_bsg_dag.py
[2026-02-18T19:22:57.224+0000] {processor.py:840} INFO - DAG(s) 'lakehouse_bronze_silver_gold' retrieved from /opt/airflow/dags/lakehouse_bsg_dag.py
[2026-02-18T19:22:57.247+0000] {logging_mixin.py:188} INFO - [2026-02-18T19:22:57.247+0000] {dag.py:3089} INFO - Sync 1 DAGs
[2026-02-18T19:22:57.256+0000] {logging_mixin.py:188} INFO - [2026-02-18T19:22:57.256+0000] {dag.py:3947} INFO - Setting next_dagrun for lakehouse_bronze_silver_gold to None, run_after=None
[2026-02-18T19:22:57.270+0000] {processor.py:183} INFO - Processing /opt/airflow/dags/lakehouse_bsg_dag.py took 0.067 seconds
[2026-02-18T19:23:29.775+0000] {processor.py:161} INFO - Started process (PID=3184) to work on /opt/airflow/dags/lakehouse_bsg_dag.py
[2026-02-18T19:23:29.776+0000] {processor.py:830} INFO - Processing file /opt/airflow/dags/lakehouse_bsg_dag.py for tasks to queue
[2026-02-18T19:23:29.778+0000] {logging_mixin.py:188} INFO - [2026-02-18T19:23:29.778+0000] {dagbag.py:545} INFO - Filling up the DagBag from /opt/airflow/dags/lakehouse_bsg_dag.py
[2026-02-18T19:23:29.795+0000] {processor.py:840} INFO - DAG(s) 'lakehouse_bronze_silver_gold' retrieved from /opt/airflow/dags/lakehouse_bsg_dag.py
[2026-02-18T19:23:29.819+0000] {logging_mixin.py:188} INFO - [2026-02-18T19:23:29.819+0000] {dag.py:3089} INFO - Sync 1 DAGs
[2026-02-18T19:23:29.829+0000] {logging_mixin.py:188} INFO - [2026-02-18T19:23:29.829+0000] {dag.py:3947} INFO - Setting next_dagrun for lakehouse_bronze_silver_gold to None, run_after=None
[2026-02-18T19:23:29.846+0000] {processor.py:183} INFO - Processing /opt/airflow/dags/lakehouse_bsg_dag.py took 0.074 seconds
[2026-02-18T19:24:03.291+0000] {processor.py:161} INFO - Started process (PID=3189) to work on /opt/airflow/dags/lakehouse_bsg_dag.py
[2026-02-18T19:24:03.292+0000] {processor.py:830} INFO - Processing file /opt/airflow/dags/lakehouse_bsg_dag.py for tasks to queue
[2026-02-18T19:24:03.294+0000] {logging_mixin.py:188} INFO - [2026-02-18T19:24:03.293+0000] {dagbag.py:545} INFO - Filling up the DagBag from /opt/airflow/dags/lakehouse_bsg_dag.py
[2026-02-18T19:24:03.308+0000] {processor.py:840} INFO - DAG(s) 'lakehouse_bronze_silver_gold' retrieved from /opt/airflow/dags/lakehouse_bsg_dag.py
[2026-02-18T19:24:03.332+0000] {logging_mixin.py:188} INFO - [2026-02-18T19:24:03.332+0000] {dag.py:3089} INFO - Sync 1 DAGs
[2026-02-18T19:24:03.342+0000] {logging_mixin.py:188} INFO - [2026-02-18T19:24:03.342+0000] {dag.py:3947} INFO - Setting next_dagrun for lakehouse_bronze_silver_gold to None, run_after=None
[2026-02-18T19:24:03.357+0000] {processor.py:183} INFO - Processing /opt/airflow/dags/lakehouse_bsg_dag.py took 0.070 seconds
[2026-02-18T19:24:36.829+0000] {processor.py:161} INFO - Started process (PID=3194) to work on /opt/airflow/dags/lakehouse_bsg_dag.py
[2026-02-18T19:24:36.830+0000] {processor.py:830} INFO - Processing file /opt/airflow/dags/lakehouse_bsg_dag.py for tasks to queue
[2026-02-18T19:24:36.832+0000] {logging_mixin.py:188} INFO - [2026-02-18T19:24:36.831+0000] {dagbag.py:545} INFO - Filling up the DagBag from /opt/airflow/dags/lakehouse_bsg_dag.py
[2026-02-18T19:24:36.850+0000] {processor.py:840} INFO - DAG(s) 'lakehouse_bronze_silver_gold' retrieved from /opt/airflow/dags/lakehouse_bsg_dag.py
[2026-02-18T19:24:36.875+0000] {logging_mixin.py:188} INFO - [2026-02-18T19:24:36.875+0000] {dag.py:3089} INFO - Sync 1 DAGs
[2026-02-18T19:24:36.887+0000] {logging_mixin.py:188} INFO - [2026-02-18T19:24:36.887+0000] {dag.py:3947} INFO - Setting next_dagrun for lakehouse_bronze_silver_gold to None, run_after=None
[2026-02-18T19:24:36.904+0000] {processor.py:183} INFO - Processing /opt/airflow/dags/lakehouse_bsg_dag.py took 0.079 seconds
[2026-02-18T19:25:10.408+0000] {processor.py:161} INFO - Started process (PID=3199) to work on /opt/airflow/dags/lakehouse_bsg_dag.py
[2026-02-18T19:25:10.409+0000] {processor.py:830} INFO - Processing file /opt/airflow/dags/lakehouse_bsg_dag.py for tasks to queue
[2026-02-18T19:25:10.411+0000] {logging_mixin.py:188} INFO - [2026-02-18T19:25:10.411+0000] {dagbag.py:545} INFO - Filling up the DagBag from /opt/airflow/dags/lakehouse_bsg_dag.py
[2026-02-18T19:25:10.428+0000] {processor.py:840} INFO - DAG(s) 'lakehouse_bronze_silver_gold' retrieved from /opt/airflow/dags/lakehouse_bsg_dag.py
[2026-02-18T19:25:10.452+0000] {logging_mixin.py:188} INFO - [2026-02-18T19:25:10.452+0000] {dag.py:3089} INFO - Sync 1 DAGs
[2026-02-18T19:25:10.463+0000] {logging_mixin.py:188} INFO - [2026-02-18T19:25:10.463+0000] {dag.py:3947} INFO - Setting next_dagrun for lakehouse_bronze_silver_gold to None, run_after=None
[2026-02-18T19:25:10.481+0000] {processor.py:183} INFO - Processing /opt/airflow/dags/lakehouse_bsg_dag.py took 0.081 seconds
[2026-02-18T19:25:42.968+0000] {processor.py:161} INFO - Started process (PID=3204) to work on /opt/airflow/dags/lakehouse_bsg_dag.py
[2026-02-18T19:25:42.969+0000] {processor.py:830} INFO - Processing file /opt/airflow/dags/lakehouse_bsg_dag.py for tasks to queue
[2026-02-18T19:25:42.971+0000] {logging_mixin.py:188} INFO - [2026-02-18T19:25:42.971+0000] {dagbag.py:545} INFO - Filling up the DagBag from /opt/airflow/dags/lakehouse_bsg_dag.py
[2026-02-18T19:25:42.988+0000] {processor.py:840} INFO - DAG(s) 'lakehouse_bronze_silver_gold' retrieved from /opt/airflow/dags/lakehouse_bsg_dag.py
[2026-02-18T19:25:43.014+0000] {logging_mixin.py:188} INFO - [2026-02-18T19:25:43.013+0000] {dag.py:3089} INFO - Sync 1 DAGs
[2026-02-18T19:25:43.023+0000] {logging_mixin.py:188} INFO - [2026-02-18T19:25:43.023+0000] {dag.py:3947} INFO - Setting next_dagrun for lakehouse_bronze_silver_gold to None, run_after=None
[2026-02-18T19:25:43.038+0000] {processor.py:183} INFO - Processing /opt/airflow/dags/lakehouse_bsg_dag.py took 0.074 seconds
[2026-02-18T19:26:16.487+0000] {processor.py:161} INFO - Started process (PID=3209) to work on /opt/airflow/dags/lakehouse_bsg_dag.py
[2026-02-18T19:26:16.489+0000] {processor.py:830} INFO - Processing file /opt/airflow/dags/lakehouse_bsg_dag.py for tasks to queue
[2026-02-18T19:26:16.490+0000] {logging_mixin.py:188} INFO - [2026-02-18T19:26:16.490+0000] {dagbag.py:545} INFO - Filling up the DagBag from /opt/airflow/dags/lakehouse_bsg_dag.py
[2026-02-18T19:26:16.514+0000] {processor.py:840} INFO - DAG(s) 'lakehouse_bronze_silver_gold' retrieved from /opt/airflow/dags/lakehouse_bsg_dag.py
[2026-02-18T19:26:16.538+0000] {logging_mixin.py:188} INFO - [2026-02-18T19:26:16.538+0000] {dag.py:3089} INFO - Sync 1 DAGs
[2026-02-18T19:26:16.548+0000] {logging_mixin.py:188} INFO - [2026-02-18T19:26:16.548+0000] {dag.py:3947} INFO - Setting next_dagrun for lakehouse_bronze_silver_gold to None, run_after=None
[2026-02-18T19:26:16.563+0000] {processor.py:183} INFO - Processing /opt/airflow/dags/lakehouse_bsg_dag.py took 0.081 seconds
[2026-02-18T19:26:50.037+0000] {processor.py:161} INFO - Started process (PID=3214) to work on /opt/airflow/dags/lakehouse_bsg_dag.py
[2026-02-18T19:26:50.038+0000] {processor.py:830} INFO - Processing file /opt/airflow/dags/lakehouse_bsg_dag.py for tasks to queue
[2026-02-18T19:26:50.040+0000] {logging_mixin.py:188} INFO - [2026-02-18T19:26:50.040+0000] {dagbag.py:545} INFO - Filling up the DagBag from /opt/airflow/dags/lakehouse_bsg_dag.py
[2026-02-18T19:26:50.057+0000] {processor.py:840} INFO - DAG(s) 'lakehouse_bronze_silver_gold' retrieved from /opt/airflow/dags/lakehouse_bsg_dag.py
[2026-02-18T19:26:50.081+0000] {logging_mixin.py:188} INFO - [2026-02-18T19:26:50.081+0000] {dag.py:3089} INFO - Sync 1 DAGs
[2026-02-18T19:26:50.091+0000] {logging_mixin.py:188} INFO - [2026-02-18T19:26:50.091+0000] {dag.py:3947} INFO - Setting next_dagrun for lakehouse_bronze_silver_gold to None, run_after=None
[2026-02-18T19:26:50.105+0000] {processor.py:183} INFO - Processing /opt/airflow/dags/lakehouse_bsg_dag.py took 0.075 seconds
[2026-02-18T19:27:23.609+0000] {processor.py:161} INFO - Started process (PID=3219) to work on /opt/airflow/dags/lakehouse_bsg_dag.py
[2026-02-18T19:27:23.611+0000] {processor.py:830} INFO - Processing file /opt/airflow/dags/lakehouse_bsg_dag.py for tasks to queue
[2026-02-18T19:27:23.613+0000] {logging_mixin.py:188} INFO - [2026-02-18T19:27:23.613+0000] {dagbag.py:545} INFO - Filling up the DagBag from /opt/airflow/dags/lakehouse_bsg_dag.py
[2026-02-18T19:27:23.639+0000] {processor.py:840} INFO - DAG(s) 'lakehouse_bronze_silver_gold' retrieved from /opt/airflow/dags/lakehouse_bsg_dag.py
[2026-02-18T19:27:23.684+0000] {logging_mixin.py:188} INFO - [2026-02-18T19:27:23.684+0000] {dag.py:3089} INFO - Sync 1 DAGs
[2026-02-18T19:27:23.699+0000] {logging_mixin.py:188} INFO - [2026-02-18T19:27:23.699+0000] {dag.py:3947} INFO - Setting next_dagrun for lakehouse_bronze_silver_gold to None, run_after=None
[2026-02-18T19:27:23.724+0000] {processor.py:183} INFO - Processing /opt/airflow/dags/lakehouse_bsg_dag.py took 0.120 seconds
[2026-02-18T19:27:57.473+0000] {processor.py:161} INFO - Started process (PID=3224) to work on /opt/airflow/dags/lakehouse_bsg_dag.py
[2026-02-18T19:27:57.490+0000] {processor.py:830} INFO - Processing file /opt/airflow/dags/lakehouse_bsg_dag.py for tasks to queue
[2026-02-18T19:27:57.542+0000] {logging_mixin.py:188} INFO - [2026-02-18T19:27:57.535+0000] {dagbag.py:545} INFO - Filling up the DagBag from /opt/airflow/dags/lakehouse_bsg_dag.py
[2026-02-18T19:27:57.751+0000] {processor.py:840} INFO - DAG(s) 'lakehouse_bronze_silver_gold' retrieved from /opt/airflow/dags/lakehouse_bsg_dag.py
[2026-02-18T19:27:58.050+0000] {logging_mixin.py:188} INFO - [2026-02-18T19:27:58.049+0000] {dag.py:3089} INFO - Sync 1 DAGs
[2026-02-18T19:27:58.138+0000] {logging_mixin.py:188} INFO - [2026-02-18T19:27:58.138+0000] {dag.py:3947} INFO - Setting next_dagrun for lakehouse_bronze_silver_gold to None, run_after=None
[2026-02-18T19:27:58.202+0000] {processor.py:183} INFO - Processing /opt/airflow/dags/lakehouse_bsg_dag.py took 0.821 seconds
[2026-02-18T19:28:29.752+0000] {processor.py:161} INFO - Started process (PID=3229) to work on /opt/airflow/dags/lakehouse_bsg_dag.py
[2026-02-18T19:28:29.752+0000] {processor.py:830} INFO - Processing file /opt/airflow/dags/lakehouse_bsg_dag.py for tasks to queue
[2026-02-18T19:28:29.754+0000] {logging_mixin.py:188} INFO - [2026-02-18T19:28:29.754+0000] {dagbag.py:545} INFO - Filling up the DagBag from /opt/airflow/dags/lakehouse_bsg_dag.py
[2026-02-18T19:28:29.769+0000] {processor.py:840} INFO - DAG(s) 'lakehouse_bronze_silver_gold' retrieved from /opt/airflow/dags/lakehouse_bsg_dag.py
[2026-02-18T19:28:29.795+0000] {logging_mixin.py:188} INFO - [2026-02-18T19:28:29.795+0000] {dag.py:3089} INFO - Sync 1 DAGs
[2026-02-18T19:28:29.805+0000] {logging_mixin.py:188} INFO - [2026-02-18T19:28:29.804+0000] {dag.py:3947} INFO - Setting next_dagrun for lakehouse_bronze_silver_gold to None, run_after=None
[2026-02-18T19:28:29.819+0000] {processor.py:183} INFO - Processing /opt/airflow/dags/lakehouse_bsg_dag.py took 0.073 seconds
[2026-02-18T19:29:03.316+0000] {processor.py:161} INFO - Started process (PID=3234) to work on /opt/airflow/dags/lakehouse_bsg_dag.py
[2026-02-18T19:29:03.318+0000] {processor.py:830} INFO - Processing file /opt/airflow/dags/lakehouse_bsg_dag.py for tasks to queue
[2026-02-18T19:29:03.319+0000] {logging_mixin.py:188} INFO - [2026-02-18T19:29:03.319+0000] {dagbag.py:545} INFO - Filling up the DagBag from /opt/airflow/dags/lakehouse_bsg_dag.py
[2026-02-18T19:29:03.341+0000] {processor.py:840} INFO - DAG(s) 'lakehouse_bronze_silver_gold' retrieved from /opt/airflow/dags/lakehouse_bsg_dag.py
[2026-02-18T19:29:03.389+0000] {logging_mixin.py:188} INFO - [2026-02-18T19:29:03.389+0000] {dag.py:3089} INFO - Sync 1 DAGs
[2026-02-18T19:29:03.404+0000] {logging_mixin.py:188} INFO - [2026-02-18T19:29:03.403+0000] {dag.py:3947} INFO - Setting next_dagrun for lakehouse_bronze_silver_gold to None, run_after=None
[2026-02-18T19:29:03.420+0000] {processor.py:183} INFO - Processing /opt/airflow/dags/lakehouse_bsg_dag.py took 0.114 seconds
[2026-02-18T19:29:36.886+0000] {processor.py:161} INFO - Started process (PID=3239) to work on /opt/airflow/dags/lakehouse_bsg_dag.py
[2026-02-18T19:29:36.887+0000] {processor.py:830} INFO - Processing file /opt/airflow/dags/lakehouse_bsg_dag.py for tasks to queue
[2026-02-18T19:29:36.888+0000] {logging_mixin.py:188} INFO - [2026-02-18T19:29:36.888+0000] {dagbag.py:545} INFO - Filling up the DagBag from /opt/airflow/dags/lakehouse_bsg_dag.py
[2026-02-18T19:29:36.900+0000] {processor.py:840} INFO - DAG(s) 'lakehouse_bronze_silver_gold' retrieved from /opt/airflow/dags/lakehouse_bsg_dag.py
[2026-02-18T19:29:36.932+0000] {logging_mixin.py:188} INFO - [2026-02-18T19:29:36.932+0000] {dag.py:3089} INFO - Sync 1 DAGs
[2026-02-18T19:29:36.954+0000] {logging_mixin.py:188} INFO - [2026-02-18T19:29:36.954+0000] {dag.py:3947} INFO - Setting next_dagrun for lakehouse_bronze_silver_gold to None, run_after=None
[2026-02-18T19:29:36.972+0000] {processor.py:183} INFO - Processing /opt/airflow/dags/lakehouse_bsg_dag.py took 0.090 seconds
[2026-02-18T19:30:10.515+0000] {processor.py:161} INFO - Started process (PID=3244) to work on /opt/airflow/dags/lakehouse_bsg_dag.py
[2026-02-18T19:30:10.515+0000] {processor.py:830} INFO - Processing file /opt/airflow/dags/lakehouse_bsg_dag.py for tasks to queue
[2026-02-18T19:30:10.517+0000] {logging_mixin.py:188} INFO - [2026-02-18T19:30:10.517+0000] {dagbag.py:545} INFO - Filling up the DagBag from /opt/airflow/dags/lakehouse_bsg_dag.py
[2026-02-18T19:30:10.529+0000] {processor.py:840} INFO - DAG(s) 'lakehouse_bronze_silver_gold' retrieved from /opt/airflow/dags/lakehouse_bsg_dag.py
[2026-02-18T19:30:10.549+0000] {logging_mixin.py:188} INFO - [2026-02-18T19:30:10.549+0000] {dag.py:3089} INFO - Sync 1 DAGs
[2026-02-18T19:30:10.558+0000] {logging_mixin.py:188} INFO - [2026-02-18T19:30:10.558+0000] {dag.py:3947} INFO - Setting next_dagrun for lakehouse_bronze_silver_gold to None, run_after=None
[2026-02-18T19:30:10.573+0000] {processor.py:183} INFO - Processing /opt/airflow/dags/lakehouse_bsg_dag.py took 0.062 seconds
[2026-02-18T19:30:43.041+0000] {processor.py:161} INFO - Started process (PID=3249) to work on /opt/airflow/dags/lakehouse_bsg_dag.py
[2026-02-18T19:30:43.042+0000] {processor.py:830} INFO - Processing file /opt/airflow/dags/lakehouse_bsg_dag.py for tasks to queue
[2026-02-18T19:30:43.043+0000] {logging_mixin.py:188} INFO - [2026-02-18T19:30:43.043+0000] {dagbag.py:545} INFO - Filling up the DagBag from /opt/airflow/dags/lakehouse_bsg_dag.py
[2026-02-18T19:30:43.057+0000] {processor.py:840} INFO - DAG(s) 'lakehouse_bronze_silver_gold' retrieved from /opt/airflow/dags/lakehouse_bsg_dag.py
[2026-02-18T19:30:43.081+0000] {logging_mixin.py:188} INFO - [2026-02-18T19:30:43.081+0000] {dag.py:3089} INFO - Sync 1 DAGs
[2026-02-18T19:30:43.090+0000] {logging_mixin.py:188} INFO - [2026-02-18T19:30:43.090+0000] {dag.py:3947} INFO - Setting next_dagrun for lakehouse_bronze_silver_gold to None, run_after=None
[2026-02-18T19:30:43.107+0000] {processor.py:183} INFO - Processing /opt/airflow/dags/lakehouse_bsg_dag.py took 0.070 seconds
[2026-02-18T19:31:16.628+0000] {processor.py:161} INFO - Started process (PID=3254) to work on /opt/airflow/dags/lakehouse_bsg_dag.py
[2026-02-18T19:31:16.629+0000] {processor.py:830} INFO - Processing file /opt/airflow/dags/lakehouse_bsg_dag.py for tasks to queue
[2026-02-18T19:31:16.630+0000] {logging_mixin.py:188} INFO - [2026-02-18T19:31:16.630+0000] {dagbag.py:545} INFO - Filling up the DagBag from /opt/airflow/dags/lakehouse_bsg_dag.py
[2026-02-18T19:31:16.646+0000] {processor.py:840} INFO - DAG(s) 'lakehouse_bronze_silver_gold' retrieved from /opt/airflow/dags/lakehouse_bsg_dag.py
[2026-02-18T19:31:16.670+0000] {logging_mixin.py:188} INFO - [2026-02-18T19:31:16.670+0000] {dag.py:3089} INFO - Sync 1 DAGs
[2026-02-18T19:31:16.680+0000] {logging_mixin.py:188} INFO - [2026-02-18T19:31:16.680+0000] {dag.py:3947} INFO - Setting next_dagrun for lakehouse_bronze_silver_gold to None, run_after=None
[2026-02-18T19:31:16.693+0000] {processor.py:183} INFO - Processing /opt/airflow/dags/lakehouse_bsg_dag.py took 0.069 seconds
[2026-02-18T19:31:50.212+0000] {processor.py:161} INFO - Started process (PID=3259) to work on /opt/airflow/dags/lakehouse_bsg_dag.py
[2026-02-18T19:31:50.213+0000] {processor.py:830} INFO - Processing file /opt/airflow/dags/lakehouse_bsg_dag.py for tasks to queue
[2026-02-18T19:31:50.215+0000] {logging_mixin.py:188} INFO - [2026-02-18T19:31:50.215+0000] {dagbag.py:545} INFO - Filling up the DagBag from /opt/airflow/dags/lakehouse_bsg_dag.py
[2026-02-18T19:31:50.229+0000] {processor.py:840} INFO - DAG(s) 'lakehouse_bronze_silver_gold' retrieved from /opt/airflow/dags/lakehouse_bsg_dag.py
[2026-02-18T19:31:50.254+0000] {logging_mixin.py:188} INFO - [2026-02-18T19:31:50.254+0000] {dag.py:3089} INFO - Sync 1 DAGs
[2026-02-18T19:31:50.263+0000] {logging_mixin.py:188} INFO - [2026-02-18T19:31:50.263+0000] {dag.py:3947} INFO - Setting next_dagrun for lakehouse_bronze_silver_gold to None, run_after=None
[2026-02-18T19:31:50.278+0000] {processor.py:183} INFO - Processing /opt/airflow/dags/lakehouse_bsg_dag.py took 0.070 seconds
[2026-02-18T19:32:23.806+0000] {processor.py:161} INFO - Started process (PID=3264) to work on /opt/airflow/dags/lakehouse_bsg_dag.py
[2026-02-18T19:32:23.807+0000] {processor.py:830} INFO - Processing file /opt/airflow/dags/lakehouse_bsg_dag.py for tasks to queue
[2026-02-18T19:32:23.808+0000] {logging_mixin.py:188} INFO - [2026-02-18T19:32:23.808+0000] {dagbag.py:545} INFO - Filling up the DagBag from /opt/airflow/dags/lakehouse_bsg_dag.py
[2026-02-18T19:32:23.821+0000] {processor.py:840} INFO - DAG(s) 'lakehouse_bronze_silver_gold' retrieved from /opt/airflow/dags/lakehouse_bsg_dag.py
[2026-02-18T19:32:23.844+0000] {logging_mixin.py:188} INFO - [2026-02-18T19:32:23.844+0000] {dag.py:3089} INFO - Sync 1 DAGs
[2026-02-18T19:32:23.853+0000] {logging_mixin.py:188} INFO - [2026-02-18T19:32:23.853+0000] {dag.py:3947} INFO - Setting next_dagrun for lakehouse_bronze_silver_gold to None, run_after=None
[2026-02-18T19:32:23.869+0000] {processor.py:183} INFO - Processing /opt/airflow/dags/lakehouse_bsg_dag.py took 0.068 seconds
[2026-02-18T19:32:57.346+0000] {processor.py:161} INFO - Started process (PID=3269) to work on /opt/airflow/dags/lakehouse_bsg_dag.py
[2026-02-18T19:32:57.348+0000] {processor.py:830} INFO - Processing file /opt/airflow/dags/lakehouse_bsg_dag.py for tasks to queue
[2026-02-18T19:32:57.349+0000] {logging_mixin.py:188} INFO - [2026-02-18T19:32:57.349+0000] {dagbag.py:545} INFO - Filling up the DagBag from /opt/airflow/dags/lakehouse_bsg_dag.py
[2026-02-18T19:32:57.364+0000] {processor.py:840} INFO - DAG(s) 'lakehouse_bronze_silver_gold' retrieved from /opt/airflow/dags/lakehouse_bsg_dag.py
[2026-02-18T19:32:57.386+0000] {logging_mixin.py:188} INFO - [2026-02-18T19:32:57.386+0000] {dag.py:3089} INFO - Sync 1 DAGs
[2026-02-18T19:32:57.396+0000] {logging_mixin.py:188} INFO - [2026-02-18T19:32:57.396+0000] {dag.py:3947} INFO - Setting next_dagrun for lakehouse_bronze_silver_gold to None, run_after=None
[2026-02-18T19:32:57.411+0000] {processor.py:183} INFO - Processing /opt/airflow/dags/lakehouse_bsg_dag.py took 0.069 seconds
[2026-02-18T19:33:29.869+0000] {processor.py:161} INFO - Started process (PID=3274) to work on /opt/airflow/dags/lakehouse_bsg_dag.py
[2026-02-18T19:33:29.870+0000] {processor.py:830} INFO - Processing file /opt/airflow/dags/lakehouse_bsg_dag.py for tasks to queue
[2026-02-18T19:33:29.871+0000] {logging_mixin.py:188} INFO - [2026-02-18T19:33:29.871+0000] {dagbag.py:545} INFO - Filling up the DagBag from /opt/airflow/dags/lakehouse_bsg_dag.py
[2026-02-18T19:33:29.888+0000] {processor.py:840} INFO - DAG(s) 'lakehouse_bronze_silver_gold' retrieved from /opt/airflow/dags/lakehouse_bsg_dag.py
[2026-02-18T19:33:29.912+0000] {logging_mixin.py:188} INFO - [2026-02-18T19:33:29.911+0000] {dag.py:3089} INFO - Sync 1 DAGs
[2026-02-18T19:33:29.921+0000] {logging_mixin.py:188} INFO - [2026-02-18T19:33:29.921+0000] {dag.py:3947} INFO - Setting next_dagrun for lakehouse_bronze_silver_gold to None, run_after=None
[2026-02-18T19:33:29.935+0000] {processor.py:183} INFO - Processing /opt/airflow/dags/lakehouse_bsg_dag.py took 0.070 seconds
[2026-02-18T19:34:03.430+0000] {processor.py:161} INFO - Started process (PID=3279) to work on /opt/airflow/dags/lakehouse_bsg_dag.py
[2026-02-18T19:34:03.431+0000] {processor.py:830} INFO - Processing file /opt/airflow/dags/lakehouse_bsg_dag.py for tasks to queue
[2026-02-18T19:34:03.433+0000] {logging_mixin.py:188} INFO - [2026-02-18T19:34:03.432+0000] {dagbag.py:545} INFO - Filling up the DagBag from /opt/airflow/dags/lakehouse_bsg_dag.py
[2026-02-18T19:34:03.450+0000] {processor.py:840} INFO - DAG(s) 'lakehouse_bronze_silver_gold' retrieved from /opt/airflow/dags/lakehouse_bsg_dag.py
[2026-02-18T19:34:03.472+0000] {logging_mixin.py:188} INFO - [2026-02-18T19:34:03.472+0000] {dag.py:3089} INFO - Sync 1 DAGs
[2026-02-18T19:34:03.481+0000] {logging_mixin.py:188} INFO - [2026-02-18T19:34:03.481+0000] {dag.py:3947} INFO - Setting next_dagrun for lakehouse_bronze_silver_gold to None, run_after=None
[2026-02-18T19:34:03.495+0000] {processor.py:183} INFO - Processing /opt/airflow/dags/lakehouse_bsg_dag.py took 0.070 seconds
[2026-02-18T19:34:37.017+0000] {processor.py:161} INFO - Started process (PID=3284) to work on /opt/airflow/dags/lakehouse_bsg_dag.py
[2026-02-18T19:34:37.018+0000] {processor.py:830} INFO - Processing file /opt/airflow/dags/lakehouse_bsg_dag.py for tasks to queue
[2026-02-18T19:34:37.020+0000] {logging_mixin.py:188} INFO - [2026-02-18T19:34:37.020+0000] {dagbag.py:545} INFO - Filling up the DagBag from /opt/airflow/dags/lakehouse_bsg_dag.py
[2026-02-18T19:34:37.043+0000] {processor.py:840} INFO - DAG(s) 'lakehouse_bronze_silver_gold' retrieved from /opt/airflow/dags/lakehouse_bsg_dag.py
[2026-02-18T19:34:37.070+0000] {logging_mixin.py:188} INFO - [2026-02-18T19:34:37.070+0000] {dag.py:3089} INFO - Sync 1 DAGs
[2026-02-18T19:34:37.081+0000] {logging_mixin.py:188} INFO - [2026-02-18T19:34:37.080+0000] {dag.py:3947} INFO - Setting next_dagrun for lakehouse_bronze_silver_gold to None, run_after=None
[2026-02-18T19:34:37.096+0000] {processor.py:183} INFO - Processing /opt/airflow/dags/lakehouse_bsg_dag.py took 0.083 seconds
[2026-02-18T19:35:10.640+0000] {processor.py:161} INFO - Started process (PID=3289) to work on /opt/airflow/dags/lakehouse_bsg_dag.py
[2026-02-18T19:35:10.641+0000] {processor.py:830} INFO - Processing file /opt/airflow/dags/lakehouse_bsg_dag.py for tasks to queue
[2026-02-18T19:35:10.643+0000] {logging_mixin.py:188} INFO - [2026-02-18T19:35:10.643+0000] {dagbag.py:545} INFO - Filling up the DagBag from /opt/airflow/dags/lakehouse_bsg_dag.py
[2026-02-18T19:35:10.660+0000] {processor.py:840} INFO - DAG(s) 'lakehouse_bronze_silver_gold' retrieved from /opt/airflow/dags/lakehouse_bsg_dag.py
[2026-02-18T19:35:10.684+0000] {logging_mixin.py:188} INFO - [2026-02-18T19:35:10.684+0000] {dag.py:3089} INFO - Sync 1 DAGs
[2026-02-18T19:35:10.695+0000] {logging_mixin.py:188} INFO - [2026-02-18T19:35:10.695+0000] {dag.py:3947} INFO - Setting next_dagrun for lakehouse_bronze_silver_gold to None, run_after=None
[2026-02-18T19:35:10.710+0000] {processor.py:183} INFO - Processing /opt/airflow/dags/lakehouse_bsg_dag.py took 0.074 seconds
[2026-02-18T19:35:43.215+0000] {processor.py:161} INFO - Started process (PID=3294) to work on /opt/airflow/dags/lakehouse_bsg_dag.py
[2026-02-18T19:35:43.216+0000] {processor.py:830} INFO - Processing file /opt/airflow/dags/lakehouse_bsg_dag.py for tasks to queue
[2026-02-18T19:35:43.217+0000] {logging_mixin.py:188} INFO - [2026-02-18T19:35:43.217+0000] {dagbag.py:545} INFO - Filling up the DagBag from /opt/airflow/dags/lakehouse_bsg_dag.py
[2026-02-18T19:35:43.230+0000] {processor.py:840} INFO - DAG(s) 'lakehouse_bronze_silver_gold' retrieved from /opt/airflow/dags/lakehouse_bsg_dag.py
[2026-02-18T19:35:43.252+0000] {logging_mixin.py:188} INFO - [2026-02-18T19:35:43.252+0000] {dag.py:3089} INFO - Sync 1 DAGs
[2026-02-18T19:35:43.261+0000] {logging_mixin.py:188} INFO - [2026-02-18T19:35:43.261+0000] {dag.py:3947} INFO - Setting next_dagrun for lakehouse_bronze_silver_gold to None, run_after=None
[2026-02-18T19:35:43.274+0000] {processor.py:183} INFO - Processing /opt/airflow/dags/lakehouse_bsg_dag.py took 0.063 seconds
[2026-02-18T19:36:16.753+0000] {processor.py:161} INFO - Started process (PID=3299) to work on /opt/airflow/dags/lakehouse_bsg_dag.py
[2026-02-18T19:36:16.754+0000] {processor.py:830} INFO - Processing file /opt/airflow/dags/lakehouse_bsg_dag.py for tasks to queue
[2026-02-18T19:36:16.757+0000] {logging_mixin.py:188} INFO - [2026-02-18T19:36:16.757+0000] {dagbag.py:545} INFO - Filling up the DagBag from /opt/airflow/dags/lakehouse_bsg_dag.py
[2026-02-18T19:36:16.773+0000] {processor.py:840} INFO - DAG(s) 'lakehouse_bronze_silver_gold' retrieved from /opt/airflow/dags/lakehouse_bsg_dag.py
[2026-02-18T19:36:16.796+0000] {logging_mixin.py:188} INFO - [2026-02-18T19:36:16.796+0000] {dag.py:3089} INFO - Sync 1 DAGs
[2026-02-18T19:36:16.808+0000] {logging_mixin.py:188} INFO - [2026-02-18T19:36:16.807+0000] {dag.py:3947} INFO - Setting next_dagrun for lakehouse_bronze_silver_gold to None, run_after=None
[2026-02-18T19:36:16.820+0000] {processor.py:183} INFO - Processing /opt/airflow/dags/lakehouse_bsg_dag.py took 0.073 seconds
[2026-02-18T19:36:50.198+0000] {processor.py:161} INFO - Started process (PID=3304) to work on /opt/airflow/dags/lakehouse_bsg_dag.py
[2026-02-18T19:36:50.199+0000] {processor.py:830} INFO - Processing file /opt/airflow/dags/lakehouse_bsg_dag.py for tasks to queue
[2026-02-18T19:36:50.201+0000] {logging_mixin.py:188} INFO - [2026-02-18T19:36:50.200+0000] {dagbag.py:545} INFO - Filling up the DagBag from /opt/airflow/dags/lakehouse_bsg_dag.py
[2026-02-18T19:36:50.214+0000] {processor.py:840} INFO - DAG(s) 'lakehouse_bronze_silver_gold' retrieved from /opt/airflow/dags/lakehouse_bsg_dag.py
[2026-02-18T19:36:50.238+0000] {logging_mixin.py:188} INFO - [2026-02-18T19:36:50.238+0000] {dag.py:3089} INFO - Sync 1 DAGs
[2026-02-18T19:36:50.248+0000] {logging_mixin.py:188} INFO - [2026-02-18T19:36:50.247+0000] {dag.py:3947} INFO - Setting next_dagrun for lakehouse_bronze_silver_gold to None, run_after=None
[2026-02-18T19:36:50.260+0000] {processor.py:183} INFO - Processing /opt/airflow/dags/lakehouse_bsg_dag.py took 0.066 seconds
[2026-02-18T19:37:23.923+0000] {processor.py:161} INFO - Started process (PID=3309) to work on /opt/airflow/dags/lakehouse_bsg_dag.py
[2026-02-18T19:37:23.925+0000] {processor.py:830} INFO - Processing file /opt/airflow/dags/lakehouse_bsg_dag.py for tasks to queue
[2026-02-18T19:37:23.927+0000] {logging_mixin.py:188} INFO - [2026-02-18T19:37:23.926+0000] {dagbag.py:545} INFO - Filling up the DagBag from /opt/airflow/dags/lakehouse_bsg_dag.py
[2026-02-18T19:37:23.942+0000] {processor.py:840} INFO - DAG(s) 'lakehouse_bronze_silver_gold' retrieved from /opt/airflow/dags/lakehouse_bsg_dag.py
[2026-02-18T19:37:23.967+0000] {logging_mixin.py:188} INFO - [2026-02-18T19:37:23.967+0000] {dag.py:3089} INFO - Sync 1 DAGs
[2026-02-18T19:37:23.976+0000] {logging_mixin.py:188} INFO - [2026-02-18T19:37:23.976+0000] {dag.py:3947} INFO - Setting next_dagrun for lakehouse_bronze_silver_gold to None, run_after=None
[2026-02-18T19:37:23.992+0000] {processor.py:183} INFO - Processing /opt/airflow/dags/lakehouse_bsg_dag.py took 0.074 seconds
[2026-02-18T19:37:56.504+0000] {processor.py:161} INFO - Started process (PID=3314) to work on /opt/airflow/dags/lakehouse_bsg_dag.py
[2026-02-18T19:37:56.505+0000] {processor.py:830} INFO - Processing file /opt/airflow/dags/lakehouse_bsg_dag.py for tasks to queue
[2026-02-18T19:37:56.507+0000] {logging_mixin.py:188} INFO - [2026-02-18T19:37:56.506+0000] {dagbag.py:545} INFO - Filling up the DagBag from /opt/airflow/dags/lakehouse_bsg_dag.py
[2026-02-18T19:37:56.521+0000] {processor.py:840} INFO - DAG(s) 'lakehouse_bronze_silver_gold' retrieved from /opt/airflow/dags/lakehouse_bsg_dag.py
[2026-02-18T19:37:56.544+0000] {logging_mixin.py:188} INFO - [2026-02-18T19:37:56.544+0000] {dag.py:3089} INFO - Sync 1 DAGs
[2026-02-18T19:37:56.553+0000] {logging_mixin.py:188} INFO - [2026-02-18T19:37:56.553+0000] {dag.py:3947} INFO - Setting next_dagrun for lakehouse_bronze_silver_gold to None, run_after=None
[2026-02-18T19:37:56.566+0000] {processor.py:183} INFO - Processing /opt/airflow/dags/lakehouse_bsg_dag.py took 0.065 seconds
[2026-02-18T19:38:30.075+0000] {processor.py:161} INFO - Started process (PID=3319) to work on /opt/airflow/dags/lakehouse_bsg_dag.py
[2026-02-18T19:38:30.077+0000] {processor.py:830} INFO - Processing file /opt/airflow/dags/lakehouse_bsg_dag.py for tasks to queue
[2026-02-18T19:38:30.078+0000] {logging_mixin.py:188} INFO - [2026-02-18T19:38:30.078+0000] {dagbag.py:545} INFO - Filling up the DagBag from /opt/airflow/dags/lakehouse_bsg_dag.py
[2026-02-18T19:38:30.092+0000] {processor.py:840} INFO - DAG(s) 'lakehouse_bronze_silver_gold' retrieved from /opt/airflow/dags/lakehouse_bsg_dag.py
[2026-02-18T19:38:30.114+0000] {logging_mixin.py:188} INFO - [2026-02-18T19:38:30.114+0000] {dag.py:3089} INFO - Sync 1 DAGs
[2026-02-18T19:38:30.123+0000] {logging_mixin.py:188} INFO - [2026-02-18T19:38:30.123+0000] {dag.py:3947} INFO - Setting next_dagrun for lakehouse_bronze_silver_gold to None, run_after=None
[2026-02-18T19:38:30.135+0000] {processor.py:183} INFO - Processing /opt/airflow/dags/lakehouse_bsg_dag.py took 0.064 seconds
[2026-02-18T19:39:03.639+0000] {processor.py:161} INFO - Started process (PID=3324) to work on /opt/airflow/dags/lakehouse_bsg_dag.py
[2026-02-18T19:39:03.640+0000] {processor.py:830} INFO - Processing file /opt/airflow/dags/lakehouse_bsg_dag.py for tasks to queue
[2026-02-18T19:39:03.641+0000] {logging_mixin.py:188} INFO - [2026-02-18T19:39:03.641+0000] {dagbag.py:545} INFO - Filling up the DagBag from /opt/airflow/dags/lakehouse_bsg_dag.py
[2026-02-18T19:39:03.655+0000] {processor.py:840} INFO - DAG(s) 'lakehouse_bronze_silver_gold' retrieved from /opt/airflow/dags/lakehouse_bsg_dag.py
[2026-02-18T19:39:03.676+0000] {logging_mixin.py:188} INFO - [2026-02-18T19:39:03.676+0000] {dag.py:3089} INFO - Sync 1 DAGs
[2026-02-18T19:39:03.685+0000] {logging_mixin.py:188} INFO - [2026-02-18T19:39:03.685+0000] {dag.py:3947} INFO - Setting next_dagrun for lakehouse_bronze_silver_gold to None, run_after=None
[2026-02-18T19:39:03.699+0000] {processor.py:183} INFO - Processing /opt/airflow/dags/lakehouse_bsg_dag.py took 0.063 seconds
[2026-02-18T19:39:37.237+0000] {processor.py:161} INFO - Started process (PID=3329) to work on /opt/airflow/dags/lakehouse_bsg_dag.py
[2026-02-18T19:39:37.238+0000] {processor.py:830} INFO - Processing file /opt/airflow/dags/lakehouse_bsg_dag.py for tasks to queue
[2026-02-18T19:39:37.241+0000] {logging_mixin.py:188} INFO - [2026-02-18T19:39:37.241+0000] {dagbag.py:545} INFO - Filling up the DagBag from /opt/airflow/dags/lakehouse_bsg_dag.py
[2026-02-18T19:39:37.263+0000] {processor.py:840} INFO - DAG(s) 'lakehouse_bronze_silver_gold' retrieved from /opt/airflow/dags/lakehouse_bsg_dag.py
[2026-02-18T19:39:37.296+0000] {logging_mixin.py:188} INFO - [2026-02-18T19:39:37.296+0000] {dag.py:3089} INFO - Sync 1 DAGs
[2026-02-18T19:39:37.307+0000] {logging_mixin.py:188} INFO - [2026-02-18T19:39:37.307+0000] {dag.py:3947} INFO - Setting next_dagrun for lakehouse_bronze_silver_gold to None, run_after=None
[2026-02-18T19:39:37.321+0000] {processor.py:183} INFO - Processing /opt/airflow/dags/lakehouse_bsg_dag.py took 0.090 seconds
[2026-02-18T19:40:10.829+0000] {processor.py:161} INFO - Started process (PID=3334) to work on /opt/airflow/dags/lakehouse_bsg_dag.py
[2026-02-18T19:40:10.832+0000] {processor.py:830} INFO - Processing file /opt/airflow/dags/lakehouse_bsg_dag.py for tasks to queue
[2026-02-18T19:40:10.853+0000] {logging_mixin.py:188} INFO - [2026-02-18T19:40:10.848+0000] {dagbag.py:545} INFO - Filling up the DagBag from /opt/airflow/dags/lakehouse_bsg_dag.py
[2026-02-18T19:40:10.953+0000] {processor.py:840} INFO - DAG(s) 'lakehouse_bronze_silver_gold' retrieved from /opt/airflow/dags/lakehouse_bsg_dag.py
[2026-02-18T19:40:11.092+0000] {logging_mixin.py:188} INFO - [2026-02-18T19:40:11.092+0000] {dag.py:3089} INFO - Sync 1 DAGs
[2026-02-18T19:40:11.132+0000] {logging_mixin.py:188} INFO - [2026-02-18T19:40:11.131+0000] {dag.py:3947} INFO - Setting next_dagrun for lakehouse_bronze_silver_gold to None, run_after=None
[2026-02-18T19:40:11.171+0000] {processor.py:183} INFO - Processing /opt/airflow/dags/lakehouse_bsg_dag.py took 0.387 seconds
[2026-02-18T19:40:43.284+0000] {processor.py:161} INFO - Started process (PID=3339) to work on /opt/airflow/dags/lakehouse_bsg_dag.py
[2026-02-18T19:40:43.286+0000] {processor.py:830} INFO - Processing file /opt/airflow/dags/lakehouse_bsg_dag.py for tasks to queue
[2026-02-18T19:40:43.288+0000] {logging_mixin.py:188} INFO - [2026-02-18T19:40:43.287+0000] {dagbag.py:545} INFO - Filling up the DagBag from /opt/airflow/dags/lakehouse_bsg_dag.py
[2026-02-18T19:40:43.305+0000] {processor.py:840} INFO - DAG(s) 'lakehouse_bronze_silver_gold' retrieved from /opt/airflow/dags/lakehouse_bsg_dag.py
[2026-02-18T19:40:43.330+0000] {logging_mixin.py:188} INFO - [2026-02-18T19:40:43.330+0000] {dag.py:3089} INFO - Sync 1 DAGs
[2026-02-18T19:40:43.341+0000] {logging_mixin.py:188} INFO - [2026-02-18T19:40:43.341+0000] {dag.py:3947} INFO - Setting next_dagrun for lakehouse_bronze_silver_gold to None, run_after=None
[2026-02-18T19:40:43.357+0000] {processor.py:183} INFO - Processing /opt/airflow/dags/lakehouse_bsg_dag.py took 0.077 seconds
[2026-02-18T19:41:16.784+0000] {processor.py:161} INFO - Started process (PID=3344) to work on /opt/airflow/dags/lakehouse_bsg_dag.py
[2026-02-18T19:41:16.786+0000] {processor.py:830} INFO - Processing file /opt/airflow/dags/lakehouse_bsg_dag.py for tasks to queue
[2026-02-18T19:41:16.787+0000] {logging_mixin.py:188} INFO - [2026-02-18T19:41:16.787+0000] {dagbag.py:545} INFO - Filling up the DagBag from /opt/airflow/dags/lakehouse_bsg_dag.py
[2026-02-18T19:41:16.802+0000] {processor.py:840} INFO - DAG(s) 'lakehouse_bronze_silver_gold' retrieved from /opt/airflow/dags/lakehouse_bsg_dag.py
[2026-02-18T19:41:16.827+0000] {logging_mixin.py:188} INFO - [2026-02-18T19:41:16.826+0000] {dag.py:3089} INFO - Sync 1 DAGs
[2026-02-18T19:41:16.837+0000] {logging_mixin.py:188} INFO - [2026-02-18T19:41:16.837+0000] {dag.py:3947} INFO - Setting next_dagrun for lakehouse_bronze_silver_gold to None, run_after=None
[2026-02-18T19:41:16.851+0000] {processor.py:183} INFO - Processing /opt/airflow/dags/lakehouse_bsg_dag.py took 0.071 seconds
[2026-02-18T19:41:50.312+0000] {processor.py:161} INFO - Started process (PID=3349) to work on /opt/airflow/dags/lakehouse_bsg_dag.py
[2026-02-18T19:41:50.313+0000] {processor.py:830} INFO - Processing file /opt/airflow/dags/lakehouse_bsg_dag.py for tasks to queue
[2026-02-18T19:41:50.315+0000] {logging_mixin.py:188} INFO - [2026-02-18T19:41:50.315+0000] {dagbag.py:545} INFO - Filling up the DagBag from /opt/airflow/dags/lakehouse_bsg_dag.py
[2026-02-18T19:41:50.332+0000] {processor.py:840} INFO - DAG(s) 'lakehouse_bronze_silver_gold' retrieved from /opt/airflow/dags/lakehouse_bsg_dag.py
[2026-02-18T19:41:50.356+0000] {logging_mixin.py:188} INFO - [2026-02-18T19:41:50.356+0000] {dag.py:3089} INFO - Sync 1 DAGs
[2026-02-18T19:41:50.366+0000] {logging_mixin.py:188} INFO - [2026-02-18T19:41:50.366+0000] {dag.py:3947} INFO - Setting next_dagrun for lakehouse_bronze_silver_gold to None, run_after=None
[2026-02-18T19:41:50.381+0000] {processor.py:183} INFO - Processing /opt/airflow/dags/lakehouse_bsg_dag.py took 0.074 seconds
[2026-02-18T19:42:23.858+0000] {processor.py:161} INFO - Started process (PID=3354) to work on /opt/airflow/dags/lakehouse_bsg_dag.py
[2026-02-18T19:42:23.859+0000] {processor.py:830} INFO - Processing file /opt/airflow/dags/lakehouse_bsg_dag.py for tasks to queue
[2026-02-18T19:42:23.861+0000] {logging_mixin.py:188} INFO - [2026-02-18T19:42:23.861+0000] {dagbag.py:545} INFO - Filling up the DagBag from /opt/airflow/dags/lakehouse_bsg_dag.py
[2026-02-18T19:42:23.874+0000] {processor.py:840} INFO - DAG(s) 'lakehouse_bronze_silver_gold' retrieved from /opt/airflow/dags/lakehouse_bsg_dag.py
[2026-02-18T19:42:23.902+0000] {logging_mixin.py:188} INFO - [2026-02-18T19:42:23.902+0000] {dag.py:3089} INFO - Sync 1 DAGs
[2026-02-18T19:42:23.912+0000] {logging_mixin.py:188} INFO - [2026-02-18T19:42:23.912+0000] {dag.py:3947} INFO - Setting next_dagrun for lakehouse_bronze_silver_gold to None, run_after=None
[2026-02-18T19:42:23.928+0000] {processor.py:183} INFO - Processing /opt/airflow/dags/lakehouse_bsg_dag.py took 0.074 seconds
[2026-02-18T19:42:57.457+0000] {processor.py:161} INFO - Started process (PID=3359) to work on /opt/airflow/dags/lakehouse_bsg_dag.py
[2026-02-18T19:42:57.458+0000] {processor.py:830} INFO - Processing file /opt/airflow/dags/lakehouse_bsg_dag.py for tasks to queue
[2026-02-18T19:42:57.461+0000] {logging_mixin.py:188} INFO - [2026-02-18T19:42:57.461+0000] {dagbag.py:545} INFO - Filling up the DagBag from /opt/airflow/dags/lakehouse_bsg_dag.py
[2026-02-18T19:42:57.507+0000] {processor.py:840} INFO - DAG(s) 'lakehouse_bronze_silver_gold' retrieved from /opt/airflow/dags/lakehouse_bsg_dag.py
[2026-02-18T19:42:57.533+0000] {logging_mixin.py:188} INFO - [2026-02-18T19:42:57.533+0000] {dag.py:3089} INFO - Sync 1 DAGs
[2026-02-18T19:42:57.557+0000] {logging_mixin.py:188} INFO - [2026-02-18T19:42:57.557+0000] {dag.py:3947} INFO - Setting next_dagrun for lakehouse_bronze_silver_gold to None, run_after=None
[2026-02-18T19:42:57.574+0000] {processor.py:183} INFO - Processing /opt/airflow/dags/lakehouse_bsg_dag.py took 0.121 seconds
[2026-02-18T19:43:30.035+0000] {processor.py:161} INFO - Started process (PID=3364) to work on /opt/airflow/dags/lakehouse_bsg_dag.py
[2026-02-18T19:43:30.036+0000] {processor.py:830} INFO - Processing file /opt/airflow/dags/lakehouse_bsg_dag.py for tasks to queue
[2026-02-18T19:43:30.042+0000] {logging_mixin.py:188} INFO - [2026-02-18T19:43:30.042+0000] {dagbag.py:545} INFO - Filling up the DagBag from /opt/airflow/dags/lakehouse_bsg_dag.py
[2026-02-18T19:43:30.065+0000] {processor.py:840} INFO - DAG(s) 'lakehouse_bronze_silver_gold' retrieved from /opt/airflow/dags/lakehouse_bsg_dag.py
[2026-02-18T19:43:30.105+0000] {logging_mixin.py:188} INFO - [2026-02-18T19:43:30.104+0000] {dag.py:3089} INFO - Sync 1 DAGs
[2026-02-18T19:43:30.125+0000] {logging_mixin.py:188} INFO - [2026-02-18T19:43:30.125+0000] {dag.py:3947} INFO - Setting next_dagrun for lakehouse_bronze_silver_gold to None, run_after=None
[2026-02-18T19:43:30.150+0000] {processor.py:183} INFO - Processing /opt/airflow/dags/lakehouse_bsg_dag.py took 0.124 seconds
[2026-02-18T19:44:03.561+0000] {processor.py:161} INFO - Started process (PID=3369) to work on /opt/airflow/dags/lakehouse_bsg_dag.py
[2026-02-18T19:44:03.563+0000] {processor.py:830} INFO - Processing file /opt/airflow/dags/lakehouse_bsg_dag.py for tasks to queue
[2026-02-18T19:44:03.568+0000] {logging_mixin.py:188} INFO - [2026-02-18T19:44:03.567+0000] {dagbag.py:545} INFO - Filling up the DagBag from /opt/airflow/dags/lakehouse_bsg_dag.py
[2026-02-18T19:44:03.662+0000] {processor.py:840} INFO - DAG(s) 'lakehouse_bronze_silver_gold' retrieved from /opt/airflow/dags/lakehouse_bsg_dag.py
[2026-02-18T19:44:03.783+0000] {logging_mixin.py:188} INFO - [2026-02-18T19:44:03.783+0000] {dag.py:3089} INFO - Sync 1 DAGs
[2026-02-18T19:44:03.826+0000] {logging_mixin.py:188} INFO - [2026-02-18T19:44:03.826+0000] {dag.py:3947} INFO - Setting next_dagrun for lakehouse_bronze_silver_gold to None, run_after=None
[2026-02-18T19:44:03.860+0000] {processor.py:183} INFO - Processing /opt/airflow/dags/lakehouse_bsg_dag.py took 0.308 seconds
[2026-02-18T19:44:37.197+0000] {processor.py:161} INFO - Started process (PID=3374) to work on /opt/airflow/dags/lakehouse_bsg_dag.py
[2026-02-18T19:44:37.198+0000] {processor.py:830} INFO - Processing file /opt/airflow/dags/lakehouse_bsg_dag.py for tasks to queue
[2026-02-18T19:44:37.200+0000] {logging_mixin.py:188} INFO - [2026-02-18T19:44:37.200+0000] {dagbag.py:545} INFO - Filling up the DagBag from /opt/airflow/dags/lakehouse_bsg_dag.py
[2026-02-18T19:44:37.219+0000] {processor.py:840} INFO - DAG(s) 'lakehouse_bronze_silver_gold' retrieved from /opt/airflow/dags/lakehouse_bsg_dag.py
[2026-02-18T19:44:37.254+0000] {logging_mixin.py:188} INFO - [2026-02-18T19:44:37.253+0000] {dag.py:3089} INFO - Sync 1 DAGs
[2026-02-18T19:44:37.265+0000] {logging_mixin.py:188} INFO - [2026-02-18T19:44:37.265+0000] {dag.py:3947} INFO - Setting next_dagrun for lakehouse_bronze_silver_gold to None, run_after=None
[2026-02-18T19:44:37.283+0000] {processor.py:183} INFO - Processing /opt/airflow/dags/lakehouse_bsg_dag.py took 0.093 seconds
[2026-02-18T19:45:10.951+0000] {processor.py:161} INFO - Started process (PID=3379) to work on /opt/airflow/dags/lakehouse_bsg_dag.py
[2026-02-18T19:45:10.952+0000] {processor.py:830} INFO - Processing file /opt/airflow/dags/lakehouse_bsg_dag.py for tasks to queue
[2026-02-18T19:45:10.954+0000] {logging_mixin.py:188} INFO - [2026-02-18T19:45:10.954+0000] {dagbag.py:545} INFO - Filling up the DagBag from /opt/airflow/dags/lakehouse_bsg_dag.py
[2026-02-18T19:45:10.973+0000] {processor.py:840} INFO - DAG(s) 'lakehouse_bronze_silver_gold' retrieved from /opt/airflow/dags/lakehouse_bsg_dag.py
[2026-02-18T19:45:10.999+0000] {logging_mixin.py:188} INFO - [2026-02-18T19:45:10.999+0000] {dag.py:3089} INFO - Sync 1 DAGs
[2026-02-18T19:45:11.013+0000] {logging_mixin.py:188} INFO - [2026-02-18T19:45:11.013+0000] {dag.py:3947} INFO - Setting next_dagrun for lakehouse_bronze_silver_gold to None, run_after=None
[2026-02-18T19:45:11.028+0000] {processor.py:183} INFO - Processing /opt/airflow/dags/lakehouse_bsg_dag.py took 0.081 seconds
[2026-02-18T19:45:44.175+0000] {processor.py:161} INFO - Started process (PID=3384) to work on /opt/airflow/dags/lakehouse_bsg_dag.py
[2026-02-18T19:45:44.180+0000] {processor.py:830} INFO - Processing file /opt/airflow/dags/lakehouse_bsg_dag.py for tasks to queue
[2026-02-18T19:45:44.219+0000] {logging_mixin.py:188} INFO - [2026-02-18T19:45:44.213+0000] {dagbag.py:545} INFO - Filling up the DagBag from /opt/airflow/dags/lakehouse_bsg_dag.py
[2026-02-18T19:45:44.420+0000] {processor.py:840} INFO - DAG(s) 'lakehouse_bronze_silver_gold' retrieved from /opt/airflow/dags/lakehouse_bsg_dag.py
[2026-02-18T19:45:44.698+0000] {logging_mixin.py:188} INFO - [2026-02-18T19:45:44.697+0000] {dag.py:3089} INFO - Sync 1 DAGs
[2026-02-18T19:45:44.799+0000] {logging_mixin.py:188} INFO - [2026-02-18T19:45:44.799+0000] {dag.py:3947} INFO - Setting next_dagrun for lakehouse_bronze_silver_gold to None, run_after=None
[2026-02-18T19:45:44.873+0000] {processor.py:183} INFO - Processing /opt/airflow/dags/lakehouse_bsg_dag.py took 0.779 seconds
[2026-02-18T19:46:17.469+0000] {processor.py:161} INFO - Started process (PID=3389) to work on /opt/airflow/dags/lakehouse_bsg_dag.py
[2026-02-18T19:46:17.470+0000] {processor.py:830} INFO - Processing file /opt/airflow/dags/lakehouse_bsg_dag.py for tasks to queue
[2026-02-18T19:46:17.472+0000] {logging_mixin.py:188} INFO - [2026-02-18T19:46:17.472+0000] {dagbag.py:545} INFO - Filling up the DagBag from /opt/airflow/dags/lakehouse_bsg_dag.py
[2026-02-18T19:46:17.496+0000] {processor.py:840} INFO - DAG(s) 'lakehouse_bronze_silver_gold' retrieved from /opt/airflow/dags/lakehouse_bsg_dag.py
[2026-02-18T19:46:17.527+0000] {logging_mixin.py:188} INFO - [2026-02-18T19:46:17.527+0000] {dag.py:3089} INFO - Sync 1 DAGs
[2026-02-18T19:46:17.539+0000] {logging_mixin.py:188} INFO - [2026-02-18T19:46:17.539+0000] {dag.py:3947} INFO - Setting next_dagrun for lakehouse_bronze_silver_gold to None, run_after=None
[2026-02-18T19:46:17.557+0000] {processor.py:183} INFO - Processing /opt/airflow/dags/lakehouse_bsg_dag.py took 0.093 seconds
[2026-02-18T19:46:51.017+0000] {processor.py:161} INFO - Started process (PID=3394) to work on /opt/airflow/dags/lakehouse_bsg_dag.py
[2026-02-18T19:46:51.021+0000] {processor.py:830} INFO - Processing file /opt/airflow/dags/lakehouse_bsg_dag.py for tasks to queue
[2026-02-18T19:46:51.071+0000] {logging_mixin.py:188} INFO - [2026-02-18T19:46:51.064+0000] {dagbag.py:545} INFO - Filling up the DagBag from /opt/airflow/dags/lakehouse_bsg_dag.py
[2026-02-18T19:46:51.276+0000] {processor.py:840} INFO - DAG(s) 'lakehouse_bronze_silver_gold' retrieved from /opt/airflow/dags/lakehouse_bsg_dag.py
[2026-02-18T19:46:51.609+0000] {logging_mixin.py:188} INFO - [2026-02-18T19:46:51.609+0000] {dag.py:3089} INFO - Sync 1 DAGs
[2026-02-18T19:46:51.740+0000] {logging_mixin.py:188} INFO - [2026-02-18T19:46:51.740+0000] {dag.py:3947} INFO - Setting next_dagrun for lakehouse_bronze_silver_gold to None, run_after=None
[2026-02-18T19:46:51.809+0000] {processor.py:183} INFO - Processing /opt/airflow/dags/lakehouse_bsg_dag.py took 0.925 seconds
[2026-02-18T19:47:23.421+0000] {processor.py:161} INFO - Started process (PID=3399) to work on /opt/airflow/dags/lakehouse_bsg_dag.py
[2026-02-18T19:47:23.422+0000] {processor.py:830} INFO - Processing file /opt/airflow/dags/lakehouse_bsg_dag.py for tasks to queue
[2026-02-18T19:47:23.425+0000] {logging_mixin.py:188} INFO - [2026-02-18T19:47:23.424+0000] {dagbag.py:545} INFO - Filling up the DagBag from /opt/airflow/dags/lakehouse_bsg_dag.py
[2026-02-18T19:47:23.439+0000] {processor.py:840} INFO - DAG(s) 'lakehouse_bronze_silver_gold' retrieved from /opt/airflow/dags/lakehouse_bsg_dag.py
[2026-02-18T19:47:23.496+0000] {logging_mixin.py:188} INFO - [2026-02-18T19:47:23.496+0000] {dag.py:3089} INFO - Sync 1 DAGs
[2026-02-18T19:47:23.517+0000] {logging_mixin.py:188} INFO - [2026-02-18T19:47:23.517+0000] {dag.py:3947} INFO - Setting next_dagrun for lakehouse_bronze_silver_gold to None, run_after=None
[2026-02-18T19:47:23.574+0000] {processor.py:183} INFO - Processing /opt/airflow/dags/lakehouse_bsg_dag.py took 0.164 seconds
[2026-02-18T19:47:57.023+0000] {processor.py:161} INFO - Started process (PID=3404) to work on /opt/airflow/dags/lakehouse_bsg_dag.py
[2026-02-18T19:47:57.024+0000] {processor.py:830} INFO - Processing file /opt/airflow/dags/lakehouse_bsg_dag.py for tasks to queue
[2026-02-18T19:47:57.026+0000] {logging_mixin.py:188} INFO - [2026-02-18T19:47:57.026+0000] {dagbag.py:545} INFO - Filling up the DagBag from /opt/airflow/dags/lakehouse_bsg_dag.py
[2026-02-18T19:47:57.047+0000] {processor.py:840} INFO - DAG(s) 'lakehouse_bronze_silver_gold' retrieved from /opt/airflow/dags/lakehouse_bsg_dag.py
[2026-02-18T19:47:57.083+0000] {logging_mixin.py:188} INFO - [2026-02-18T19:47:57.083+0000] {dag.py:3089} INFO - Sync 1 DAGs
[2026-02-18T19:47:57.092+0000] {logging_mixin.py:188} INFO - [2026-02-18T19:47:57.092+0000] {dag.py:3947} INFO - Setting next_dagrun for lakehouse_bronze_silver_gold to None, run_after=None
[2026-02-18T19:47:57.106+0000] {processor.py:183} INFO - Processing /opt/airflow/dags/lakehouse_bsg_dag.py took 0.088 seconds
[2026-02-18T19:48:30.815+0000] {processor.py:161} INFO - Started process (PID=3409) to work on /opt/airflow/dags/lakehouse_bsg_dag.py
[2026-02-18T19:48:30.816+0000] {processor.py:830} INFO - Processing file /opt/airflow/dags/lakehouse_bsg_dag.py for tasks to queue
[2026-02-18T19:48:30.818+0000] {logging_mixin.py:188} INFO - [2026-02-18T19:48:30.817+0000] {dagbag.py:545} INFO - Filling up the DagBag from /opt/airflow/dags/lakehouse_bsg_dag.py
[2026-02-18T19:48:30.916+0000] {processor.py:840} INFO - DAG(s) 'lakehouse_bronze_silver_gold' retrieved from /opt/airflow/dags/lakehouse_bsg_dag.py
[2026-02-18T19:48:30.954+0000] {logging_mixin.py:188} INFO - [2026-02-18T19:48:30.954+0000] {dag.py:3089} INFO - Sync 1 DAGs
[2026-02-18T19:48:30.979+0000] {logging_mixin.py:188} INFO - [2026-02-18T19:48:30.978+0000] {dag.py:3947} INFO - Setting next_dagrun for lakehouse_bronze_silver_gold to None, run_after=None
[2026-02-18T19:48:31.028+0000] {processor.py:183} INFO - Processing /opt/airflow/dags/lakehouse_bsg_dag.py took 0.217 seconds
[2026-02-18T19:49:03.640+0000] {processor.py:161} INFO - Started process (PID=3414) to work on /opt/airflow/dags/lakehouse_bsg_dag.py
[2026-02-18T19:49:03.730+0000] {processor.py:830} INFO - Processing file /opt/airflow/dags/lakehouse_bsg_dag.py for tasks to queue
[2026-02-18T19:49:03.734+0000] {logging_mixin.py:188} INFO - [2026-02-18T19:49:03.734+0000] {dagbag.py:545} INFO - Filling up the DagBag from /opt/airflow/dags/lakehouse_bsg_dag.py
[2026-02-18T19:49:03.815+0000] {processor.py:840} INFO - DAG(s) 'lakehouse_bronze_silver_gold' retrieved from /opt/airflow/dags/lakehouse_bsg_dag.py
[2026-02-18T19:49:03.853+0000] {logging_mixin.py:188} INFO - [2026-02-18T19:49:03.853+0000] {dag.py:3089} INFO - Sync 1 DAGs
[2026-02-18T19:49:03.866+0000] {logging_mixin.py:188} INFO - [2026-02-18T19:49:03.866+0000] {dag.py:3947} INFO - Setting next_dagrun for lakehouse_bronze_silver_gold to None, run_after=None
[2026-02-18T19:49:03.888+0000] {processor.py:183} INFO - Processing /opt/airflow/dags/lakehouse_bsg_dag.py took 0.253 seconds
[2026-02-18T19:49:38.323+0000] {processor.py:161} INFO - Started process (PID=3419) to work on /opt/airflow/dags/lakehouse_bsg_dag.py
[2026-02-18T19:49:38.326+0000] {processor.py:830} INFO - Processing file /opt/airflow/dags/lakehouse_bsg_dag.py for tasks to queue
[2026-02-18T19:49:38.330+0000] {logging_mixin.py:188} INFO - [2026-02-18T19:49:38.329+0000] {dagbag.py:545} INFO - Filling up the DagBag from /opt/airflow/dags/lakehouse_bsg_dag.py
[2026-02-18T19:49:38.374+0000] {processor.py:840} INFO - DAG(s) 'lakehouse_bronze_silver_gold' retrieved from /opt/airflow/dags/lakehouse_bsg_dag.py
[2026-02-18T19:49:38.433+0000] {logging_mixin.py:188} INFO - [2026-02-18T19:49:38.433+0000] {dag.py:3089} INFO - Sync 1 DAGs
[2026-02-18T19:49:38.453+0000] {logging_mixin.py:188} INFO - [2026-02-18T19:49:38.453+0000] {dag.py:3947} INFO - Setting next_dagrun for lakehouse_bronze_silver_gold to None, run_after=None
[2026-02-18T19:49:38.540+0000] {processor.py:183} INFO - Processing /opt/airflow/dags/lakehouse_bsg_dag.py took 0.229 seconds
[2026-02-18T19:50:12.774+0000] {processor.py:161} INFO - Started process (PID=3424) to work on /opt/airflow/dags/lakehouse_bsg_dag.py
[2026-02-18T19:50:12.775+0000] {processor.py:830} INFO - Processing file /opt/airflow/dags/lakehouse_bsg_dag.py for tasks to queue
[2026-02-18T19:50:12.778+0000] {logging_mixin.py:188} INFO - [2026-02-18T19:50:12.777+0000] {dagbag.py:545} INFO - Filling up the DagBag from /opt/airflow/dags/lakehouse_bsg_dag.py
[2026-02-18T19:50:13.469+0000] {processor.py:840} INFO - DAG(s) 'lakehouse_bronze_silver_gold' retrieved from /opt/airflow/dags/lakehouse_bsg_dag.py
[2026-02-18T19:50:13.500+0000] {logging_mixin.py:188} INFO - [2026-02-18T19:50:13.500+0000] {dag.py:3089} INFO - Sync 1 DAGs
[2026-02-18T19:50:13.515+0000] {logging_mixin.py:188} INFO - [2026-02-18T19:50:13.515+0000] {dag.py:3947} INFO - Setting next_dagrun for lakehouse_bronze_silver_gold to None, run_after=None
[2026-02-18T19:50:13.538+0000] {processor.py:183} INFO - Processing /opt/airflow/dags/lakehouse_bsg_dag.py took 0.770 seconds
[2026-02-18T19:50:47.677+0000] {processor.py:161} INFO - Started process (PID=3429) to work on /opt/airflow/dags/lakehouse_bsg_dag.py
[2026-02-18T19:50:47.678+0000] {processor.py:830} INFO - Processing file /opt/airflow/dags/lakehouse_bsg_dag.py for tasks to queue
[2026-02-18T19:50:47.680+0000] {logging_mixin.py:188} INFO - [2026-02-18T19:50:47.680+0000] {dagbag.py:545} INFO - Filling up the DagBag from /opt/airflow/dags/lakehouse_bsg_dag.py
[2026-02-18T19:50:48.712+0000] {processor.py:840} INFO - DAG(s) 'lakehouse_bronze_silver_gold' retrieved from /opt/airflow/dags/lakehouse_bsg_dag.py
[2026-02-18T19:50:48.745+0000] {logging_mixin.py:188} INFO - [2026-02-18T19:50:48.744+0000] {dag.py:3089} INFO - Sync 1 DAGs
[2026-02-18T19:50:48.758+0000] {logging_mixin.py:188} INFO - [2026-02-18T19:50:48.758+0000] {dag.py:3947} INFO - Setting next_dagrun for lakehouse_bronze_silver_gold to None, run_after=None
[2026-02-18T19:50:49.036+0000] {processor.py:183} INFO - Processing /opt/airflow/dags/lakehouse_bsg_dag.py took 1.364 seconds
[2026-02-18T19:51:21.824+0000] {processor.py:161} INFO - Started process (PID=3434) to work on /opt/airflow/dags/lakehouse_bsg_dag.py
[2026-02-18T19:51:21.826+0000] {processor.py:830} INFO - Processing file /opt/airflow/dags/lakehouse_bsg_dag.py for tasks to queue
[2026-02-18T19:51:21.828+0000] {logging_mixin.py:188} INFO - [2026-02-18T19:51:21.828+0000] {dagbag.py:545} INFO - Filling up the DagBag from /opt/airflow/dags/lakehouse_bsg_dag.py
[2026-02-18T19:51:22.979+0000] {processor.py:840} INFO - DAG(s) 'lakehouse_bronze_silver_gold' retrieved from /opt/airflow/dags/lakehouse_bsg_dag.py
[2026-02-18T19:51:23.009+0000] {logging_mixin.py:188} INFO - [2026-02-18T19:51:23.009+0000] {dag.py:3089} INFO - Sync 1 DAGs
[2026-02-18T19:51:23.023+0000] {logging_mixin.py:188} INFO - [2026-02-18T19:51:23.023+0000] {dag.py:3947} INFO - Setting next_dagrun for lakehouse_bronze_silver_gold to None, run_after=None
[2026-02-18T19:51:23.048+0000] {processor.py:183} INFO - Processing /opt/airflow/dags/lakehouse_bsg_dag.py took 1.228 seconds
[2026-02-18T19:51:57.012+0000] {processor.py:161} INFO - Started process (PID=3439) to work on /opt/airflow/dags/lakehouse_bsg_dag.py
[2026-02-18T19:51:57.117+0000] {processor.py:830} INFO - Processing file /opt/airflow/dags/lakehouse_bsg_dag.py for tasks to queue
[2026-02-18T19:51:57.120+0000] {logging_mixin.py:188} INFO - [2026-02-18T19:51:57.119+0000] {dagbag.py:545} INFO - Filling up the DagBag from /opt/airflow/dags/lakehouse_bsg_dag.py
[2026-02-18T19:51:57.586+0000] {processor.py:840} INFO - DAG(s) 'lakehouse_bronze_silver_gold' retrieved from /opt/airflow/dags/lakehouse_bsg_dag.py
[2026-02-18T19:51:57.622+0000] {logging_mixin.py:188} INFO - [2026-02-18T19:51:57.622+0000] {dag.py:3089} INFO - Sync 1 DAGs
[2026-02-18T19:51:57.637+0000] {logging_mixin.py:188} INFO - [2026-02-18T19:51:57.636+0000] {dag.py:3947} INFO - Setting next_dagrun for lakehouse_bronze_silver_gold to None, run_after=None
[2026-02-18T19:51:58.196+0000] {processor.py:183} INFO - Processing /opt/airflow/dags/lakehouse_bsg_dag.py took 1.189 seconds
[2026-02-18T19:55:19.054+0000] {processor.py:161} INFO - Started process (PID=3444) to work on /opt/airflow/dags/lakehouse_bsg_dag.py
[2026-02-18T19:55:19.062+0000] {processor.py:830} INFO - Processing file /opt/airflow/dags/lakehouse_bsg_dag.py for tasks to queue
[2026-02-18T19:55:19.073+0000] {logging_mixin.py:188} INFO - [2026-02-18T19:55:19.072+0000] {dagbag.py:545} INFO - Filling up the DagBag from /opt/airflow/dags/lakehouse_bsg_dag.py
[2026-02-18T19:55:19.150+0000] {processor.py:840} INFO - DAG(s) 'lakehouse_bronze_silver_gold' retrieved from /opt/airflow/dags/lakehouse_bsg_dag.py
[2026-02-18T19:55:19.199+0000] {logging_mixin.py:188} INFO - [2026-02-18T19:55:19.199+0000] {dag.py:3089} INFO - Sync 1 DAGs
[2026-02-18T19:55:19.223+0000] {logging_mixin.py:188} INFO - [2026-02-18T19:55:19.223+0000] {dag.py:3947} INFO - Setting next_dagrun for lakehouse_bronze_silver_gold to None, run_after=None
[2026-02-18T19:55:21.262+0000] {processor.py:183} INFO - Processing /opt/airflow/dags/lakehouse_bsg_dag.py took 2.216 seconds
[2026-02-18T20:20:04.545+0000] {processor.py:161} INFO - Started process (PID=3449) to work on /opt/airflow/dags/lakehouse_bsg_dag.py
[2026-02-18T20:20:04.562+0000] {processor.py:830} INFO - Processing file /opt/airflow/dags/lakehouse_bsg_dag.py for tasks to queue
[2026-02-18T20:20:04.577+0000] {logging_mixin.py:188} INFO - [2026-02-18T20:20:04.576+0000] {dagbag.py:545} INFO - Filling up the DagBag from /opt/airflow/dags/lakehouse_bsg_dag.py
[2026-02-18T20:20:04.912+0000] {processor.py:840} INFO - DAG(s) 'lakehouse_bronze_silver_gold' retrieved from /opt/airflow/dags/lakehouse_bsg_dag.py
[2026-02-18T20:20:04.972+0000] {logging_mixin.py:188} INFO - [2026-02-18T20:20:04.972+0000] {dag.py:3089} INFO - Sync 1 DAGs
[2026-02-18T20:20:05.007+0000] {logging_mixin.py:188} INFO - [2026-02-18T20:20:05.007+0000] {dag.py:3947} INFO - Setting next_dagrun for lakehouse_bronze_silver_gold to None, run_after=None
[2026-02-18T20:20:05.064+0000] {processor.py:183} INFO - Processing /opt/airflow/dags/lakehouse_bsg_dag.py took 0.529 seconds
[2026-02-18T22:27:40.296+0000] {processor.py:161} INFO - Started process (PID=3454) to work on /opt/airflow/dags/lakehouse_bsg_dag.py
[2026-02-18T22:27:40.336+0000] {processor.py:830} INFO - Processing file /opt/airflow/dags/lakehouse_bsg_dag.py for tasks to queue
[2026-02-18T22:27:40.340+0000] {logging_mixin.py:188} INFO - [2026-02-18T22:27:40.340+0000] {dagbag.py:545} INFO - Filling up the DagBag from /opt/airflow/dags/lakehouse_bsg_dag.py
[2026-02-18T22:27:40.565+0000] {processor.py:840} INFO - DAG(s) 'lakehouse_bronze_silver_gold' retrieved from /opt/airflow/dags/lakehouse_bsg_dag.py
[2026-02-18T22:27:42.257+0000] {logging_mixin.py:188} INFO - [2026-02-18T22:27:42.256+0000] {dag.py:3089} INFO - Sync 1 DAGs
[2026-02-18T22:27:42.437+0000] {logging_mixin.py:188} INFO - [2026-02-18T22:27:42.436+0000] {dag.py:3947} INFO - Setting next_dagrun for lakehouse_bronze_silver_gold to None, run_after=None
[2026-02-18T22:27:42.518+0000] {processor.py:183} INFO - Processing /opt/airflow/dags/lakehouse_bsg_dag.py took 2.226 seconds
[2026-02-18T22:28:41.822+0000] {processor.py:161} INFO - Started process (PID=3459) to work on /opt/airflow/dags/lakehouse_bsg_dag.py
[2026-02-18T22:28:41.833+0000] {processor.py:830} INFO - Processing file /opt/airflow/dags/lakehouse_bsg_dag.py for tasks to queue
[2026-02-18T22:28:41.984+0000] {logging_mixin.py:188} INFO - [2026-02-18T22:28:41.970+0000] {dagbag.py:545} INFO - Filling up the DagBag from /opt/airflow/dags/lakehouse_bsg_dag.py
[2026-02-18T22:28:43.509+0000] {processor.py:840} INFO - DAG(s) 'lakehouse_bronze_silver_gold' retrieved from /opt/airflow/dags/lakehouse_bsg_dag.py
[2026-02-18T22:28:44.314+0000] {logging_mixin.py:188} INFO - [2026-02-18T22:28:44.313+0000] {dag.py:3089} INFO - Sync 1 DAGs
[2026-02-18T22:28:44.591+0000] {logging_mixin.py:188} INFO - [2026-02-18T22:28:44.590+0000] {dag.py:3947} INFO - Setting next_dagrun for lakehouse_bronze_silver_gold to None, run_after=None
[2026-02-18T22:28:44.909+0000] {processor.py:183} INFO - Processing /opt/airflow/dags/lakehouse_bsg_dag.py took 3.323 seconds
[2026-02-18T22:29:15.547+0000] {processor.py:161} INFO - Started process (PID=3464) to work on /opt/airflow/dags/lakehouse_bsg_dag.py
[2026-02-18T22:29:15.554+0000] {processor.py:830} INFO - Processing file /opt/airflow/dags/lakehouse_bsg_dag.py for tasks to queue
[2026-02-18T22:29:15.611+0000] {logging_mixin.py:188} INFO - [2026-02-18T22:29:15.600+0000] {dagbag.py:545} INFO - Filling up the DagBag from /opt/airflow/dags/lakehouse_bsg_dag.py
[2026-02-18T22:29:15.935+0000] {processor.py:840} INFO - DAG(s) 'lakehouse_bronze_silver_gold' retrieved from /opt/airflow/dags/lakehouse_bsg_dag.py
[2026-02-18T22:29:16.333+0000] {logging_mixin.py:188} INFO - [2026-02-18T22:29:16.333+0000] {dag.py:3089} INFO - Sync 1 DAGs
[2026-02-18T22:29:16.441+0000] {logging_mixin.py:188} INFO - [2026-02-18T22:29:16.441+0000] {dag.py:3947} INFO - Setting next_dagrun for lakehouse_bronze_silver_gold to None, run_after=None
[2026-02-18T22:29:16.523+0000] {processor.py:183} INFO - Processing /opt/airflow/dags/lakehouse_bsg_dag.py took 1.086 seconds
[2026-02-18T22:29:46.760+0000] {processor.py:161} INFO - Started process (PID=3469) to work on /opt/airflow/dags/lakehouse_bsg_dag.py
[2026-02-18T22:29:46.762+0000] {processor.py:830} INFO - Processing file /opt/airflow/dags/lakehouse_bsg_dag.py for tasks to queue
[2026-02-18T22:29:46.763+0000] {logging_mixin.py:188} INFO - [2026-02-18T22:29:46.763+0000] {dagbag.py:545} INFO - Filling up the DagBag from /opt/airflow/dags/lakehouse_bsg_dag.py
[2026-02-18T22:29:46.778+0000] {processor.py:840} INFO - DAG(s) 'lakehouse_bronze_silver_gold' retrieved from /opt/airflow/dags/lakehouse_bsg_dag.py
[2026-02-18T22:29:46.803+0000] {logging_mixin.py:188} INFO - [2026-02-18T22:29:46.803+0000] {dag.py:3089} INFO - Sync 1 DAGs
[2026-02-18T22:29:46.813+0000] {logging_mixin.py:188} INFO - [2026-02-18T22:29:46.813+0000] {dag.py:3947} INFO - Setting next_dagrun for lakehouse_bronze_silver_gold to None, run_after=None
[2026-02-18T22:29:46.831+0000] {processor.py:183} INFO - Processing /opt/airflow/dags/lakehouse_bsg_dag.py took 0.076 seconds
[2026-02-18T22:30:17.308+0000] {processor.py:161} INFO - Started process (PID=3474) to work on /opt/airflow/dags/lakehouse_bsg_dag.py
[2026-02-18T22:30:17.309+0000] {processor.py:830} INFO - Processing file /opt/airflow/dags/lakehouse_bsg_dag.py for tasks to queue
[2026-02-18T22:30:17.311+0000] {logging_mixin.py:188} INFO - [2026-02-18T22:30:17.310+0000] {dagbag.py:545} INFO - Filling up the DagBag from /opt/airflow/dags/lakehouse_bsg_dag.py
[2026-02-18T22:30:17.326+0000] {processor.py:840} INFO - DAG(s) 'lakehouse_bronze_silver_gold' retrieved from /opt/airflow/dags/lakehouse_bsg_dag.py
[2026-02-18T22:30:17.352+0000] {logging_mixin.py:188} INFO - [2026-02-18T22:30:17.351+0000] {dag.py:3089} INFO - Sync 1 DAGs
[2026-02-18T22:30:17.363+0000] {logging_mixin.py:188} INFO - [2026-02-18T22:30:17.363+0000] {dag.py:3947} INFO - Setting next_dagrun for lakehouse_bronze_silver_gold to None, run_after=None
[2026-02-18T22:30:17.377+0000] {processor.py:183} INFO - Processing /opt/airflow/dags/lakehouse_bsg_dag.py took 0.074 seconds
[2026-02-18T22:30:48.800+0000] {processor.py:161} INFO - Started process (PID=3479) to work on /opt/airflow/dags/lakehouse_bsg_dag.py
[2026-02-18T22:30:48.801+0000] {processor.py:830} INFO - Processing file /opt/airflow/dags/lakehouse_bsg_dag.py for tasks to queue
[2026-02-18T22:30:48.802+0000] {logging_mixin.py:188} INFO - [2026-02-18T22:30:48.802+0000] {dagbag.py:545} INFO - Filling up the DagBag from /opt/airflow/dags/lakehouse_bsg_dag.py
[2026-02-18T22:30:48.820+0000] {processor.py:840} INFO - DAG(s) 'lakehouse_bronze_silver_gold' retrieved from /opt/airflow/dags/lakehouse_bsg_dag.py
[2026-02-18T22:30:48.846+0000] {logging_mixin.py:188} INFO - [2026-02-18T22:30:48.846+0000] {dag.py:3089} INFO - Sync 1 DAGs
[2026-02-18T22:30:48.855+0000] {logging_mixin.py:188} INFO - [2026-02-18T22:30:48.855+0000] {dag.py:3947} INFO - Setting next_dagrun for lakehouse_bronze_silver_gold to None, run_after=None
[2026-02-18T22:30:48.867+0000] {processor.py:183} INFO - Processing /opt/airflow/dags/lakehouse_bsg_dag.py took 0.072 seconds
[2026-02-18T22:31:22.351+0000] {processor.py:161} INFO - Started process (PID=3484) to work on /opt/airflow/dags/lakehouse_bsg_dag.py
[2026-02-18T22:31:22.352+0000] {processor.py:830} INFO - Processing file /opt/airflow/dags/lakehouse_bsg_dag.py for tasks to queue
[2026-02-18T22:31:22.353+0000] {logging_mixin.py:188} INFO - [2026-02-18T22:31:22.353+0000] {dagbag.py:545} INFO - Filling up the DagBag from /opt/airflow/dags/lakehouse_bsg_dag.py
[2026-02-18T22:31:22.368+0000] {processor.py:840} INFO - DAG(s) 'lakehouse_bronze_silver_gold' retrieved from /opt/airflow/dags/lakehouse_bsg_dag.py
[2026-02-18T22:31:22.393+0000] {logging_mixin.py:188} INFO - [2026-02-18T22:31:22.392+0000] {dag.py:3089} INFO - Sync 1 DAGs
[2026-02-18T22:31:22.402+0000] {logging_mixin.py:188} INFO - [2026-02-18T22:31:22.401+0000] {dag.py:3947} INFO - Setting next_dagrun for lakehouse_bronze_silver_gold to None, run_after=None
[2026-02-18T22:31:22.416+0000] {processor.py:183} INFO - Processing /opt/airflow/dags/lakehouse_bsg_dag.py took 0.069 seconds
[2026-02-18T22:31:55.855+0000] {processor.py:161} INFO - Started process (PID=3489) to work on /opt/airflow/dags/lakehouse_bsg_dag.py
[2026-02-18T22:31:55.856+0000] {processor.py:830} INFO - Processing file /opt/airflow/dags/lakehouse_bsg_dag.py for tasks to queue
[2026-02-18T22:31:55.858+0000] {logging_mixin.py:188} INFO - [2026-02-18T22:31:55.858+0000] {dagbag.py:545} INFO - Filling up the DagBag from /opt/airflow/dags/lakehouse_bsg_dag.py
[2026-02-18T22:31:55.876+0000] {processor.py:840} INFO - DAG(s) 'lakehouse_bronze_silver_gold' retrieved from /opt/airflow/dags/lakehouse_bsg_dag.py
[2026-02-18T22:31:55.899+0000] {logging_mixin.py:188} INFO - [2026-02-18T22:31:55.899+0000] {dag.py:3089} INFO - Sync 1 DAGs
[2026-02-18T22:31:55.908+0000] {logging_mixin.py:188} INFO - [2026-02-18T22:31:55.908+0000] {dag.py:3947} INFO - Setting next_dagrun for lakehouse_bronze_silver_gold to None, run_after=None
[2026-02-18T22:31:55.922+0000] {processor.py:183} INFO - Processing /opt/airflow/dags/lakehouse_bsg_dag.py took 0.072 seconds
[2026-02-18T22:32:29.413+0000] {processor.py:161} INFO - Started process (PID=3494) to work on /opt/airflow/dags/lakehouse_bsg_dag.py
[2026-02-18T22:32:29.413+0000] {processor.py:830} INFO - Processing file /opt/airflow/dags/lakehouse_bsg_dag.py for tasks to queue
[2026-02-18T22:32:29.415+0000] {logging_mixin.py:188} INFO - [2026-02-18T22:32:29.415+0000] {dagbag.py:545} INFO - Filling up the DagBag from /opt/airflow/dags/lakehouse_bsg_dag.py
[2026-02-18T22:32:29.430+0000] {processor.py:840} INFO - DAG(s) 'lakehouse_bronze_silver_gold' retrieved from /opt/airflow/dags/lakehouse_bsg_dag.py
[2026-02-18T22:32:29.451+0000] {logging_mixin.py:188} INFO - [2026-02-18T22:32:29.451+0000] {dag.py:3089} INFO - Sync 1 DAGs
[2026-02-18T22:32:29.460+0000] {logging_mixin.py:188} INFO - [2026-02-18T22:32:29.459+0000] {dag.py:3947} INFO - Setting next_dagrun for lakehouse_bronze_silver_gold to None, run_after=None
[2026-02-18T22:32:29.474+0000] {processor.py:183} INFO - Processing /opt/airflow/dags/lakehouse_bsg_dag.py took 0.065 seconds
[2026-02-18T22:33:01.918+0000] {processor.py:161} INFO - Started process (PID=3499) to work on /opt/airflow/dags/lakehouse_bsg_dag.py
[2026-02-18T22:33:01.919+0000] {processor.py:830} INFO - Processing file /opt/airflow/dags/lakehouse_bsg_dag.py for tasks to queue
[2026-02-18T22:33:01.921+0000] {logging_mixin.py:188} INFO - [2026-02-18T22:33:01.920+0000] {dagbag.py:545} INFO - Filling up the DagBag from /opt/airflow/dags/lakehouse_bsg_dag.py
[2026-02-18T22:33:01.937+0000] {processor.py:840} INFO - DAG(s) 'lakehouse_bronze_silver_gold' retrieved from /opt/airflow/dags/lakehouse_bsg_dag.py
[2026-02-18T22:33:01.961+0000] {logging_mixin.py:188} INFO - [2026-02-18T22:33:01.961+0000] {dag.py:3089} INFO - Sync 1 DAGs
[2026-02-18T22:33:01.970+0000] {logging_mixin.py:188} INFO - [2026-02-18T22:33:01.970+0000] {dag.py:3947} INFO - Setting next_dagrun for lakehouse_bronze_silver_gold to None, run_after=None
[2026-02-18T22:33:01.985+0000] {processor.py:183} INFO - Processing /opt/airflow/dags/lakehouse_bsg_dag.py took 0.072 seconds
[2026-02-18T22:33:35.436+0000] {processor.py:161} INFO - Started process (PID=3504) to work on /opt/airflow/dags/lakehouse_bsg_dag.py
[2026-02-18T22:33:35.437+0000] {processor.py:830} INFO - Processing file /opt/airflow/dags/lakehouse_bsg_dag.py for tasks to queue
[2026-02-18T22:33:35.439+0000] {logging_mixin.py:188} INFO - [2026-02-18T22:33:35.439+0000] {dagbag.py:545} INFO - Filling up the DagBag from /opt/airflow/dags/lakehouse_bsg_dag.py
[2026-02-18T22:33:35.454+0000] {processor.py:840} INFO - DAG(s) 'lakehouse_bronze_silver_gold' retrieved from /opt/airflow/dags/lakehouse_bsg_dag.py
[2026-02-18T22:33:35.478+0000] {logging_mixin.py:188} INFO - [2026-02-18T22:33:35.477+0000] {dag.py:3089} INFO - Sync 1 DAGs
[2026-02-18T22:33:35.487+0000] {logging_mixin.py:188} INFO - [2026-02-18T22:33:35.487+0000] {dag.py:3947} INFO - Setting next_dagrun for lakehouse_bronze_silver_gold to None, run_after=None
[2026-02-18T22:33:35.504+0000] {processor.py:183} INFO - Processing /opt/airflow/dags/lakehouse_bsg_dag.py took 0.073 seconds
[2026-02-18T22:34:08.931+0000] {processor.py:161} INFO - Started process (PID=3509) to work on /opt/airflow/dags/lakehouse_bsg_dag.py
[2026-02-18T22:34:08.933+0000] {processor.py:830} INFO - Processing file /opt/airflow/dags/lakehouse_bsg_dag.py for tasks to queue
[2026-02-18T22:34:08.934+0000] {logging_mixin.py:188} INFO - [2026-02-18T22:34:08.934+0000] {dagbag.py:545} INFO - Filling up the DagBag from /opt/airflow/dags/lakehouse_bsg_dag.py
[2026-02-18T22:34:08.964+0000] {processor.py:840} INFO - DAG(s) 'lakehouse_bronze_silver_gold' retrieved from /opt/airflow/dags/lakehouse_bsg_dag.py
[2026-02-18T22:34:08.988+0000] {logging_mixin.py:188} INFO - [2026-02-18T22:34:08.988+0000] {dag.py:3089} INFO - Sync 1 DAGs
[2026-02-18T22:34:08.998+0000] {logging_mixin.py:188} INFO - [2026-02-18T22:34:08.998+0000] {dag.py:3947} INFO - Setting next_dagrun for lakehouse_bronze_silver_gold to None, run_after=None
[2026-02-18T22:34:09.025+0000] {processor.py:183} INFO - Processing /opt/airflow/dags/lakehouse_bsg_dag.py took 0.099 seconds
[2026-02-18T22:34:42.092+0000] {processor.py:161} INFO - Started process (PID=3514) to work on /opt/airflow/dags/lakehouse_bsg_dag.py
[2026-02-18T22:34:42.099+0000] {processor.py:830} INFO - Processing file /opt/airflow/dags/lakehouse_bsg_dag.py for tasks to queue
[2026-02-18T22:34:42.101+0000] {logging_mixin.py:188} INFO - [2026-02-18T22:34:42.101+0000] {dagbag.py:545} INFO - Filling up the DagBag from /opt/airflow/dags/lakehouse_bsg_dag.py
[2026-02-18T22:34:42.121+0000] {processor.py:840} INFO - DAG(s) 'lakehouse_bronze_silver_gold' retrieved from /opt/airflow/dags/lakehouse_bsg_dag.py
[2026-02-18T22:34:42.146+0000] {logging_mixin.py:188} INFO - [2026-02-18T22:34:42.146+0000] {dag.py:3089} INFO - Sync 1 DAGs
[2026-02-18T22:34:42.156+0000] {logging_mixin.py:188} INFO - [2026-02-18T22:34:42.156+0000] {dag.py:3947} INFO - Setting next_dagrun for lakehouse_bronze_silver_gold to None, run_after=None
[2026-02-18T22:34:42.172+0000] {processor.py:183} INFO - Processing /opt/airflow/dags/lakehouse_bsg_dag.py took 0.085 seconds
[2026-02-18T22:35:15.554+0000] {processor.py:161} INFO - Started process (PID=3519) to work on /opt/airflow/dags/lakehouse_bsg_dag.py
[2026-02-18T22:35:15.555+0000] {processor.py:830} INFO - Processing file /opt/airflow/dags/lakehouse_bsg_dag.py for tasks to queue
[2026-02-18T22:35:15.560+0000] {logging_mixin.py:188} INFO - [2026-02-18T22:35:15.560+0000] {dagbag.py:545} INFO - Filling up the DagBag from /opt/airflow/dags/lakehouse_bsg_dag.py
[2026-02-18T22:35:15.577+0000] {processor.py:840} INFO - DAG(s) 'lakehouse_bronze_silver_gold' retrieved from /opt/airflow/dags/lakehouse_bsg_dag.py
[2026-02-18T22:35:15.600+0000] {logging_mixin.py:188} INFO - [2026-02-18T22:35:15.600+0000] {dag.py:3089} INFO - Sync 1 DAGs
[2026-02-18T22:35:15.613+0000] {logging_mixin.py:188} INFO - [2026-02-18T22:35:15.612+0000] {dag.py:3947} INFO - Setting next_dagrun for lakehouse_bronze_silver_gold to None, run_after=None
[2026-02-18T22:35:15.640+0000] {processor.py:183} INFO - Processing /opt/airflow/dags/lakehouse_bsg_dag.py took 0.090 seconds
[2026-02-18T22:35:49.103+0000] {processor.py:161} INFO - Started process (PID=3524) to work on /opt/airflow/dags/lakehouse_bsg_dag.py
[2026-02-18T22:35:49.105+0000] {processor.py:830} INFO - Processing file /opt/airflow/dags/lakehouse_bsg_dag.py for tasks to queue
[2026-02-18T22:35:49.106+0000] {logging_mixin.py:188} INFO - [2026-02-18T22:35:49.106+0000] {dagbag.py:545} INFO - Filling up the DagBag from /opt/airflow/dags/lakehouse_bsg_dag.py
[2026-02-18T22:35:49.121+0000] {processor.py:840} INFO - DAG(s) 'lakehouse_bronze_silver_gold' retrieved from /opt/airflow/dags/lakehouse_bsg_dag.py
[2026-02-18T22:35:49.144+0000] {logging_mixin.py:188} INFO - [2026-02-18T22:35:49.144+0000] {dag.py:3089} INFO - Sync 1 DAGs
[2026-02-18T22:35:49.154+0000] {logging_mixin.py:188} INFO - [2026-02-18T22:35:49.154+0000] {dag.py:3947} INFO - Setting next_dagrun for lakehouse_bronze_silver_gold to None, run_after=None
[2026-02-18T22:35:49.170+0000] {processor.py:183} INFO - Processing /opt/airflow/dags/lakehouse_bsg_dag.py took 0.071 seconds
[2026-02-18T22:36:22.623+0000] {processor.py:161} INFO - Started process (PID=3529) to work on /opt/airflow/dags/lakehouse_bsg_dag.py
[2026-02-18T22:36:22.623+0000] {processor.py:830} INFO - Processing file /opt/airflow/dags/lakehouse_bsg_dag.py for tasks to queue
[2026-02-18T22:36:22.625+0000] {logging_mixin.py:188} INFO - [2026-02-18T22:36:22.625+0000] {dagbag.py:545} INFO - Filling up the DagBag from /opt/airflow/dags/lakehouse_bsg_dag.py
[2026-02-18T22:36:22.638+0000] {processor.py:840} INFO - DAG(s) 'lakehouse_bronze_silver_gold' retrieved from /opt/airflow/dags/lakehouse_bsg_dag.py
[2026-02-18T22:36:22.659+0000] {logging_mixin.py:188} INFO - [2026-02-18T22:36:22.659+0000] {dag.py:3089} INFO - Sync 1 DAGs
[2026-02-18T22:36:22.667+0000] {logging_mixin.py:188} INFO - [2026-02-18T22:36:22.667+0000] {dag.py:3947} INFO - Setting next_dagrun for lakehouse_bronze_silver_gold to None, run_after=None
[2026-02-18T22:36:22.681+0000] {processor.py:183} INFO - Processing /opt/airflow/dags/lakehouse_bsg_dag.py took 0.063 seconds
[2026-02-18T22:36:55.184+0000] {processor.py:161} INFO - Started process (PID=3534) to work on /opt/airflow/dags/lakehouse_bsg_dag.py
[2026-02-18T22:36:55.186+0000] {processor.py:830} INFO - Processing file /opt/airflow/dags/lakehouse_bsg_dag.py for tasks to queue
[2026-02-18T22:36:55.193+0000] {logging_mixin.py:188} INFO - [2026-02-18T22:36:55.191+0000] {dagbag.py:545} INFO - Filling up the DagBag from /opt/airflow/dags/lakehouse_bsg_dag.py
[2026-02-18T22:36:55.217+0000] {processor.py:840} INFO - DAG(s) 'lakehouse_bronze_silver_gold' retrieved from /opt/airflow/dags/lakehouse_bsg_dag.py
[2026-02-18T22:36:55.265+0000] {logging_mixin.py:188} INFO - [2026-02-18T22:36:55.265+0000] {dag.py:3089} INFO - Sync 1 DAGs
[2026-02-18T22:36:55.280+0000] {logging_mixin.py:188} INFO - [2026-02-18T22:36:55.280+0000] {dag.py:3947} INFO - Setting next_dagrun for lakehouse_bronze_silver_gold to None, run_after=None
[2026-02-18T22:36:55.296+0000] {processor.py:183} INFO - Processing /opt/airflow/dags/lakehouse_bsg_dag.py took 0.123 seconds
[2026-02-18T22:37:28.685+0000] {processor.py:161} INFO - Started process (PID=3539) to work on /opt/airflow/dags/lakehouse_bsg_dag.py
[2026-02-18T22:37:28.686+0000] {processor.py:830} INFO - Processing file /opt/airflow/dags/lakehouse_bsg_dag.py for tasks to queue
[2026-02-18T22:37:28.688+0000] {logging_mixin.py:188} INFO - [2026-02-18T22:37:28.687+0000] {dagbag.py:545} INFO - Filling up the DagBag from /opt/airflow/dags/lakehouse_bsg_dag.py
[2026-02-18T22:37:28.701+0000] {processor.py:840} INFO - DAG(s) 'lakehouse_bronze_silver_gold' retrieved from /opt/airflow/dags/lakehouse_bsg_dag.py
[2026-02-18T22:37:28.722+0000] {logging_mixin.py:188} INFO - [2026-02-18T22:37:28.722+0000] {dag.py:3089} INFO - Sync 1 DAGs
[2026-02-18T22:37:28.730+0000] {logging_mixin.py:188} INFO - [2026-02-18T22:37:28.730+0000] {dag.py:3947} INFO - Setting next_dagrun for lakehouse_bronze_silver_gold to None, run_after=None
[2026-02-18T22:37:28.745+0000] {processor.py:183} INFO - Processing /opt/airflow/dags/lakehouse_bsg_dag.py took 0.063 seconds
[2026-02-18T22:44:03.940+0000] {processor.py:161} INFO - Started process (PID=3544) to work on /opt/airflow/dags/lakehouse_bsg_dag.py
[2026-02-18T22:44:03.944+0000] {processor.py:830} INFO - Processing file /opt/airflow/dags/lakehouse_bsg_dag.py for tasks to queue
[2026-02-18T22:44:03.946+0000] {logging_mixin.py:188} INFO - [2026-02-18T22:44:03.945+0000] {dagbag.py:545} INFO - Filling up the DagBag from /opt/airflow/dags/lakehouse_bsg_dag.py
[2026-02-18T22:44:03.964+0000] {processor.py:840} INFO - DAG(s) 'lakehouse_bronze_silver_gold' retrieved from /opt/airflow/dags/lakehouse_bsg_dag.py
[2026-02-18T22:44:04.029+0000] {logging_mixin.py:188} INFO - [2026-02-18T22:44:04.029+0000] {dag.py:3089} INFO - Sync 1 DAGs
[2026-02-18T22:44:04.040+0000] {logging_mixin.py:188} INFO - [2026-02-18T22:44:04.040+0000] {dag.py:3947} INFO - Setting next_dagrun for lakehouse_bronze_silver_gold to None, run_after=None
[2026-02-18T22:44:04.072+0000] {processor.py:183} INFO - Processing /opt/airflow/dags/lakehouse_bsg_dag.py took 0.137 seconds
[2026-02-18T22:44:34.668+0000] {processor.py:161} INFO - Started process (PID=3549) to work on /opt/airflow/dags/lakehouse_bsg_dag.py
[2026-02-18T22:44:40.877+0000] {processor.py:830} INFO - Processing file /opt/airflow/dags/lakehouse_bsg_dag.py for tasks to queue
[2026-02-18T22:44:44.335+0000] {logging_mixin.py:188} INFO - [2026-02-18T22:44:43.747+0000] {dagbag.py:545} INFO - Filling up the DagBag from /opt/airflow/dags/lakehouse_bsg_dag.py
[2026-02-18T22:44:52.081+0000] {processor.py:840} INFO - DAG(s) 'lakehouse_bronze_silver_gold' retrieved from /opt/airflow/dags/lakehouse_bsg_dag.py
[2026-02-18T22:44:53.356+0000] {logging_mixin.py:188} INFO - [2026-02-18T22:44:53.356+0000] {dag.py:3089} INFO - Sync 1 DAGs
[2026-02-18T22:44:53.675+0000] {logging_mixin.py:188} INFO - [2026-02-18T22:44:53.675+0000] {dag.py:3947} INFO - Setting next_dagrun for lakehouse_bronze_silver_gold to None, run_after=None
[2026-02-18T22:44:53.830+0000] {processor.py:183} INFO - Processing /opt/airflow/dags/lakehouse_bsg_dag.py took 15.980 seconds
[2026-02-18T22:45:24.229+0000] {processor.py:161} INFO - Started process (PID=3554) to work on /opt/airflow/dags/lakehouse_bsg_dag.py
[2026-02-18T22:45:24.231+0000] {processor.py:830} INFO - Processing file /opt/airflow/dags/lakehouse_bsg_dag.py for tasks to queue
[2026-02-18T22:45:24.235+0000] {logging_mixin.py:188} INFO - [2026-02-18T22:45:24.234+0000] {dagbag.py:545} INFO - Filling up the DagBag from /opt/airflow/dags/lakehouse_bsg_dag.py
[2026-02-18T22:45:24.264+0000] {processor.py:840} INFO - DAG(s) 'lakehouse_bronze_silver_gold' retrieved from /opt/airflow/dags/lakehouse_bsg_dag.py
[2026-02-18T22:45:24.319+0000] {logging_mixin.py:188} INFO - [2026-02-18T22:45:24.319+0000] {dag.py:3089} INFO - Sync 1 DAGs
[2026-02-18T22:45:24.335+0000] {logging_mixin.py:188} INFO - [2026-02-18T22:45:24.335+0000] {dag.py:3947} INFO - Setting next_dagrun for lakehouse_bronze_silver_gold to None, run_after=None
[2026-02-18T22:45:24.353+0000] {processor.py:183} INFO - Processing /opt/airflow/dags/lakehouse_bsg_dag.py took 0.149 seconds
[2026-02-18T22:45:55.835+0000] {processor.py:161} INFO - Started process (PID=3559) to work on /opt/airflow/dags/lakehouse_bsg_dag.py
[2026-02-18T22:45:55.837+0000] {processor.py:830} INFO - Processing file /opt/airflow/dags/lakehouse_bsg_dag.py for tasks to queue
[2026-02-18T22:45:55.838+0000] {logging_mixin.py:188} INFO - [2026-02-18T22:45:55.838+0000] {dagbag.py:545} INFO - Filling up the DagBag from /opt/airflow/dags/lakehouse_bsg_dag.py
[2026-02-18T22:45:55.853+0000] {processor.py:840} INFO - DAG(s) 'lakehouse_bronze_silver_gold' retrieved from /opt/airflow/dags/lakehouse_bsg_dag.py
[2026-02-18T22:45:55.878+0000] {logging_mixin.py:188} INFO - [2026-02-18T22:45:55.878+0000] {dag.py:3089} INFO - Sync 1 DAGs
[2026-02-18T22:45:55.887+0000] {logging_mixin.py:188} INFO - [2026-02-18T22:45:55.887+0000] {dag.py:3947} INFO - Setting next_dagrun for lakehouse_bronze_silver_gold to None, run_after=None
[2026-02-18T22:45:55.903+0000] {processor.py:183} INFO - Processing /opt/airflow/dags/lakehouse_bsg_dag.py took 0.072 seconds
[2026-02-18T22:46:29.329+0000] {processor.py:161} INFO - Started process (PID=3564) to work on /opt/airflow/dags/lakehouse_bsg_dag.py
[2026-02-18T22:46:29.330+0000] {processor.py:830} INFO - Processing file /opt/airflow/dags/lakehouse_bsg_dag.py for tasks to queue
[2026-02-18T22:46:29.334+0000] {logging_mixin.py:188} INFO - [2026-02-18T22:46:29.333+0000] {dagbag.py:545} INFO - Filling up the DagBag from /opt/airflow/dags/lakehouse_bsg_dag.py
[2026-02-18T22:46:29.360+0000] {processor.py:840} INFO - DAG(s) 'lakehouse_bronze_silver_gold' retrieved from /opt/airflow/dags/lakehouse_bsg_dag.py
[2026-02-18T22:46:29.393+0000] {logging_mixin.py:188} INFO - [2026-02-18T22:46:29.393+0000] {dag.py:3089} INFO - Sync 1 DAGs
[2026-02-18T22:46:29.402+0000] {logging_mixin.py:188} INFO - [2026-02-18T22:46:29.402+0000] {dag.py:3947} INFO - Setting next_dagrun for lakehouse_bronze_silver_gold to None, run_after=None
[2026-02-18T22:46:29.416+0000] {processor.py:183} INFO - Processing /opt/airflow/dags/lakehouse_bsg_dag.py took 0.091 seconds
[2026-02-18T22:47:02.865+0000] {processor.py:161} INFO - Started process (PID=3569) to work on /opt/airflow/dags/lakehouse_bsg_dag.py
[2026-02-18T22:47:02.866+0000] {processor.py:830} INFO - Processing file /opt/airflow/dags/lakehouse_bsg_dag.py for tasks to queue
[2026-02-18T22:47:02.867+0000] {logging_mixin.py:188} INFO - [2026-02-18T22:47:02.867+0000] {dagbag.py:545} INFO - Filling up the DagBag from /opt/airflow/dags/lakehouse_bsg_dag.py
[2026-02-18T22:47:02.880+0000] {processor.py:840} INFO - DAG(s) 'lakehouse_bronze_silver_gold' retrieved from /opt/airflow/dags/lakehouse_bsg_dag.py
[2026-02-18T22:47:02.903+0000] {logging_mixin.py:188} INFO - [2026-02-18T22:47:02.903+0000] {dag.py:3089} INFO - Sync 1 DAGs
[2026-02-18T22:47:02.913+0000] {logging_mixin.py:188} INFO - [2026-02-18T22:47:02.913+0000] {dag.py:3947} INFO - Setting next_dagrun for lakehouse_bronze_silver_gold to None, run_after=None
[2026-02-18T22:47:02.928+0000] {processor.py:183} INFO - Processing /opt/airflow/dags/lakehouse_bsg_dag.py took 0.068 seconds
[2026-02-18T22:47:36.354+0000] {processor.py:161} INFO - Started process (PID=3574) to work on /opt/airflow/dags/lakehouse_bsg_dag.py
[2026-02-18T22:47:36.355+0000] {processor.py:830} INFO - Processing file /opt/airflow/dags/lakehouse_bsg_dag.py for tasks to queue
[2026-02-18T22:47:36.356+0000] {logging_mixin.py:188} INFO - [2026-02-18T22:47:36.356+0000] {dagbag.py:545} INFO - Filling up the DagBag from /opt/airflow/dags/lakehouse_bsg_dag.py
[2026-02-18T22:47:36.370+0000] {processor.py:840} INFO - DAG(s) 'lakehouse_bronze_silver_gold' retrieved from /opt/airflow/dags/lakehouse_bsg_dag.py
[2026-02-18T22:47:36.395+0000] {logging_mixin.py:188} INFO - [2026-02-18T22:47:36.395+0000] {dag.py:3089} INFO - Sync 1 DAGs
[2026-02-18T22:47:36.404+0000] {logging_mixin.py:188} INFO - [2026-02-18T22:47:36.404+0000] {dag.py:3947} INFO - Setting next_dagrun for lakehouse_bronze_silver_gold to None, run_after=None
[2026-02-18T22:47:36.422+0000] {processor.py:183} INFO - Processing /opt/airflow/dags/lakehouse_bsg_dag.py took 0.072 seconds
[2026-02-18T22:48:09.897+0000] {processor.py:161} INFO - Started process (PID=3579) to work on /opt/airflow/dags/lakehouse_bsg_dag.py
[2026-02-18T22:48:09.898+0000] {processor.py:830} INFO - Processing file /opt/airflow/dags/lakehouse_bsg_dag.py for tasks to queue
[2026-02-18T22:48:09.900+0000] {logging_mixin.py:188} INFO - [2026-02-18T22:48:09.899+0000] {dagbag.py:545} INFO - Filling up the DagBag from /opt/airflow/dags/lakehouse_bsg_dag.py
[2026-02-18T22:48:09.915+0000] {processor.py:840} INFO - DAG(s) 'lakehouse_bronze_silver_gold' retrieved from /opt/airflow/dags/lakehouse_bsg_dag.py
[2026-02-18T22:48:09.938+0000] {logging_mixin.py:188} INFO - [2026-02-18T22:48:09.938+0000] {dag.py:3089} INFO - Sync 1 DAGs
[2026-02-18T22:48:09.947+0000] {logging_mixin.py:188} INFO - [2026-02-18T22:48:09.947+0000] {dag.py:3947} INFO - Setting next_dagrun for lakehouse_bronze_silver_gold to None, run_after=None
[2026-02-18T22:48:09.962+0000] {processor.py:183} INFO - Processing /opt/airflow/dags/lakehouse_bsg_dag.py took 0.069 seconds
[2026-02-18T22:48:43.383+0000] {processor.py:161} INFO - Started process (PID=3584) to work on /opt/airflow/dags/lakehouse_bsg_dag.py
[2026-02-18T22:48:43.384+0000] {processor.py:830} INFO - Processing file /opt/airflow/dags/lakehouse_bsg_dag.py for tasks to queue
[2026-02-18T22:48:43.385+0000] {logging_mixin.py:188} INFO - [2026-02-18T22:48:43.385+0000] {dagbag.py:545} INFO - Filling up the DagBag from /opt/airflow/dags/lakehouse_bsg_dag.py
[2026-02-18T22:48:43.401+0000] {processor.py:840} INFO - DAG(s) 'lakehouse_bronze_silver_gold' retrieved from /opt/airflow/dags/lakehouse_bsg_dag.py
[2026-02-18T22:48:43.427+0000] {logging_mixin.py:188} INFO - [2026-02-18T22:48:43.427+0000] {dag.py:3089} INFO - Sync 1 DAGs
[2026-02-18T22:48:43.437+0000] {logging_mixin.py:188} INFO - [2026-02-18T22:48:43.437+0000] {dag.py:3947} INFO - Setting next_dagrun for lakehouse_bronze_silver_gold to None, run_after=None
[2026-02-18T22:48:43.452+0000] {processor.py:183} INFO - Processing /opt/airflow/dags/lakehouse_bsg_dag.py took 0.074 seconds
[2026-02-18T22:49:15.969+0000] {processor.py:161} INFO - Started process (PID=3589) to work on /opt/airflow/dags/lakehouse_bsg_dag.py
[2026-02-18T22:49:15.970+0000] {processor.py:830} INFO - Processing file /opt/airflow/dags/lakehouse_bsg_dag.py for tasks to queue
[2026-02-18T22:49:15.972+0000] {logging_mixin.py:188} INFO - [2026-02-18T22:49:15.971+0000] {dagbag.py:545} INFO - Filling up the DagBag from /opt/airflow/dags/lakehouse_bsg_dag.py
[2026-02-18T22:49:15.988+0000] {processor.py:840} INFO - DAG(s) 'lakehouse_bronze_silver_gold' retrieved from /opt/airflow/dags/lakehouse_bsg_dag.py
[2026-02-18T22:49:16.014+0000] {logging_mixin.py:188} INFO - [2026-02-18T22:49:16.014+0000] {dag.py:3089} INFO - Sync 1 DAGs
[2026-02-18T22:49:16.024+0000] {logging_mixin.py:188} INFO - [2026-02-18T22:49:16.024+0000] {dag.py:3947} INFO - Setting next_dagrun for lakehouse_bronze_silver_gold to None, run_after=None
[2026-02-18T22:49:16.039+0000] {processor.py:183} INFO - Processing /opt/airflow/dags/lakehouse_bsg_dag.py took 0.074 seconds
[2026-02-18T22:49:49.454+0000] {processor.py:161} INFO - Started process (PID=3594) to work on /opt/airflow/dags/lakehouse_bsg_dag.py
[2026-02-18T22:49:49.455+0000] {processor.py:830} INFO - Processing file /opt/airflow/dags/lakehouse_bsg_dag.py for tasks to queue
[2026-02-18T22:49:49.457+0000] {logging_mixin.py:188} INFO - [2026-02-18T22:49:49.456+0000] {dagbag.py:545} INFO - Filling up the DagBag from /opt/airflow/dags/lakehouse_bsg_dag.py
[2026-02-18T22:49:49.473+0000] {processor.py:840} INFO - DAG(s) 'lakehouse_bronze_silver_gold' retrieved from /opt/airflow/dags/lakehouse_bsg_dag.py
[2026-02-18T22:49:49.500+0000] {logging_mixin.py:188} INFO - [2026-02-18T22:49:49.500+0000] {dag.py:3089} INFO - Sync 1 DAGs
[2026-02-18T22:49:49.511+0000] {logging_mixin.py:188} INFO - [2026-02-18T22:49:49.511+0000] {dag.py:3947} INFO - Setting next_dagrun for lakehouse_bronze_silver_gold to None, run_after=None
[2026-02-18T22:49:49.528+0000] {processor.py:183} INFO - Processing /opt/airflow/dags/lakehouse_bsg_dag.py took 0.078 seconds
[2026-02-18T22:50:23.027+0000] {processor.py:161} INFO - Started process (PID=3599) to work on /opt/airflow/dags/lakehouse_bsg_dag.py
[2026-02-18T22:50:23.028+0000] {processor.py:830} INFO - Processing file /opt/airflow/dags/lakehouse_bsg_dag.py for tasks to queue
[2026-02-18T22:50:23.029+0000] {logging_mixin.py:188} INFO - [2026-02-18T22:50:23.029+0000] {dagbag.py:545} INFO - Filling up the DagBag from /opt/airflow/dags/lakehouse_bsg_dag.py
[2026-02-18T22:50:23.044+0000] {processor.py:840} INFO - DAG(s) 'lakehouse_bronze_silver_gold' retrieved from /opt/airflow/dags/lakehouse_bsg_dag.py
[2026-02-18T22:50:23.071+0000] {logging_mixin.py:188} INFO - [2026-02-18T22:50:23.070+0000] {dag.py:3089} INFO - Sync 1 DAGs
[2026-02-18T22:50:23.080+0000] {logging_mixin.py:188} INFO - [2026-02-18T22:50:23.080+0000] {dag.py:3947} INFO - Setting next_dagrun for lakehouse_bronze_silver_gold to None, run_after=None
[2026-02-18T22:50:23.096+0000] {processor.py:183} INFO - Processing /opt/airflow/dags/lakehouse_bsg_dag.py took 0.073 seconds
[2026-02-18T22:50:56.532+0000] {processor.py:161} INFO - Started process (PID=3604) to work on /opt/airflow/dags/lakehouse_bsg_dag.py
[2026-02-18T22:50:56.533+0000] {processor.py:830} INFO - Processing file /opt/airflow/dags/lakehouse_bsg_dag.py for tasks to queue
[2026-02-18T22:50:56.535+0000] {logging_mixin.py:188} INFO - [2026-02-18T22:50:56.535+0000] {dagbag.py:545} INFO - Filling up the DagBag from /opt/airflow/dags/lakehouse_bsg_dag.py
[2026-02-18T22:50:56.550+0000] {processor.py:840} INFO - DAG(s) 'lakehouse_bronze_silver_gold' retrieved from /opt/airflow/dags/lakehouse_bsg_dag.py
[2026-02-18T22:50:56.576+0000] {logging_mixin.py:188} INFO - [2026-02-18T22:50:56.576+0000] {dag.py:3089} INFO - Sync 1 DAGs
[2026-02-18T22:50:56.586+0000] {logging_mixin.py:188} INFO - [2026-02-18T22:50:56.586+0000] {dag.py:3947} INFO - Setting next_dagrun for lakehouse_bronze_silver_gold to None, run_after=None
[2026-02-18T22:50:56.602+0000] {processor.py:183} INFO - Processing /opt/airflow/dags/lakehouse_bsg_dag.py took 0.074 seconds
[2026-02-18T22:51:30.087+0000] {processor.py:161} INFO - Started process (PID=3609) to work on /opt/airflow/dags/lakehouse_bsg_dag.py
[2026-02-18T22:51:30.089+0000] {processor.py:830} INFO - Processing file /opt/airflow/dags/lakehouse_bsg_dag.py for tasks to queue
[2026-02-18T22:51:30.091+0000] {logging_mixin.py:188} INFO - [2026-02-18T22:51:30.091+0000] {dagbag.py:545} INFO - Filling up the DagBag from /opt/airflow/dags/lakehouse_bsg_dag.py
[2026-02-18T22:51:30.107+0000] {processor.py:840} INFO - DAG(s) 'lakehouse_bronze_silver_gold' retrieved from /opt/airflow/dags/lakehouse_bsg_dag.py
[2026-02-18T22:51:30.131+0000] {logging_mixin.py:188} INFO - [2026-02-18T22:51:30.131+0000] {dag.py:3089} INFO - Sync 1 DAGs
[2026-02-18T22:51:30.141+0000] {logging_mixin.py:188} INFO - [2026-02-18T22:51:30.140+0000] {dag.py:3947} INFO - Setting next_dagrun for lakehouse_bronze_silver_gold to None, run_after=None
[2026-02-18T22:51:30.154+0000] {processor.py:183} INFO - Processing /opt/airflow/dags/lakehouse_bsg_dag.py took 0.072 seconds
[2026-02-18T22:52:02.612+0000] {processor.py:161} INFO - Started process (PID=3614) to work on /opt/airflow/dags/lakehouse_bsg_dag.py
[2026-02-18T22:52:02.613+0000] {processor.py:830} INFO - Processing file /opt/airflow/dags/lakehouse_bsg_dag.py for tasks to queue
[2026-02-18T22:52:02.615+0000] {logging_mixin.py:188} INFO - [2026-02-18T22:52:02.615+0000] {dagbag.py:545} INFO - Filling up the DagBag from /opt/airflow/dags/lakehouse_bsg_dag.py
[2026-02-18T22:52:02.632+0000] {processor.py:840} INFO - DAG(s) 'lakehouse_bronze_silver_gold' retrieved from /opt/airflow/dags/lakehouse_bsg_dag.py
[2026-02-18T22:52:02.661+0000] {logging_mixin.py:188} INFO - [2026-02-18T22:52:02.660+0000] {dag.py:3089} INFO - Sync 1 DAGs
[2026-02-18T22:52:02.671+0000] {logging_mixin.py:188} INFO - [2026-02-18T22:52:02.670+0000] {dag.py:3947} INFO - Setting next_dagrun for lakehouse_bronze_silver_gold to None, run_after=None
[2026-02-18T22:52:02.687+0000] {processor.py:183} INFO - Processing /opt/airflow/dags/lakehouse_bsg_dag.py took 0.080 seconds
[2026-02-18T22:52:36.141+0000] {processor.py:161} INFO - Started process (PID=3619) to work on /opt/airflow/dags/lakehouse_bsg_dag.py
[2026-02-18T22:52:36.143+0000] {processor.py:830} INFO - Processing file /opt/airflow/dags/lakehouse_bsg_dag.py for tasks to queue
[2026-02-18T22:52:36.144+0000] {logging_mixin.py:188} INFO - [2026-02-18T22:52:36.144+0000] {dagbag.py:545} INFO - Filling up the DagBag from /opt/airflow/dags/lakehouse_bsg_dag.py
[2026-02-18T22:52:36.160+0000] {processor.py:840} INFO - DAG(s) 'lakehouse_bronze_silver_gold' retrieved from /opt/airflow/dags/lakehouse_bsg_dag.py
[2026-02-18T22:52:36.183+0000] {logging_mixin.py:188} INFO - [2026-02-18T22:52:36.183+0000] {dag.py:3089} INFO - Sync 1 DAGs
[2026-02-18T22:52:36.193+0000] {logging_mixin.py:188} INFO - [2026-02-18T22:52:36.193+0000] {dag.py:3947} INFO - Setting next_dagrun for lakehouse_bronze_silver_gold to None, run_after=None
[2026-02-18T22:52:36.207+0000] {processor.py:183} INFO - Processing /opt/airflow/dags/lakehouse_bsg_dag.py took 0.069 seconds
[2026-02-18T22:53:09.705+0000] {processor.py:161} INFO - Started process (PID=3624) to work on /opt/airflow/dags/lakehouse_bsg_dag.py
[2026-02-18T22:53:09.706+0000] {processor.py:830} INFO - Processing file /opt/airflow/dags/lakehouse_bsg_dag.py for tasks to queue
[2026-02-18T22:53:09.708+0000] {logging_mixin.py:188} INFO - [2026-02-18T22:53:09.707+0000] {dagbag.py:545} INFO - Filling up the DagBag from /opt/airflow/dags/lakehouse_bsg_dag.py
[2026-02-18T22:53:09.722+0000] {processor.py:840} INFO - DAG(s) 'lakehouse_bronze_silver_gold' retrieved from /opt/airflow/dags/lakehouse_bsg_dag.py
[2026-02-18T22:53:09.745+0000] {logging_mixin.py:188} INFO - [2026-02-18T22:53:09.745+0000] {dag.py:3089} INFO - Sync 1 DAGs
[2026-02-18T22:53:09.754+0000] {logging_mixin.py:188} INFO - [2026-02-18T22:53:09.754+0000] {dag.py:3947} INFO - Setting next_dagrun for lakehouse_bronze_silver_gold to None, run_after=None
[2026-02-18T22:53:09.767+0000] {processor.py:183} INFO - Processing /opt/airflow/dags/lakehouse_bsg_dag.py took 0.066 seconds
[2026-02-18T22:53:43.201+0000] {processor.py:161} INFO - Started process (PID=3629) to work on /opt/airflow/dags/lakehouse_bsg_dag.py
[2026-02-18T22:53:43.202+0000] {processor.py:830} INFO - Processing file /opt/airflow/dags/lakehouse_bsg_dag.py for tasks to queue
[2026-02-18T22:53:43.204+0000] {logging_mixin.py:188} INFO - [2026-02-18T22:53:43.204+0000] {dagbag.py:545} INFO - Filling up the DagBag from /opt/airflow/dags/lakehouse_bsg_dag.py
[2026-02-18T22:53:43.221+0000] {processor.py:840} INFO - DAG(s) 'lakehouse_bronze_silver_gold' retrieved from /opt/airflow/dags/lakehouse_bsg_dag.py
[2026-02-18T22:53:43.245+0000] {logging_mixin.py:188} INFO - [2026-02-18T22:53:43.245+0000] {dag.py:3089} INFO - Sync 1 DAGs
[2026-02-18T22:53:43.255+0000] {logging_mixin.py:188} INFO - [2026-02-18T22:53:43.255+0000] {dag.py:3947} INFO - Setting next_dagrun for lakehouse_bronze_silver_gold to None, run_after=None
[2026-02-18T22:53:43.271+0000] {processor.py:183} INFO - Processing /opt/airflow/dags/lakehouse_bsg_dag.py took 0.074 seconds
[2026-02-18T22:54:16.763+0000] {processor.py:161} INFO - Started process (PID=3634) to work on /opt/airflow/dags/lakehouse_bsg_dag.py
[2026-02-18T22:54:16.764+0000] {processor.py:830} INFO - Processing file /opt/airflow/dags/lakehouse_bsg_dag.py for tasks to queue
[2026-02-18T22:54:16.766+0000] {logging_mixin.py:188} INFO - [2026-02-18T22:54:16.765+0000] {dagbag.py:545} INFO - Filling up the DagBag from /opt/airflow/dags/lakehouse_bsg_dag.py
[2026-02-18T22:54:16.782+0000] {processor.py:840} INFO - DAG(s) 'lakehouse_bronze_silver_gold' retrieved from /opt/airflow/dags/lakehouse_bsg_dag.py
[2026-02-18T22:54:16.807+0000] {logging_mixin.py:188} INFO - [2026-02-18T22:54:16.807+0000] {dag.py:3089} INFO - Sync 1 DAGs
[2026-02-18T22:54:16.816+0000] {logging_mixin.py:188} INFO - [2026-02-18T22:54:16.816+0000] {dag.py:3947} INFO - Setting next_dagrun for lakehouse_bronze_silver_gold to None, run_after=None
[2026-02-18T22:54:16.830+0000] {processor.py:183} INFO - Processing /opt/airflow/dags/lakehouse_bsg_dag.py took 0.072 seconds
[2026-02-18T22:54:49.241+0000] {processor.py:161} INFO - Started process (PID=3639) to work on /opt/airflow/dags/lakehouse_bsg_dag.py
[2026-02-18T22:54:49.242+0000] {processor.py:830} INFO - Processing file /opt/airflow/dags/lakehouse_bsg_dag.py for tasks to queue
[2026-02-18T22:54:49.244+0000] {logging_mixin.py:188} INFO - [2026-02-18T22:54:49.243+0000] {dagbag.py:545} INFO - Filling up the DagBag from /opt/airflow/dags/lakehouse_bsg_dag.py
[2026-02-18T22:54:49.257+0000] {processor.py:840} INFO - DAG(s) 'lakehouse_bronze_silver_gold' retrieved from /opt/airflow/dags/lakehouse_bsg_dag.py
[2026-02-18T22:54:49.282+0000] {logging_mixin.py:188} INFO - [2026-02-18T22:54:49.282+0000] {dag.py:3089} INFO - Sync 1 DAGs
[2026-02-18T22:54:49.291+0000] {logging_mixin.py:188} INFO - [2026-02-18T22:54:49.291+0000] {dag.py:3947} INFO - Setting next_dagrun for lakehouse_bronze_silver_gold to None, run_after=None
[2026-02-18T22:54:49.308+0000] {processor.py:183} INFO - Processing /opt/airflow/dags/lakehouse_bsg_dag.py took 0.072 seconds
[2026-02-18T22:55:22.768+0000] {processor.py:161} INFO - Started process (PID=3644) to work on /opt/airflow/dags/lakehouse_bsg_dag.py
[2026-02-18T22:55:22.769+0000] {processor.py:830} INFO - Processing file /opt/airflow/dags/lakehouse_bsg_dag.py for tasks to queue
[2026-02-18T22:55:22.771+0000] {logging_mixin.py:188} INFO - [2026-02-18T22:55:22.771+0000] {dagbag.py:545} INFO - Filling up the DagBag from /opt/airflow/dags/lakehouse_bsg_dag.py
[2026-02-18T22:55:22.788+0000] {processor.py:840} INFO - DAG(s) 'lakehouse_bronze_silver_gold' retrieved from /opt/airflow/dags/lakehouse_bsg_dag.py
[2026-02-18T22:55:22.812+0000] {logging_mixin.py:188} INFO - [2026-02-18T22:55:22.812+0000] {dag.py:3089} INFO - Sync 1 DAGs
[2026-02-18T22:55:22.822+0000] {logging_mixin.py:188} INFO - [2026-02-18T22:55:22.821+0000] {dag.py:3947} INFO - Setting next_dagrun for lakehouse_bronze_silver_gold to None, run_after=None
[2026-02-18T22:55:22.836+0000] {processor.py:183} INFO - Processing /opt/airflow/dags/lakehouse_bsg_dag.py took 0.072 seconds
[2026-02-18T22:55:56.250+0000] {processor.py:161} INFO - Started process (PID=3649) to work on /opt/airflow/dags/lakehouse_bsg_dag.py
[2026-02-18T22:55:56.251+0000] {processor.py:830} INFO - Processing file /opt/airflow/dags/lakehouse_bsg_dag.py for tasks to queue
[2026-02-18T22:55:56.254+0000] {logging_mixin.py:188} INFO - [2026-02-18T22:55:56.254+0000] {dagbag.py:545} INFO - Filling up the DagBag from /opt/airflow/dags/lakehouse_bsg_dag.py
[2026-02-18T22:55:56.273+0000] {processor.py:840} INFO - DAG(s) 'lakehouse_bronze_silver_gold' retrieved from /opt/airflow/dags/lakehouse_bsg_dag.py
[2026-02-18T22:55:56.299+0000] {logging_mixin.py:188} INFO - [2026-02-18T22:55:56.299+0000] {dag.py:3089} INFO - Sync 1 DAGs
[2026-02-18T22:55:56.309+0000] {logging_mixin.py:188} INFO - [2026-02-18T22:55:56.309+0000] {dag.py:3947} INFO - Setting next_dagrun for lakehouse_bronze_silver_gold to None, run_after=None
[2026-02-18T22:55:56.327+0000] {processor.py:183} INFO - Processing /opt/airflow/dags/lakehouse_bsg_dag.py took 0.082 seconds
[2026-02-18T22:56:29.793+0000] {processor.py:161} INFO - Started process (PID=3654) to work on /opt/airflow/dags/lakehouse_bsg_dag.py
[2026-02-18T22:56:29.795+0000] {processor.py:830} INFO - Processing file /opt/airflow/dags/lakehouse_bsg_dag.py for tasks to queue
[2026-02-18T22:56:29.797+0000] {logging_mixin.py:188} INFO - [2026-02-18T22:56:29.796+0000] {dagbag.py:545} INFO - Filling up the DagBag from /opt/airflow/dags/lakehouse_bsg_dag.py
[2026-02-18T22:56:29.812+0000] {processor.py:840} INFO - DAG(s) 'lakehouse_bronze_silver_gold' retrieved from /opt/airflow/dags/lakehouse_bsg_dag.py
[2026-02-18T22:56:29.838+0000] {logging_mixin.py:188} INFO - [2026-02-18T22:56:29.838+0000] {dag.py:3089} INFO - Sync 1 DAGs
[2026-02-18T22:56:29.848+0000] {logging_mixin.py:188} INFO - [2026-02-18T22:56:29.848+0000] {dag.py:3947} INFO - Setting next_dagrun for lakehouse_bronze_silver_gold to None, run_after=None
[2026-02-18T22:56:29.867+0000] {processor.py:183} INFO - Processing /opt/airflow/dags/lakehouse_bsg_dag.py took 0.078 seconds
[2026-02-18T22:57:03.302+0000] {processor.py:161} INFO - Started process (PID=3659) to work on /opt/airflow/dags/lakehouse_bsg_dag.py
[2026-02-18T22:57:03.303+0000] {processor.py:830} INFO - Processing file /opt/airflow/dags/lakehouse_bsg_dag.py for tasks to queue
[2026-02-18T22:57:03.305+0000] {logging_mixin.py:188} INFO - [2026-02-18T22:57:03.305+0000] {dagbag.py:545} INFO - Filling up the DagBag from /opt/airflow/dags/lakehouse_bsg_dag.py
[2026-02-18T22:57:03.321+0000] {processor.py:840} INFO - DAG(s) 'lakehouse_bronze_silver_gold' retrieved from /opt/airflow/dags/lakehouse_bsg_dag.py
[2026-02-18T22:57:03.351+0000] {logging_mixin.py:188} INFO - [2026-02-18T22:57:03.350+0000] {dag.py:3089} INFO - Sync 1 DAGs
[2026-02-18T22:57:03.362+0000] {logging_mixin.py:188} INFO - [2026-02-18T22:57:03.362+0000] {dag.py:3947} INFO - Setting next_dagrun for lakehouse_bronze_silver_gold to None, run_after=None
[2026-02-18T22:57:03.377+0000] {processor.py:183} INFO - Processing /opt/airflow/dags/lakehouse_bsg_dag.py took 0.080 seconds
[2026-02-18T22:57:36.828+0000] {processor.py:161} INFO - Started process (PID=3664) to work on /opt/airflow/dags/lakehouse_bsg_dag.py
[2026-02-18T22:57:36.829+0000] {processor.py:830} INFO - Processing file /opt/airflow/dags/lakehouse_bsg_dag.py for tasks to queue
[2026-02-18T22:57:36.831+0000] {logging_mixin.py:188} INFO - [2026-02-18T22:57:36.830+0000] {dagbag.py:545} INFO - Filling up the DagBag from /opt/airflow/dags/lakehouse_bsg_dag.py
[2026-02-18T22:57:36.849+0000] {processor.py:840} INFO - DAG(s) 'lakehouse_bronze_silver_gold' retrieved from /opt/airflow/dags/lakehouse_bsg_dag.py
[2026-02-18T22:57:36.873+0000] {logging_mixin.py:188} INFO - [2026-02-18T22:57:36.873+0000] {dag.py:3089} INFO - Sync 1 DAGs
[2026-02-18T22:57:36.883+0000] {logging_mixin.py:188} INFO - [2026-02-18T22:57:36.882+0000] {dag.py:3947} INFO - Setting next_dagrun for lakehouse_bronze_silver_gold to None, run_after=None
[2026-02-18T22:57:36.897+0000] {processor.py:183} INFO - Processing /opt/airflow/dags/lakehouse_bsg_dag.py took 0.074 seconds
[2026-02-18T22:58:09.334+0000] {processor.py:161} INFO - Started process (PID=3669) to work on /opt/airflow/dags/lakehouse_bsg_dag.py
[2026-02-18T22:58:09.335+0000] {processor.py:830} INFO - Processing file /opt/airflow/dags/lakehouse_bsg_dag.py for tasks to queue
[2026-02-18T22:58:09.336+0000] {logging_mixin.py:188} INFO - [2026-02-18T22:58:09.336+0000] {dagbag.py:545} INFO - Filling up the DagBag from /opt/airflow/dags/lakehouse_bsg_dag.py
[2026-02-18T22:58:09.351+0000] {processor.py:840} INFO - DAG(s) 'lakehouse_bronze_silver_gold' retrieved from /opt/airflow/dags/lakehouse_bsg_dag.py
[2026-02-18T22:58:09.377+0000] {logging_mixin.py:188} INFO - [2026-02-18T22:58:09.377+0000] {dag.py:3089} INFO - Sync 1 DAGs
[2026-02-18T22:58:09.388+0000] {logging_mixin.py:188} INFO - [2026-02-18T22:58:09.388+0000] {dag.py:3947} INFO - Setting next_dagrun for lakehouse_bronze_silver_gold to None, run_after=None
[2026-02-18T22:58:09.404+0000] {processor.py:183} INFO - Processing /opt/airflow/dags/lakehouse_bsg_dag.py took 0.075 seconds
[2026-02-18T22:58:42.842+0000] {processor.py:161} INFO - Started process (PID=3674) to work on /opt/airflow/dags/lakehouse_bsg_dag.py
[2026-02-18T22:58:42.843+0000] {processor.py:830} INFO - Processing file /opt/airflow/dags/lakehouse_bsg_dag.py for tasks to queue
[2026-02-18T22:58:42.845+0000] {logging_mixin.py:188} INFO - [2026-02-18T22:58:42.845+0000] {dagbag.py:545} INFO - Filling up the DagBag from /opt/airflow/dags/lakehouse_bsg_dag.py
[2026-02-18T22:58:42.861+0000] {processor.py:840} INFO - DAG(s) 'lakehouse_bronze_silver_gold' retrieved from /opt/airflow/dags/lakehouse_bsg_dag.py
[2026-02-18T22:58:42.888+0000] {logging_mixin.py:188} INFO - [2026-02-18T22:58:42.887+0000] {dag.py:3089} INFO - Sync 1 DAGs
[2026-02-18T22:58:42.897+0000] {logging_mixin.py:188} INFO - [2026-02-18T22:58:42.897+0000] {dag.py:3947} INFO - Setting next_dagrun for lakehouse_bronze_silver_gold to None, run_after=None
[2026-02-18T22:58:42.910+0000] {processor.py:183} INFO - Processing /opt/airflow/dags/lakehouse_bsg_dag.py took 0.072 seconds
[2026-02-18T22:59:16.459+0000] {processor.py:161} INFO - Started process (PID=3679) to work on /opt/airflow/dags/lakehouse_bsg_dag.py
[2026-02-18T22:59:16.460+0000] {processor.py:830} INFO - Processing file /opt/airflow/dags/lakehouse_bsg_dag.py for tasks to queue
[2026-02-18T22:59:16.461+0000] {logging_mixin.py:188} INFO - [2026-02-18T22:59:16.461+0000] {dagbag.py:545} INFO - Filling up the DagBag from /opt/airflow/dags/lakehouse_bsg_dag.py
[2026-02-18T22:59:16.477+0000] {processor.py:840} INFO - DAG(s) 'lakehouse_bronze_silver_gold' retrieved from /opt/airflow/dags/lakehouse_bsg_dag.py
[2026-02-18T22:59:16.500+0000] {logging_mixin.py:188} INFO - [2026-02-18T22:59:16.500+0000] {dag.py:3089} INFO - Sync 1 DAGs
[2026-02-18T22:59:16.510+0000] {logging_mixin.py:188} INFO - [2026-02-18T22:59:16.509+0000] {dag.py:3947} INFO - Setting next_dagrun for lakehouse_bronze_silver_gold to None, run_after=None
[2026-02-18T22:59:16.526+0000] {processor.py:183} INFO - Processing /opt/airflow/dags/lakehouse_bsg_dag.py took 0.073 seconds
[2026-02-18T22:59:49.965+0000] {processor.py:161} INFO - Started process (PID=3684) to work on /opt/airflow/dags/lakehouse_bsg_dag.py
[2026-02-18T22:59:49.966+0000] {processor.py:830} INFO - Processing file /opt/airflow/dags/lakehouse_bsg_dag.py for tasks to queue
[2026-02-18T22:59:49.968+0000] {logging_mixin.py:188} INFO - [2026-02-18T22:59:49.968+0000] {dagbag.py:545} INFO - Filling up the DagBag from /opt/airflow/dags/lakehouse_bsg_dag.py
[2026-02-18T22:59:49.985+0000] {processor.py:840} INFO - DAG(s) 'lakehouse_bronze_silver_gold' retrieved from /opt/airflow/dags/lakehouse_bsg_dag.py
[2026-02-18T22:59:50.009+0000] {logging_mixin.py:188} INFO - [2026-02-18T22:59:50.009+0000] {dag.py:3089} INFO - Sync 1 DAGs
[2026-02-18T22:59:50.019+0000] {logging_mixin.py:188} INFO - [2026-02-18T22:59:50.019+0000] {dag.py:3947} INFO - Setting next_dagrun for lakehouse_bronze_silver_gold to None, run_after=None
[2026-02-18T22:59:50.034+0000] {processor.py:183} INFO - Processing /opt/airflow/dags/lakehouse_bsg_dag.py took 0.075 seconds
[2026-02-18T23:00:23.500+0000] {processor.py:161} INFO - Started process (PID=3689) to work on /opt/airflow/dags/lakehouse_bsg_dag.py
[2026-02-18T23:00:23.501+0000] {processor.py:830} INFO - Processing file /opt/airflow/dags/lakehouse_bsg_dag.py for tasks to queue
[2026-02-18T23:00:23.503+0000] {logging_mixin.py:188} INFO - [2026-02-18T23:00:23.503+0000] {dagbag.py:545} INFO - Filling up the DagBag from /opt/airflow/dags/lakehouse_bsg_dag.py
[2026-02-18T23:00:23.520+0000] {processor.py:840} INFO - DAG(s) 'lakehouse_bronze_silver_gold' retrieved from /opt/airflow/dags/lakehouse_bsg_dag.py
[2026-02-18T23:00:23.557+0000] {logging_mixin.py:188} INFO - [2026-02-18T23:00:23.556+0000] {dag.py:3089} INFO - Sync 1 DAGs
[2026-02-18T23:00:23.568+0000] {logging_mixin.py:188} INFO - [2026-02-18T23:00:23.568+0000] {dag.py:3947} INFO - Setting next_dagrun for lakehouse_bronze_silver_gold to None, run_after=None
[2026-02-18T23:00:23.584+0000] {processor.py:183} INFO - Processing /opt/airflow/dags/lakehouse_bsg_dag.py took 0.089 seconds
[2026-02-18T23:00:55.977+0000] {processor.py:161} INFO - Started process (PID=3694) to work on /opt/airflow/dags/lakehouse_bsg_dag.py
[2026-02-18T23:00:55.978+0000] {processor.py:830} INFO - Processing file /opt/airflow/dags/lakehouse_bsg_dag.py for tasks to queue
[2026-02-18T23:00:55.980+0000] {logging_mixin.py:188} INFO - [2026-02-18T23:00:55.980+0000] {dagbag.py:545} INFO - Filling up the DagBag from /opt/airflow/dags/lakehouse_bsg_dag.py
[2026-02-18T23:00:55.997+0000] {processor.py:840} INFO - DAG(s) 'lakehouse_bronze_silver_gold' retrieved from /opt/airflow/dags/lakehouse_bsg_dag.py
[2026-02-18T23:00:56.023+0000] {logging_mixin.py:188} INFO - [2026-02-18T23:00:56.023+0000] {dag.py:3089} INFO - Sync 1 DAGs
[2026-02-18T23:00:56.034+0000] {logging_mixin.py:188} INFO - [2026-02-18T23:00:56.034+0000] {dag.py:3947} INFO - Setting next_dagrun for lakehouse_bronze_silver_gold to None, run_after=None
[2026-02-18T23:00:56.050+0000] {processor.py:183} INFO - Processing /opt/airflow/dags/lakehouse_bsg_dag.py took 0.078 seconds
[2026-02-18T23:01:29.560+0000] {processor.py:161} INFO - Started process (PID=3699) to work on /opt/airflow/dags/lakehouse_bsg_dag.py
[2026-02-18T23:01:29.560+0000] {processor.py:830} INFO - Processing file /opt/airflow/dags/lakehouse_bsg_dag.py for tasks to queue
[2026-02-18T23:01:29.562+0000] {logging_mixin.py:188} INFO - [2026-02-18T23:01:29.562+0000] {dagbag.py:545} INFO - Filling up the DagBag from /opt/airflow/dags/lakehouse_bsg_dag.py
[2026-02-18T23:01:29.578+0000] {processor.py:840} INFO - DAG(s) 'lakehouse_bronze_silver_gold' retrieved from /opt/airflow/dags/lakehouse_bsg_dag.py
[2026-02-18T23:01:29.602+0000] {logging_mixin.py:188} INFO - [2026-02-18T23:01:29.602+0000] {dag.py:3089} INFO - Sync 1 DAGs
[2026-02-18T23:01:29.611+0000] {logging_mixin.py:188} INFO - [2026-02-18T23:01:29.611+0000] {dag.py:3947} INFO - Setting next_dagrun for lakehouse_bronze_silver_gold to None, run_after=None
[2026-02-18T23:01:29.625+0000] {processor.py:183} INFO - Processing /opt/airflow/dags/lakehouse_bsg_dag.py took 0.069 seconds
[2026-02-18T23:02:03.055+0000] {processor.py:161} INFO - Started process (PID=3704) to work on /opt/airflow/dags/lakehouse_bsg_dag.py
[2026-02-18T23:02:03.056+0000] {processor.py:830} INFO - Processing file /opt/airflow/dags/lakehouse_bsg_dag.py for tasks to queue
[2026-02-18T23:02:03.058+0000] {logging_mixin.py:188} INFO - [2026-02-18T23:02:03.057+0000] {dagbag.py:545} INFO - Filling up the DagBag from /opt/airflow/dags/lakehouse_bsg_dag.py
[2026-02-18T23:02:03.073+0000] {processor.py:840} INFO - DAG(s) 'lakehouse_bronze_silver_gold' retrieved from /opt/airflow/dags/lakehouse_bsg_dag.py
[2026-02-18T23:02:03.099+0000] {logging_mixin.py:188} INFO - [2026-02-18T23:02:03.098+0000] {dag.py:3089} INFO - Sync 1 DAGs
[2026-02-18T23:02:03.109+0000] {logging_mixin.py:188} INFO - [2026-02-18T23:02:03.108+0000] {dag.py:3947} INFO - Setting next_dagrun for lakehouse_bronze_silver_gold to None, run_after=None
[2026-02-18T23:02:03.125+0000] {processor.py:183} INFO - Processing /opt/airflow/dags/lakehouse_bsg_dag.py took 0.076 seconds
[2026-02-18T23:02:36.603+0000] {processor.py:161} INFO - Started process (PID=3709) to work on /opt/airflow/dags/lakehouse_bsg_dag.py
[2026-02-18T23:02:36.604+0000] {processor.py:830} INFO - Processing file /opt/airflow/dags/lakehouse_bsg_dag.py for tasks to queue
[2026-02-18T23:02:36.606+0000] {logging_mixin.py:188} INFO - [2026-02-18T23:02:36.605+0000] {dagbag.py:545} INFO - Filling up the DagBag from /opt/airflow/dags/lakehouse_bsg_dag.py
[2026-02-18T23:02:36.622+0000] {processor.py:840} INFO - DAG(s) 'lakehouse_bronze_silver_gold' retrieved from /opt/airflow/dags/lakehouse_bsg_dag.py
[2026-02-18T23:02:36.646+0000] {logging_mixin.py:188} INFO - [2026-02-18T23:02:36.646+0000] {dag.py:3089} INFO - Sync 1 DAGs
[2026-02-18T23:02:36.656+0000] {logging_mixin.py:188} INFO - [2026-02-18T23:02:36.656+0000] {dag.py:3947} INFO - Setting next_dagrun for lakehouse_bronze_silver_gold to None, run_after=None
[2026-02-18T23:02:36.671+0000] {processor.py:183} INFO - Processing /opt/airflow/dags/lakehouse_bsg_dag.py took 0.073 seconds
[2026-02-18T23:03:10.112+0000] {processor.py:161} INFO - Started process (PID=3714) to work on /opt/airflow/dags/lakehouse_bsg_dag.py
[2026-02-18T23:03:10.113+0000] {processor.py:830} INFO - Processing file /opt/airflow/dags/lakehouse_bsg_dag.py for tasks to queue
[2026-02-18T23:03:10.115+0000] {logging_mixin.py:188} INFO - [2026-02-18T23:03:10.115+0000] {dagbag.py:545} INFO - Filling up the DagBag from /opt/airflow/dags/lakehouse_bsg_dag.py
[2026-02-18T23:03:10.136+0000] {processor.py:840} INFO - DAG(s) 'lakehouse_bronze_silver_gold' retrieved from /opt/airflow/dags/lakehouse_bsg_dag.py
[2026-02-18T23:03:10.162+0000] {logging_mixin.py:188} INFO - [2026-02-18T23:03:10.162+0000] {dag.py:3089} INFO - Sync 1 DAGs
[2026-02-18T23:03:10.173+0000] {logging_mixin.py:188} INFO - [2026-02-18T23:03:10.173+0000] {dag.py:3947} INFO - Setting next_dagrun for lakehouse_bronze_silver_gold to None, run_after=None
[2026-02-18T23:03:10.195+0000] {processor.py:183} INFO - Processing /opt/airflow/dags/lakehouse_bsg_dag.py took 0.087 seconds
[2026-02-18T23:03:42.630+0000] {processor.py:161} INFO - Started process (PID=3719) to work on /opt/airflow/dags/lakehouse_bsg_dag.py
[2026-02-18T23:03:42.632+0000] {processor.py:830} INFO - Processing file /opt/airflow/dags/lakehouse_bsg_dag.py for tasks to queue
[2026-02-18T23:03:42.634+0000] {logging_mixin.py:188} INFO - [2026-02-18T23:03:42.634+0000] {dagbag.py:545} INFO - Filling up the DagBag from /opt/airflow/dags/lakehouse_bsg_dag.py
[2026-02-18T23:03:42.659+0000] {processor.py:840} INFO - DAG(s) 'lakehouse_bronze_silver_gold' retrieved from /opt/airflow/dags/lakehouse_bsg_dag.py
[2026-02-18T23:03:42.696+0000] {logging_mixin.py:188} INFO - [2026-02-18T23:03:42.695+0000] {dag.py:3089} INFO - Sync 1 DAGs
[2026-02-18T23:03:42.709+0000] {logging_mixin.py:188} INFO - [2026-02-18T23:03:42.709+0000] {dag.py:3947} INFO - Setting next_dagrun for lakehouse_bronze_silver_gold to None, run_after=None
[2026-02-18T23:03:42.729+0000] {processor.py:183} INFO - Processing /opt/airflow/dags/lakehouse_bsg_dag.py took 0.104 seconds
[2026-02-18T23:04:16.183+0000] {processor.py:161} INFO - Started process (PID=3724) to work on /opt/airflow/dags/lakehouse_bsg_dag.py
[2026-02-18T23:04:16.184+0000] {processor.py:830} INFO - Processing file /opt/airflow/dags/lakehouse_bsg_dag.py for tasks to queue
[2026-02-18T23:04:16.186+0000] {logging_mixin.py:188} INFO - [2026-02-18T23:04:16.185+0000] {dagbag.py:545} INFO - Filling up the DagBag from /opt/airflow/dags/lakehouse_bsg_dag.py
[2026-02-18T23:04:16.202+0000] {processor.py:840} INFO - DAG(s) 'lakehouse_bronze_silver_gold' retrieved from /opt/airflow/dags/lakehouse_bsg_dag.py
[2026-02-18T23:04:16.229+0000] {logging_mixin.py:188} INFO - [2026-02-18T23:04:16.229+0000] {dag.py:3089} INFO - Sync 1 DAGs
[2026-02-18T23:04:16.240+0000] {logging_mixin.py:188} INFO - [2026-02-18T23:04:16.240+0000] {dag.py:3947} INFO - Setting next_dagrun for lakehouse_bronze_silver_gold to None, run_after=None
[2026-02-18T23:04:16.257+0000] {processor.py:183} INFO - Processing /opt/airflow/dags/lakehouse_bsg_dag.py took 0.080 seconds
[2026-02-18T23:04:49.660+0000] {processor.py:161} INFO - Started process (PID=3729) to work on /opt/airflow/dags/lakehouse_bsg_dag.py
[2026-02-18T23:04:49.661+0000] {processor.py:830} INFO - Processing file /opt/airflow/dags/lakehouse_bsg_dag.py for tasks to queue
[2026-02-18T23:04:49.662+0000] {logging_mixin.py:188} INFO - [2026-02-18T23:04:49.662+0000] {dagbag.py:545} INFO - Filling up the DagBag from /opt/airflow/dags/lakehouse_bsg_dag.py
[2026-02-18T23:04:49.678+0000] {processor.py:840} INFO - DAG(s) 'lakehouse_bronze_silver_gold' retrieved from /opt/airflow/dags/lakehouse_bsg_dag.py
[2026-02-18T23:04:49.703+0000] {logging_mixin.py:188} INFO - [2026-02-18T23:04:49.703+0000] {dag.py:3089} INFO - Sync 1 DAGs
[2026-02-18T23:04:49.713+0000] {logging_mixin.py:188} INFO - [2026-02-18T23:04:49.713+0000] {dag.py:3947} INFO - Setting next_dagrun for lakehouse_bronze_silver_gold to None, run_after=None
[2026-02-18T23:04:49.727+0000] {processor.py:183} INFO - Processing /opt/airflow/dags/lakehouse_bsg_dag.py took 0.072 seconds
[2026-02-18T23:05:23.204+0000] {processor.py:161} INFO - Started process (PID=3734) to work on /opt/airflow/dags/lakehouse_bsg_dag.py
[2026-02-18T23:05:23.205+0000] {processor.py:830} INFO - Processing file /opt/airflow/dags/lakehouse_bsg_dag.py for tasks to queue
[2026-02-18T23:05:23.206+0000] {logging_mixin.py:188} INFO - [2026-02-18T23:05:23.206+0000] {dagbag.py:545} INFO - Filling up the DagBag from /opt/airflow/dags/lakehouse_bsg_dag.py
[2026-02-18T23:05:23.222+0000] {processor.py:840} INFO - DAG(s) 'lakehouse_bronze_silver_gold' retrieved from /opt/airflow/dags/lakehouse_bsg_dag.py
[2026-02-18T23:05:23.247+0000] {logging_mixin.py:188} INFO - [2026-02-18T23:05:23.247+0000] {dag.py:3089} INFO - Sync 1 DAGs
[2026-02-18T23:05:23.257+0000] {logging_mixin.py:188} INFO - [2026-02-18T23:05:23.256+0000] {dag.py:3947} INFO - Setting next_dagrun for lakehouse_bronze_silver_gold to None, run_after=None
[2026-02-18T23:05:23.272+0000] {processor.py:183} INFO - Processing /opt/airflow/dags/lakehouse_bsg_dag.py took 0.073 seconds
[2026-02-18T23:05:56.694+0000] {processor.py:161} INFO - Started process (PID=3739) to work on /opt/airflow/dags/lakehouse_bsg_dag.py
[2026-02-18T23:05:56.695+0000] {processor.py:830} INFO - Processing file /opt/airflow/dags/lakehouse_bsg_dag.py for tasks to queue
[2026-02-18T23:05:56.697+0000] {logging_mixin.py:188} INFO - [2026-02-18T23:05:56.697+0000] {dagbag.py:545} INFO - Filling up the DagBag from /opt/airflow/dags/lakehouse_bsg_dag.py
[2026-02-18T23:05:56.714+0000] {processor.py:840} INFO - DAG(s) 'lakehouse_bronze_silver_gold' retrieved from /opt/airflow/dags/lakehouse_bsg_dag.py
[2026-02-18T23:05:56.739+0000] {logging_mixin.py:188} INFO - [2026-02-18T23:05:56.739+0000] {dag.py:3089} INFO - Sync 1 DAGs
[2026-02-18T23:05:56.749+0000] {logging_mixin.py:188} INFO - [2026-02-18T23:05:56.748+0000] {dag.py:3947} INFO - Setting next_dagrun for lakehouse_bronze_silver_gold to None, run_after=None
[2026-02-18T23:05:56.763+0000] {processor.py:183} INFO - Processing /opt/airflow/dags/lakehouse_bsg_dag.py took 0.074 seconds
[2026-02-18T23:06:30.234+0000] {processor.py:161} INFO - Started process (PID=3744) to work on /opt/airflow/dags/lakehouse_bsg_dag.py
[2026-02-18T23:06:30.235+0000] {processor.py:830} INFO - Processing file /opt/airflow/dags/lakehouse_bsg_dag.py for tasks to queue
[2026-02-18T23:06:30.237+0000] {logging_mixin.py:188} INFO - [2026-02-18T23:06:30.237+0000] {dagbag.py:545} INFO - Filling up the DagBag from /opt/airflow/dags/lakehouse_bsg_dag.py
[2026-02-18T23:06:30.254+0000] {processor.py:840} INFO - DAG(s) 'lakehouse_bronze_silver_gold' retrieved from /opt/airflow/dags/lakehouse_bsg_dag.py
[2026-02-18T23:06:30.278+0000] {logging_mixin.py:188} INFO - [2026-02-18T23:06:30.278+0000] {dag.py:3089} INFO - Sync 1 DAGs
[2026-02-18T23:06:30.289+0000] {logging_mixin.py:188} INFO - [2026-02-18T23:06:30.288+0000] {dag.py:3947} INFO - Setting next_dagrun for lakehouse_bronze_silver_gold to None, run_after=None
[2026-02-18T23:06:30.306+0000] {processor.py:183} INFO - Processing /opt/airflow/dags/lakehouse_bsg_dag.py took 0.076 seconds
[2026-02-18T23:07:02.711+0000] {processor.py:161} INFO - Started process (PID=3749) to work on /opt/airflow/dags/lakehouse_bsg_dag.py
[2026-02-18T23:07:02.712+0000] {processor.py:830} INFO - Processing file /opt/airflow/dags/lakehouse_bsg_dag.py for tasks to queue
[2026-02-18T23:07:02.714+0000] {logging_mixin.py:188} INFO - [2026-02-18T23:07:02.714+0000] {dagbag.py:545} INFO - Filling up the DagBag from /opt/airflow/dags/lakehouse_bsg_dag.py
[2026-02-18T23:07:02.733+0000] {processor.py:840} INFO - DAG(s) 'lakehouse_bronze_silver_gold' retrieved from /opt/airflow/dags/lakehouse_bsg_dag.py
[2026-02-18T23:07:02.760+0000] {logging_mixin.py:188} INFO - [2026-02-18T23:07:02.760+0000] {dag.py:3089} INFO - Sync 1 DAGs
[2026-02-18T23:07:02.770+0000] {logging_mixin.py:188} INFO - [2026-02-18T23:07:02.770+0000] {dag.py:3947} INFO - Setting next_dagrun for lakehouse_bronze_silver_gold to None, run_after=None
[2026-02-18T23:07:02.787+0000] {processor.py:183} INFO - Processing /opt/airflow/dags/lakehouse_bsg_dag.py took 0.082 seconds
[2026-02-18T23:07:36.284+0000] {processor.py:161} INFO - Started process (PID=3754) to work on /opt/airflow/dags/lakehouse_bsg_dag.py
[2026-02-18T23:07:36.285+0000] {processor.py:830} INFO - Processing file /opt/airflow/dags/lakehouse_bsg_dag.py for tasks to queue
[2026-02-18T23:07:36.287+0000] {logging_mixin.py:188} INFO - [2026-02-18T23:07:36.286+0000] {dagbag.py:545} INFO - Filling up the DagBag from /opt/airflow/dags/lakehouse_bsg_dag.py
[2026-02-18T23:07:36.304+0000] {processor.py:840} INFO - DAG(s) 'lakehouse_bronze_silver_gold' retrieved from /opt/airflow/dags/lakehouse_bsg_dag.py
[2026-02-18T23:07:36.331+0000] {logging_mixin.py:188} INFO - [2026-02-18T23:07:36.331+0000] {dag.py:3089} INFO - Sync 1 DAGs
[2026-02-18T23:07:36.342+0000] {logging_mixin.py:188} INFO - [2026-02-18T23:07:36.341+0000] {dag.py:3947} INFO - Setting next_dagrun for lakehouse_bronze_silver_gold to None, run_after=None
[2026-02-18T23:07:36.359+0000] {processor.py:183} INFO - Processing /opt/airflow/dags/lakehouse_bsg_dag.py took 0.080 seconds
[2026-02-18T23:08:09.781+0000] {processor.py:161} INFO - Started process (PID=3759) to work on /opt/airflow/dags/lakehouse_bsg_dag.py
[2026-02-18T23:08:09.782+0000] {processor.py:830} INFO - Processing file /opt/airflow/dags/lakehouse_bsg_dag.py for tasks to queue
[2026-02-18T23:08:09.784+0000] {logging_mixin.py:188} INFO - [2026-02-18T23:08:09.784+0000] {dagbag.py:545} INFO - Filling up the DagBag from /opt/airflow/dags/lakehouse_bsg_dag.py
[2026-02-18T23:08:09.799+0000] {processor.py:840} INFO - DAG(s) 'lakehouse_bronze_silver_gold' retrieved from /opt/airflow/dags/lakehouse_bsg_dag.py
[2026-02-18T23:08:09.822+0000] {logging_mixin.py:188} INFO - [2026-02-18T23:08:09.822+0000] {dag.py:3089} INFO - Sync 1 DAGs
[2026-02-18T23:08:09.831+0000] {logging_mixin.py:188} INFO - [2026-02-18T23:08:09.831+0000] {dag.py:3947} INFO - Setting next_dagrun for lakehouse_bronze_silver_gold to None, run_after=None
[2026-02-18T23:08:09.845+0000] {processor.py:183} INFO - Processing /opt/airflow/dags/lakehouse_bsg_dag.py took 0.068 seconds
[2026-02-18T23:08:43.342+0000] {processor.py:161} INFO - Started process (PID=3764) to work on /opt/airflow/dags/lakehouse_bsg_dag.py
[2026-02-18T23:08:43.343+0000] {processor.py:830} INFO - Processing file /opt/airflow/dags/lakehouse_bsg_dag.py for tasks to queue
[2026-02-18T23:08:43.345+0000] {logging_mixin.py:188} INFO - [2026-02-18T23:08:43.345+0000] {dagbag.py:545} INFO - Filling up the DagBag from /opt/airflow/dags/lakehouse_bsg_dag.py
[2026-02-18T23:08:43.362+0000] {processor.py:840} INFO - DAG(s) 'lakehouse_bronze_silver_gold' retrieved from /opt/airflow/dags/lakehouse_bsg_dag.py
[2026-02-18T23:08:43.386+0000] {logging_mixin.py:188} INFO - [2026-02-18T23:08:43.386+0000] {dag.py:3089} INFO - Sync 1 DAGs
[2026-02-18T23:08:43.395+0000] {logging_mixin.py:188} INFO - [2026-02-18T23:08:43.395+0000] {dag.py:3947} INFO - Setting next_dagrun for lakehouse_bronze_silver_gold to None, run_after=None
[2026-02-18T23:08:43.415+0000] {processor.py:183} INFO - Processing /opt/airflow/dags/lakehouse_bsg_dag.py took 0.077 seconds
[2026-02-18T23:09:16.870+0000] {processor.py:161} INFO - Started process (PID=3769) to work on /opt/airflow/dags/lakehouse_bsg_dag.py
[2026-02-18T23:09:16.872+0000] {processor.py:830} INFO - Processing file /opt/airflow/dags/lakehouse_bsg_dag.py for tasks to queue
[2026-02-18T23:09:16.873+0000] {logging_mixin.py:188} INFO - [2026-02-18T23:09:16.873+0000] {dagbag.py:545} INFO - Filling up the DagBag from /opt/airflow/dags/lakehouse_bsg_dag.py
[2026-02-18T23:09:16.888+0000] {processor.py:840} INFO - DAG(s) 'lakehouse_bronze_silver_gold' retrieved from /opt/airflow/dags/lakehouse_bsg_dag.py
[2026-02-18T23:09:16.911+0000] {logging_mixin.py:188} INFO - [2026-02-18T23:09:16.910+0000] {dag.py:3089} INFO - Sync 1 DAGs
[2026-02-18T23:09:16.920+0000] {logging_mixin.py:188} INFO - [2026-02-18T23:09:16.919+0000] {dag.py:3947} INFO - Setting next_dagrun for lakehouse_bronze_silver_gold to None, run_after=None
[2026-02-18T23:09:16.935+0000] {processor.py:183} INFO - Processing /opt/airflow/dags/lakehouse_bsg_dag.py took 0.069 seconds
[2026-02-18T23:09:49.394+0000] {processor.py:161} INFO - Started process (PID=3774) to work on /opt/airflow/dags/lakehouse_bsg_dag.py
[2026-02-18T23:09:49.395+0000] {processor.py:830} INFO - Processing file /opt/airflow/dags/lakehouse_bsg_dag.py for tasks to queue
[2026-02-18T23:09:49.397+0000] {logging_mixin.py:188} INFO - [2026-02-18T23:09:49.397+0000] {dagbag.py:545} INFO - Filling up the DagBag from /opt/airflow/dags/lakehouse_bsg_dag.py
[2026-02-18T23:09:49.413+0000] {processor.py:840} INFO - DAG(s) 'lakehouse_bronze_silver_gold' retrieved from /opt/airflow/dags/lakehouse_bsg_dag.py
[2026-02-18T23:09:49.438+0000] {logging_mixin.py:188} INFO - [2026-02-18T23:09:49.437+0000] {dag.py:3089} INFO - Sync 1 DAGs
[2026-02-18T23:09:49.448+0000] {logging_mixin.py:188} INFO - [2026-02-18T23:09:49.447+0000] {dag.py:3947} INFO - Setting next_dagrun for lakehouse_bronze_silver_gold to None, run_after=None
[2026-02-18T23:09:49.464+0000] {processor.py:183} INFO - Processing /opt/airflow/dags/lakehouse_bsg_dag.py took 0.074 seconds
[2026-02-18T23:10:22.904+0000] {processor.py:161} INFO - Started process (PID=3779) to work on /opt/airflow/dags/lakehouse_bsg_dag.py
[2026-02-18T23:10:22.905+0000] {processor.py:830} INFO - Processing file /opt/airflow/dags/lakehouse_bsg_dag.py for tasks to queue
[2026-02-18T23:10:22.907+0000] {logging_mixin.py:188} INFO - [2026-02-18T23:10:22.906+0000] {dagbag.py:545} INFO - Filling up the DagBag from /opt/airflow/dags/lakehouse_bsg_dag.py
[2026-02-18T23:10:22.923+0000] {processor.py:840} INFO - DAG(s) 'lakehouse_bronze_silver_gold' retrieved from /opt/airflow/dags/lakehouse_bsg_dag.py
[2026-02-18T23:10:22.948+0000] {logging_mixin.py:188} INFO - [2026-02-18T23:10:22.948+0000] {dag.py:3089} INFO - Sync 1 DAGs
[2026-02-18T23:10:22.957+0000] {logging_mixin.py:188} INFO - [2026-02-18T23:10:22.957+0000] {dag.py:3947} INFO - Setting next_dagrun for lakehouse_bronze_silver_gold to None, run_after=None
[2026-02-18T23:10:22.971+0000] {processor.py:183} INFO - Processing /opt/airflow/dags/lakehouse_bsg_dag.py took 0.071 seconds
[2026-02-18T23:10:56.454+0000] {processor.py:161} INFO - Started process (PID=3784) to work on /opt/airflow/dags/lakehouse_bsg_dag.py
[2026-02-18T23:10:56.455+0000] {processor.py:830} INFO - Processing file /opt/airflow/dags/lakehouse_bsg_dag.py for tasks to queue
[2026-02-18T23:10:56.457+0000] {logging_mixin.py:188} INFO - [2026-02-18T23:10:56.457+0000] {dagbag.py:545} INFO - Filling up the DagBag from /opt/airflow/dags/lakehouse_bsg_dag.py
[2026-02-18T23:10:56.472+0000] {processor.py:840} INFO - DAG(s) 'lakehouse_bronze_silver_gold' retrieved from /opt/airflow/dags/lakehouse_bsg_dag.py
[2026-02-18T23:10:56.497+0000] {logging_mixin.py:188} INFO - [2026-02-18T23:10:56.496+0000] {dag.py:3089} INFO - Sync 1 DAGs
[2026-02-18T23:10:56.506+0000] {logging_mixin.py:188} INFO - [2026-02-18T23:10:56.506+0000] {dag.py:3947} INFO - Setting next_dagrun for lakehouse_bronze_silver_gold to None, run_after=None
[2026-02-18T23:10:56.523+0000] {processor.py:183} INFO - Processing /opt/airflow/dags/lakehouse_bsg_dag.py took 0.073 seconds
[2026-02-18T23:11:29.952+0000] {processor.py:161} INFO - Started process (PID=3789) to work on /opt/airflow/dags/lakehouse_bsg_dag.py
[2026-02-18T23:11:29.953+0000] {processor.py:830} INFO - Processing file /opt/airflow/dags/lakehouse_bsg_dag.py for tasks to queue
[2026-02-18T23:11:29.954+0000] {logging_mixin.py:188} INFO - [2026-02-18T23:11:29.954+0000] {dagbag.py:545} INFO - Filling up the DagBag from /opt/airflow/dags/lakehouse_bsg_dag.py
[2026-02-18T23:11:29.970+0000] {processor.py:840} INFO - DAG(s) 'lakehouse_bronze_silver_gold' retrieved from /opt/airflow/dags/lakehouse_bsg_dag.py
[2026-02-18T23:11:29.995+0000] {logging_mixin.py:188} INFO - [2026-02-18T23:11:29.995+0000] {dag.py:3089} INFO - Sync 1 DAGs
[2026-02-18T23:11:30.004+0000] {logging_mixin.py:188} INFO - [2026-02-18T23:11:30.004+0000] {dag.py:3947} INFO - Setting next_dagrun for lakehouse_bronze_silver_gold to None, run_after=None
[2026-02-18T23:11:30.019+0000] {processor.py:183} INFO - Processing /opt/airflow/dags/lakehouse_bsg_dag.py took 0.071 seconds
[2026-02-18T23:12:03.509+0000] {processor.py:161} INFO - Started process (PID=3794) to work on /opt/airflow/dags/lakehouse_bsg_dag.py
[2026-02-18T23:12:03.510+0000] {processor.py:830} INFO - Processing file /opt/airflow/dags/lakehouse_bsg_dag.py for tasks to queue
[2026-02-18T23:12:03.512+0000] {logging_mixin.py:188} INFO - [2026-02-18T23:12:03.511+0000] {dagbag.py:545} INFO - Filling up the DagBag from /opt/airflow/dags/lakehouse_bsg_dag.py
[2026-02-18T23:12:03.526+0000] {processor.py:840} INFO - DAG(s) 'lakehouse_bronze_silver_gold' retrieved from /opt/airflow/dags/lakehouse_bsg_dag.py
[2026-02-18T23:12:03.549+0000] {logging_mixin.py:188} INFO - [2026-02-18T23:12:03.548+0000] {dag.py:3089} INFO - Sync 1 DAGs
[2026-02-18T23:12:03.558+0000] {logging_mixin.py:188} INFO - [2026-02-18T23:12:03.558+0000] {dag.py:3947} INFO - Setting next_dagrun for lakehouse_bronze_silver_gold to None, run_after=None
[2026-02-18T23:12:03.573+0000] {processor.py:183} INFO - Processing /opt/airflow/dags/lakehouse_bsg_dag.py took 0.069 seconds
[2026-02-18T23:12:36.022+0000] {processor.py:161} INFO - Started process (PID=3799) to work on /opt/airflow/dags/lakehouse_bsg_dag.py
[2026-02-18T23:12:36.023+0000] {processor.py:830} INFO - Processing file /opt/airflow/dags/lakehouse_bsg_dag.py for tasks to queue
[2026-02-18T23:12:36.025+0000] {logging_mixin.py:188} INFO - [2026-02-18T23:12:36.025+0000] {dagbag.py:545} INFO - Filling up the DagBag from /opt/airflow/dags/lakehouse_bsg_dag.py
[2026-02-18T23:12:36.045+0000] {processor.py:840} INFO - DAG(s) 'lakehouse_bronze_silver_gold' retrieved from /opt/airflow/dags/lakehouse_bsg_dag.py
[2026-02-18T23:12:36.072+0000] {logging_mixin.py:188} INFO - [2026-02-18T23:12:36.072+0000] {dag.py:3089} INFO - Sync 1 DAGs
[2026-02-18T23:12:36.083+0000] {logging_mixin.py:188} INFO - [2026-02-18T23:12:36.083+0000] {dag.py:3947} INFO - Setting next_dagrun for lakehouse_bronze_silver_gold to None, run_after=None
[2026-02-18T23:12:36.097+0000] {processor.py:183} INFO - Processing /opt/airflow/dags/lakehouse_bsg_dag.py took 0.080 seconds
[2026-02-18T23:13:09.538+0000] {processor.py:161} INFO - Started process (PID=3804) to work on /opt/airflow/dags/lakehouse_bsg_dag.py
[2026-02-18T23:13:09.539+0000] {processor.py:830} INFO - Processing file /opt/airflow/dags/lakehouse_bsg_dag.py for tasks to queue
[2026-02-18T23:13:09.541+0000] {logging_mixin.py:188} INFO - [2026-02-18T23:13:09.541+0000] {dagbag.py:545} INFO - Filling up the DagBag from /opt/airflow/dags/lakehouse_bsg_dag.py
[2026-02-18T23:13:09.560+0000] {processor.py:840} INFO - DAG(s) 'lakehouse_bronze_silver_gold' retrieved from /opt/airflow/dags/lakehouse_bsg_dag.py
[2026-02-18T23:13:09.586+0000] {logging_mixin.py:188} INFO - [2026-02-18T23:13:09.586+0000] {dag.py:3089} INFO - Sync 1 DAGs
[2026-02-18T23:13:09.596+0000] {logging_mixin.py:188} INFO - [2026-02-18T23:13:09.596+0000] {dag.py:3947} INFO - Setting next_dagrun for lakehouse_bronze_silver_gold to None, run_after=None
[2026-02-18T23:13:09.613+0000] {processor.py:183} INFO - Processing /opt/airflow/dags/lakehouse_bsg_dag.py took 0.080 seconds
[2026-02-18T23:13:43.033+0000] {processor.py:161} INFO - Started process (PID=3809) to work on /opt/airflow/dags/lakehouse_bsg_dag.py
[2026-02-18T23:13:43.035+0000] {processor.py:830} INFO - Processing file /opt/airflow/dags/lakehouse_bsg_dag.py for tasks to queue
[2026-02-18T23:13:43.037+0000] {logging_mixin.py:188} INFO - [2026-02-18T23:13:43.037+0000] {dagbag.py:545} INFO - Filling up the DagBag from /opt/airflow/dags/lakehouse_bsg_dag.py
[2026-02-18T23:13:43.053+0000] {processor.py:840} INFO - DAG(s) 'lakehouse_bronze_silver_gold' retrieved from /opt/airflow/dags/lakehouse_bsg_dag.py
[2026-02-18T23:13:43.079+0000] {logging_mixin.py:188} INFO - [2026-02-18T23:13:43.079+0000] {dag.py:3089} INFO - Sync 1 DAGs
[2026-02-18T23:13:43.089+0000] {logging_mixin.py:188} INFO - [2026-02-18T23:13:43.089+0000] {dag.py:3947} INFO - Setting next_dagrun for lakehouse_bronze_silver_gold to None, run_after=None
[2026-02-18T23:13:43.105+0000] {processor.py:183} INFO - Processing /opt/airflow/dags/lakehouse_bsg_dag.py took 0.076 seconds
[2026-02-18T23:14:16.608+0000] {processor.py:161} INFO - Started process (PID=3814) to work on /opt/airflow/dags/lakehouse_bsg_dag.py
[2026-02-18T23:14:16.609+0000] {processor.py:830} INFO - Processing file /opt/airflow/dags/lakehouse_bsg_dag.py for tasks to queue
[2026-02-18T23:14:16.611+0000] {logging_mixin.py:188} INFO - [2026-02-18T23:14:16.611+0000] {dagbag.py:545} INFO - Filling up the DagBag from /opt/airflow/dags/lakehouse_bsg_dag.py
[2026-02-18T23:14:16.627+0000] {processor.py:840} INFO - DAG(s) 'lakehouse_bronze_silver_gold' retrieved from /opt/airflow/dags/lakehouse_bsg_dag.py
[2026-02-18T23:14:16.653+0000] {logging_mixin.py:188} INFO - [2026-02-18T23:14:16.652+0000] {dag.py:3089} INFO - Sync 1 DAGs
[2026-02-18T23:14:16.663+0000] {logging_mixin.py:188} INFO - [2026-02-18T23:14:16.663+0000] {dag.py:3947} INFO - Setting next_dagrun for lakehouse_bronze_silver_gold to None, run_after=None
[2026-02-18T23:14:16.677+0000] {processor.py:183} INFO - Processing /opt/airflow/dags/lakehouse_bsg_dag.py took 0.073 seconds
[2026-02-18T23:14:50.092+0000] {processor.py:161} INFO - Started process (PID=3819) to work on /opt/airflow/dags/lakehouse_bsg_dag.py
[2026-02-18T23:14:50.093+0000] {processor.py:830} INFO - Processing file /opt/airflow/dags/lakehouse_bsg_dag.py for tasks to queue
[2026-02-18T23:14:50.096+0000] {logging_mixin.py:188} INFO - [2026-02-18T23:14:50.095+0000] {dagbag.py:545} INFO - Filling up the DagBag from /opt/airflow/dags/lakehouse_bsg_dag.py
[2026-02-18T23:14:50.114+0000] {processor.py:840} INFO - DAG(s) 'lakehouse_bronze_silver_gold' retrieved from /opt/airflow/dags/lakehouse_bsg_dag.py
[2026-02-18T23:14:50.140+0000] {logging_mixin.py:188} INFO - [2026-02-18T23:14:50.140+0000] {dag.py:3089} INFO - Sync 1 DAGs
[2026-02-18T23:14:50.149+0000] {logging_mixin.py:188} INFO - [2026-02-18T23:14:50.149+0000] {dag.py:3947} INFO - Setting next_dagrun for lakehouse_bronze_silver_gold to None, run_after=None
[2026-02-18T23:14:50.165+0000] {processor.py:183} INFO - Processing /opt/airflow/dags/lakehouse_bsg_dag.py took 0.076 seconds
[2026-02-18T23:15:23.628+0000] {processor.py:161} INFO - Started process (PID=3824) to work on /opt/airflow/dags/lakehouse_bsg_dag.py
[2026-02-18T23:15:23.630+0000] {processor.py:830} INFO - Processing file /opt/airflow/dags/lakehouse_bsg_dag.py for tasks to queue
[2026-02-18T23:15:23.632+0000] {logging_mixin.py:188} INFO - [2026-02-18T23:15:23.632+0000] {dagbag.py:545} INFO - Filling up the DagBag from /opt/airflow/dags/lakehouse_bsg_dag.py
[2026-02-18T23:15:23.651+0000] {processor.py:840} INFO - DAG(s) 'lakehouse_bronze_silver_gold' retrieved from /opt/airflow/dags/lakehouse_bsg_dag.py
[2026-02-18T23:15:23.677+0000] {logging_mixin.py:188} INFO - [2026-02-18T23:15:23.677+0000] {dag.py:3089} INFO - Sync 1 DAGs
[2026-02-18T23:15:23.687+0000] {logging_mixin.py:188} INFO - [2026-02-18T23:15:23.687+0000] {dag.py:3947} INFO - Setting next_dagrun for lakehouse_bronze_silver_gold to None, run_after=None
[2026-02-18T23:15:23.703+0000] {processor.py:183} INFO - Processing /opt/airflow/dags/lakehouse_bsg_dag.py took 0.079 seconds
[2026-02-18T23:15:54.435+0000] {processor.py:161} INFO - Started process (PID=3829) to work on /opt/airflow/dags/lakehouse_bsg_dag.py
[2026-02-18T23:15:54.436+0000] {processor.py:830} INFO - Processing file /opt/airflow/dags/lakehouse_bsg_dag.py for tasks to queue
[2026-02-18T23:15:54.438+0000] {logging_mixin.py:188} INFO - [2026-02-18T23:15:54.438+0000] {dagbag.py:545} INFO - Filling up the DagBag from /opt/airflow/dags/lakehouse_bsg_dag.py
[2026-02-18T23:15:54.454+0000] {processor.py:840} INFO - DAG(s) 'lakehouse_bronze_silver_gold' retrieved from /opt/airflow/dags/lakehouse_bsg_dag.py
[2026-02-18T23:15:54.480+0000] {logging_mixin.py:188} INFO - [2026-02-18T23:15:54.480+0000] {dag.py:3089} INFO - Sync 1 DAGs
[2026-02-18T23:15:54.490+0000] {logging_mixin.py:188} INFO - [2026-02-18T23:15:54.490+0000] {dag.py:3947} INFO - Setting next_dagrun for lakehouse_bronze_silver_gold to None, run_after=None
[2026-02-18T23:15:54.505+0000] {processor.py:183} INFO - Processing /opt/airflow/dags/lakehouse_bsg_dag.py took 0.075 seconds
[2026-02-18T23:16:24.971+0000] {processor.py:161} INFO - Started process (PID=3834) to work on /opt/airflow/dags/lakehouse_bsg_dag.py
[2026-02-18T23:16:24.973+0000] {processor.py:830} INFO - Processing file /opt/airflow/dags/lakehouse_bsg_dag.py for tasks to queue
[2026-02-18T23:16:24.976+0000] {logging_mixin.py:188} INFO - [2026-02-18T23:16:24.976+0000] {dagbag.py:545} INFO - Filling up the DagBag from /opt/airflow/dags/lakehouse_bsg_dag.py
[2026-02-18T23:16:24.999+0000] {processor.py:840} INFO - DAG(s) 'lakehouse_bronze_silver_gold' retrieved from /opt/airflow/dags/lakehouse_bsg_dag.py
[2026-02-18T23:16:25.035+0000] {logging_mixin.py:188} INFO - [2026-02-18T23:16:25.034+0000] {dag.py:3089} INFO - Sync 1 DAGs
[2026-02-18T23:16:25.051+0000] {logging_mixin.py:188} INFO - [2026-02-18T23:16:25.051+0000] {dag.py:3947} INFO - Setting next_dagrun for lakehouse_bronze_silver_gold to None, run_after=None
[2026-02-18T23:16:25.066+0000] {processor.py:183} INFO - Processing /opt/airflow/dags/lakehouse_bsg_dag.py took 0.101 seconds
[2026-02-18T23:16:55.826+0000] {processor.py:161} INFO - Started process (PID=3839) to work on /opt/airflow/dags/lakehouse_bsg_dag.py
[2026-02-18T23:16:55.827+0000] {processor.py:830} INFO - Processing file /opt/airflow/dags/lakehouse_bsg_dag.py for tasks to queue
[2026-02-18T23:16:55.828+0000] {logging_mixin.py:188} INFO - [2026-02-18T23:16:55.828+0000] {dagbag.py:545} INFO - Filling up the DagBag from /opt/airflow/dags/lakehouse_bsg_dag.py
[2026-02-18T23:16:55.845+0000] {processor.py:840} INFO - DAG(s) 'lakehouse_bronze_silver_gold' retrieved from /opt/airflow/dags/lakehouse_bsg_dag.py
[2026-02-18T23:16:55.868+0000] {logging_mixin.py:188} INFO - [2026-02-18T23:16:55.868+0000] {dag.py:3089} INFO - Sync 1 DAGs
[2026-02-18T23:16:55.878+0000] {logging_mixin.py:188} INFO - [2026-02-18T23:16:55.878+0000] {dag.py:3947} INFO - Setting next_dagrun for lakehouse_bronze_silver_gold to None, run_after=None
[2026-02-18T23:16:55.894+0000] {processor.py:183} INFO - Processing /opt/airflow/dags/lakehouse_bsg_dag.py took 0.073 seconds
[2026-02-18T23:17:26.353+0000] {processor.py:161} INFO - Started process (PID=3844) to work on /opt/airflow/dags/lakehouse_bsg_dag.py
[2026-02-18T23:17:26.354+0000] {processor.py:830} INFO - Processing file /opt/airflow/dags/lakehouse_bsg_dag.py for tasks to queue
[2026-02-18T23:17:26.355+0000] {logging_mixin.py:188} INFO - [2026-02-18T23:17:26.355+0000] {dagbag.py:545} INFO - Filling up the DagBag from /opt/airflow/dags/lakehouse_bsg_dag.py
[2026-02-18T23:17:26.372+0000] {processor.py:840} INFO - DAG(s) 'lakehouse_bronze_silver_gold' retrieved from /opt/airflow/dags/lakehouse_bsg_dag.py
[2026-02-18T23:17:26.415+0000] {logging_mixin.py:188} INFO - [2026-02-18T23:17:26.415+0000] {dag.py:3089} INFO - Sync 1 DAGs
[2026-02-18T23:17:26.425+0000] {logging_mixin.py:188} INFO - [2026-02-18T23:17:26.425+0000] {dag.py:3947} INFO - Setting next_dagrun for lakehouse_bronze_silver_gold to None, run_after=None
[2026-02-18T23:17:26.441+0000] {processor.py:183} INFO - Processing /opt/airflow/dags/lakehouse_bsg_dag.py took 0.093 seconds
[2026-02-18T23:17:56.841+0000] {processor.py:161} INFO - Started process (PID=3849) to work on /opt/airflow/dags/lakehouse_bsg_dag.py
[2026-02-18T23:17:56.842+0000] {processor.py:830} INFO - Processing file /opt/airflow/dags/lakehouse_bsg_dag.py for tasks to queue
[2026-02-18T23:17:56.844+0000] {logging_mixin.py:188} INFO - [2026-02-18T23:17:56.843+0000] {dagbag.py:545} INFO - Filling up the DagBag from /opt/airflow/dags/lakehouse_bsg_dag.py
[2026-02-18T23:17:56.858+0000] {processor.py:840} INFO - DAG(s) 'lakehouse_bronze_silver_gold' retrieved from /opt/airflow/dags/lakehouse_bsg_dag.py
[2026-02-18T23:17:56.882+0000] {logging_mixin.py:188} INFO - [2026-02-18T23:17:56.882+0000] {dag.py:3089} INFO - Sync 1 DAGs
[2026-02-18T23:17:56.892+0000] {logging_mixin.py:188} INFO - [2026-02-18T23:17:56.892+0000] {dag.py:3947} INFO - Setting next_dagrun for lakehouse_bronze_silver_gold to None, run_after=None
[2026-02-18T23:17:56.906+0000] {processor.py:183} INFO - Processing /opt/airflow/dags/lakehouse_bsg_dag.py took 0.069 seconds
[2026-02-18T23:18:27.371+0000] {processor.py:161} INFO - Started process (PID=3854) to work on /opt/airflow/dags/lakehouse_bsg_dag.py
[2026-02-18T23:18:27.372+0000] {processor.py:830} INFO - Processing file /opt/airflow/dags/lakehouse_bsg_dag.py for tasks to queue
[2026-02-18T23:18:27.374+0000] {logging_mixin.py:188} INFO - [2026-02-18T23:18:27.374+0000] {dagbag.py:545} INFO - Filling up the DagBag from /opt/airflow/dags/lakehouse_bsg_dag.py
[2026-02-18T23:18:27.389+0000] {processor.py:840} INFO - DAG(s) 'lakehouse_bronze_silver_gold' retrieved from /opt/airflow/dags/lakehouse_bsg_dag.py
[2026-02-18T23:18:27.412+0000] {logging_mixin.py:188} INFO - [2026-02-18T23:18:27.412+0000] {dag.py:3089} INFO - Sync 1 DAGs
[2026-02-18T23:18:27.422+0000] {logging_mixin.py:188} INFO - [2026-02-18T23:18:27.421+0000] {dag.py:3947} INFO - Setting next_dagrun for lakehouse_bronze_silver_gold to None, run_after=None
[2026-02-18T23:18:27.437+0000] {processor.py:183} INFO - Processing /opt/airflow/dags/lakehouse_bsg_dag.py took 0.071 seconds
[2026-02-18T23:18:57.843+0000] {processor.py:161} INFO - Started process (PID=3859) to work on /opt/airflow/dags/lakehouse_bsg_dag.py
[2026-02-18T23:18:57.844+0000] {processor.py:830} INFO - Processing file /opt/airflow/dags/lakehouse_bsg_dag.py for tasks to queue
[2026-02-18T23:18:57.846+0000] {logging_mixin.py:188} INFO - [2026-02-18T23:18:57.846+0000] {dagbag.py:545} INFO - Filling up the DagBag from /opt/airflow/dags/lakehouse_bsg_dag.py
[2026-02-18T23:18:57.861+0000] {processor.py:840} INFO - DAG(s) 'lakehouse_bronze_silver_gold' retrieved from /opt/airflow/dags/lakehouse_bsg_dag.py
[2026-02-18T23:18:57.882+0000] {logging_mixin.py:188} INFO - [2026-02-18T23:18:57.882+0000] {dag.py:3089} INFO - Sync 1 DAGs
[2026-02-18T23:18:57.891+0000] {logging_mixin.py:188} INFO - [2026-02-18T23:18:57.891+0000] {dag.py:3947} INFO - Setting next_dagrun for lakehouse_bronze_silver_gold to None, run_after=None
[2026-02-18T23:18:57.909+0000] {processor.py:183} INFO - Processing /opt/airflow/dags/lakehouse_bsg_dag.py took 0.070 seconds
[2026-02-18T23:19:28.414+0000] {processor.py:161} INFO - Started process (PID=3864) to work on /opt/airflow/dags/lakehouse_bsg_dag.py
[2026-02-18T23:19:28.414+0000] {processor.py:830} INFO - Processing file /opt/airflow/dags/lakehouse_bsg_dag.py for tasks to queue
[2026-02-18T23:19:28.416+0000] {logging_mixin.py:188} INFO - [2026-02-18T23:19:28.415+0000] {dagbag.py:545} INFO - Filling up the DagBag from /opt/airflow/dags/lakehouse_bsg_dag.py
[2026-02-18T23:19:28.429+0000] {processor.py:840} INFO - DAG(s) 'lakehouse_bronze_silver_gold' retrieved from /opt/airflow/dags/lakehouse_bsg_dag.py
[2026-02-18T23:19:28.453+0000] {logging_mixin.py:188} INFO - [2026-02-18T23:19:28.453+0000] {dag.py:3089} INFO - Sync 1 DAGs
[2026-02-18T23:19:28.463+0000] {logging_mixin.py:188} INFO - [2026-02-18T23:19:28.462+0000] {dag.py:3947} INFO - Setting next_dagrun for lakehouse_bronze_silver_gold to None, run_after=None
[2026-02-18T23:19:28.478+0000] {processor.py:183} INFO - Processing /opt/airflow/dags/lakehouse_bsg_dag.py took 0.068 seconds
[2026-02-18T23:19:59.052+0000] {processor.py:161} INFO - Started process (PID=3869) to work on /opt/airflow/dags/lakehouse_bsg_dag.py
[2026-02-18T23:19:59.053+0000] {processor.py:830} INFO - Processing file /opt/airflow/dags/lakehouse_bsg_dag.py for tasks to queue
[2026-02-18T23:19:59.055+0000] {logging_mixin.py:188} INFO - [2026-02-18T23:19:59.055+0000] {dagbag.py:545} INFO - Filling up the DagBag from /opt/airflow/dags/lakehouse_bsg_dag.py
[2026-02-18T23:19:59.073+0000] {processor.py:840} INFO - DAG(s) 'lakehouse_bronze_silver_gold' retrieved from /opt/airflow/dags/lakehouse_bsg_dag.py
[2026-02-18T23:19:59.098+0000] {logging_mixin.py:188} INFO - [2026-02-18T23:19:59.098+0000] {dag.py:3089} INFO - Sync 1 DAGs
[2026-02-18T23:19:59.108+0000] {logging_mixin.py:188} INFO - [2026-02-18T23:19:59.108+0000] {dag.py:3947} INFO - Setting next_dagrun for lakehouse_bronze_silver_gold to None, run_after=None
[2026-02-18T23:19:59.124+0000] {processor.py:183} INFO - Processing /opt/airflow/dags/lakehouse_bsg_dag.py took 0.077 seconds
[2026-02-18T23:20:29.399+0000] {processor.py:161} INFO - Started process (PID=3874) to work on /opt/airflow/dags/lakehouse_bsg_dag.py
[2026-02-18T23:20:29.400+0000] {processor.py:830} INFO - Processing file /opt/airflow/dags/lakehouse_bsg_dag.py for tasks to queue
[2026-02-18T23:20:29.401+0000] {logging_mixin.py:188} INFO - [2026-02-18T23:20:29.401+0000] {dagbag.py:545} INFO - Filling up the DagBag from /opt/airflow/dags/lakehouse_bsg_dag.py
[2026-02-18T23:20:29.418+0000] {processor.py:840} INFO - DAG(s) 'lakehouse_bronze_silver_gold' retrieved from /opt/airflow/dags/lakehouse_bsg_dag.py
[2026-02-18T23:20:29.443+0000] {logging_mixin.py:188} INFO - [2026-02-18T23:20:29.443+0000] {dag.py:3089} INFO - Sync 1 DAGs
[2026-02-18T23:20:29.453+0000] {logging_mixin.py:188} INFO - [2026-02-18T23:20:29.453+0000] {dag.py:3947} INFO - Setting next_dagrun for lakehouse_bronze_silver_gold to None, run_after=None
[2026-02-18T23:20:29.471+0000] {processor.py:183} INFO - Processing /opt/airflow/dags/lakehouse_bsg_dag.py took 0.076 seconds
[2026-02-18T23:20:59.857+0000] {processor.py:161} INFO - Started process (PID=3879) to work on /opt/airflow/dags/lakehouse_bsg_dag.py
[2026-02-18T23:20:59.858+0000] {processor.py:830} INFO - Processing file /opt/airflow/dags/lakehouse_bsg_dag.py for tasks to queue
[2026-02-18T23:20:59.860+0000] {logging_mixin.py:188} INFO - [2026-02-18T23:20:59.860+0000] {dagbag.py:545} INFO - Filling up the DagBag from /opt/airflow/dags/lakehouse_bsg_dag.py
[2026-02-18T23:20:59.875+0000] {processor.py:840} INFO - DAG(s) 'lakehouse_bronze_silver_gold' retrieved from /opt/airflow/dags/lakehouse_bsg_dag.py
[2026-02-18T23:20:59.902+0000] {logging_mixin.py:188} INFO - [2026-02-18T23:20:59.902+0000] {dag.py:3089} INFO - Sync 1 DAGs
[2026-02-18T23:20:59.912+0000] {logging_mixin.py:188} INFO - [2026-02-18T23:20:59.912+0000] {dag.py:3947} INFO - Setting next_dagrun for lakehouse_bronze_silver_gold to None, run_after=None
[2026-02-18T23:20:59.929+0000] {processor.py:183} INFO - Processing /opt/airflow/dags/lakehouse_bsg_dag.py took 0.077 seconds
[2026-02-18T23:21:30.384+0000] {processor.py:161} INFO - Started process (PID=3884) to work on /opt/airflow/dags/lakehouse_bsg_dag.py
[2026-02-18T23:21:30.386+0000] {processor.py:830} INFO - Processing file /opt/airflow/dags/lakehouse_bsg_dag.py for tasks to queue
[2026-02-18T23:21:30.388+0000] {logging_mixin.py:188} INFO - [2026-02-18T23:21:30.387+0000] {dagbag.py:545} INFO - Filling up the DagBag from /opt/airflow/dags/lakehouse_bsg_dag.py
[2026-02-18T23:21:30.405+0000] {processor.py:840} INFO - DAG(s) 'lakehouse_bronze_silver_gold' retrieved from /opt/airflow/dags/lakehouse_bsg_dag.py
[2026-02-18T23:21:30.430+0000] {logging_mixin.py:188} INFO - [2026-02-18T23:21:30.430+0000] {dag.py:3089} INFO - Sync 1 DAGs
[2026-02-18T23:21:30.440+0000] {logging_mixin.py:188} INFO - [2026-02-18T23:21:30.440+0000] {dag.py:3947} INFO - Setting next_dagrun for lakehouse_bronze_silver_gold to None, run_after=None
[2026-02-18T23:21:30.456+0000] {processor.py:183} INFO - Processing /opt/airflow/dags/lakehouse_bsg_dag.py took 0.076 seconds
[2026-02-18T23:22:02.854+0000] {processor.py:161} INFO - Started process (PID=3889) to work on /opt/airflow/dags/lakehouse_bsg_dag.py
[2026-02-18T23:22:02.855+0000] {processor.py:830} INFO - Processing file /opt/airflow/dags/lakehouse_bsg_dag.py for tasks to queue
[2026-02-18T23:22:02.857+0000] {logging_mixin.py:188} INFO - [2026-02-18T23:22:02.857+0000] {dagbag.py:545} INFO - Filling up the DagBag from /opt/airflow/dags/lakehouse_bsg_dag.py
[2026-02-18T23:22:02.871+0000] {processor.py:840} INFO - DAG(s) 'lakehouse_bronze_silver_gold' retrieved from /opt/airflow/dags/lakehouse_bsg_dag.py
[2026-02-18T23:22:02.894+0000] {logging_mixin.py:188} INFO - [2026-02-18T23:22:02.894+0000] {dag.py:3089} INFO - Sync 1 DAGs
[2026-02-18T23:22:02.903+0000] {logging_mixin.py:188} INFO - [2026-02-18T23:22:02.903+0000] {dag.py:3947} INFO - Setting next_dagrun for lakehouse_bronze_silver_gold to None, run_after=None
[2026-02-18T23:22:02.916+0000] {processor.py:183} INFO - Processing /opt/airflow/dags/lakehouse_bsg_dag.py took 0.066 seconds
[2026-02-18T23:22:36.412+0000] {processor.py:161} INFO - Started process (PID=3894) to work on /opt/airflow/dags/lakehouse_bsg_dag.py
[2026-02-18T23:22:36.414+0000] {processor.py:830} INFO - Processing file /opt/airflow/dags/lakehouse_bsg_dag.py for tasks to queue
[2026-02-18T23:22:36.415+0000] {logging_mixin.py:188} INFO - [2026-02-18T23:22:36.415+0000] {dagbag.py:545} INFO - Filling up the DagBag from /opt/airflow/dags/lakehouse_bsg_dag.py
[2026-02-18T23:22:36.438+0000] {processor.py:840} INFO - DAG(s) 'lakehouse_bronze_silver_gold' retrieved from /opt/airflow/dags/lakehouse_bsg_dag.py
[2026-02-18T23:22:36.464+0000] {logging_mixin.py:188} INFO - [2026-02-18T23:22:36.464+0000] {dag.py:3089} INFO - Sync 1 DAGs
[2026-02-18T23:22:36.473+0000] {logging_mixin.py:188} INFO - [2026-02-18T23:22:36.473+0000] {dag.py:3947} INFO - Setting next_dagrun for lakehouse_bronze_silver_gold to None, run_after=None
[2026-02-18T23:22:36.487+0000] {processor.py:183} INFO - Processing /opt/airflow/dags/lakehouse_bsg_dag.py took 0.080 seconds
[2026-02-18T23:23:09.898+0000] {processor.py:161} INFO - Started process (PID=3899) to work on /opt/airflow/dags/lakehouse_bsg_dag.py
[2026-02-18T23:23:09.899+0000] {processor.py:830} INFO - Processing file /opt/airflow/dags/lakehouse_bsg_dag.py for tasks to queue
[2026-02-18T23:23:09.901+0000] {logging_mixin.py:188} INFO - [2026-02-18T23:23:09.900+0000] {dagbag.py:545} INFO - Filling up the DagBag from /opt/airflow/dags/lakehouse_bsg_dag.py
[2026-02-18T23:23:09.917+0000] {processor.py:840} INFO - DAG(s) 'lakehouse_bronze_silver_gold' retrieved from /opt/airflow/dags/lakehouse_bsg_dag.py
[2026-02-18T23:23:09.943+0000] {logging_mixin.py:188} INFO - [2026-02-18T23:23:09.943+0000] {dag.py:3089} INFO - Sync 1 DAGs
[2026-02-18T23:23:09.954+0000] {logging_mixin.py:188} INFO - [2026-02-18T23:23:09.954+0000] {dag.py:3947} INFO - Setting next_dagrun for lakehouse_bronze_silver_gold to None, run_after=None
[2026-02-18T23:23:09.970+0000] {processor.py:183} INFO - Processing /opt/airflow/dags/lakehouse_bsg_dag.py took 0.078 seconds
[2026-02-18T23:23:43.243+0000] {processor.py:161} INFO - Started process (PID=3904) to work on /opt/airflow/dags/lakehouse_bsg_dag.py
[2026-02-18T23:23:43.244+0000] {processor.py:830} INFO - Processing file /opt/airflow/dags/lakehouse_bsg_dag.py for tasks to queue
[2026-02-18T23:23:43.247+0000] {logging_mixin.py:188} INFO - [2026-02-18T23:23:43.246+0000] {dagbag.py:545} INFO - Filling up the DagBag from /opt/airflow/dags/lakehouse_bsg_dag.py
[2026-02-18T23:23:43.264+0000] {processor.py:840} INFO - DAG(s) 'lakehouse_bronze_silver_gold' retrieved from /opt/airflow/dags/lakehouse_bsg_dag.py
[2026-02-18T23:23:43.289+0000] {logging_mixin.py:188} INFO - [2026-02-18T23:23:43.289+0000] {dag.py:3089} INFO - Sync 1 DAGs
[2026-02-18T23:23:43.299+0000] {logging_mixin.py:188} INFO - [2026-02-18T23:23:43.299+0000] {dag.py:3947} INFO - Setting next_dagrun for lakehouse_bronze_silver_gold to None, run_after=None
[2026-02-18T23:23:43.314+0000] {processor.py:183} INFO - Processing /opt/airflow/dags/lakehouse_bsg_dag.py took 0.076 seconds
[2026-02-18T23:24:16.414+0000] {processor.py:161} INFO - Started process (PID=3909) to work on /opt/airflow/dags/lakehouse_bsg_dag.py
[2026-02-18T23:24:16.418+0000] {processor.py:830} INFO - Processing file /opt/airflow/dags/lakehouse_bsg_dag.py for tasks to queue
[2026-02-18T23:24:16.422+0000] {logging_mixin.py:188} INFO - [2026-02-18T23:24:16.422+0000] {dagbag.py:545} INFO - Filling up the DagBag from /opt/airflow/dags/lakehouse_bsg_dag.py
[2026-02-18T23:24:16.447+0000] {processor.py:840} INFO - DAG(s) 'lakehouse_bronze_silver_gold' retrieved from /opt/airflow/dags/lakehouse_bsg_dag.py
[2026-02-18T23:24:16.480+0000] {logging_mixin.py:188} INFO - [2026-02-18T23:24:16.479+0000] {dag.py:3089} INFO - Sync 1 DAGs
[2026-02-18T23:24:16.492+0000] {logging_mixin.py:188} INFO - [2026-02-18T23:24:16.491+0000] {dag.py:3947} INFO - Setting next_dagrun for lakehouse_bronze_silver_gold to None, run_after=None
[2026-02-18T23:24:16.507+0000] {processor.py:183} INFO - Processing /opt/airflow/dags/lakehouse_bsg_dag.py took 0.100 seconds
[2026-02-18T23:24:48.567+0000] {processor.py:161} INFO - Started process (PID=3914) to work on /opt/airflow/dags/lakehouse_bsg_dag.py
[2026-02-18T23:24:48.568+0000] {processor.py:830} INFO - Processing file /opt/airflow/dags/lakehouse_bsg_dag.py for tasks to queue
[2026-02-18T23:24:48.569+0000] {logging_mixin.py:188} INFO - [2026-02-18T23:24:48.569+0000] {dagbag.py:545} INFO - Filling up the DagBag from /opt/airflow/dags/lakehouse_bsg_dag.py
[2026-02-18T23:24:48.584+0000] {processor.py:840} INFO - DAG(s) 'lakehouse_bronze_silver_gold' retrieved from /opt/airflow/dags/lakehouse_bsg_dag.py
[2026-02-18T23:24:48.607+0000] {logging_mixin.py:188} INFO - [2026-02-18T23:24:48.607+0000] {dag.py:3089} INFO - Sync 1 DAGs
[2026-02-18T23:24:48.617+0000] {logging_mixin.py:188} INFO - [2026-02-18T23:24:48.616+0000] {dag.py:3947} INFO - Setting next_dagrun for lakehouse_bronze_silver_gold to None, run_after=None
[2026-02-18T23:24:48.633+0000] {processor.py:183} INFO - Processing /opt/airflow/dags/lakehouse_bsg_dag.py took 0.070 seconds
[2026-02-18T23:25:21.773+0000] {processor.py:161} INFO - Started process (PID=3919) to work on /opt/airflow/dags/lakehouse_bsg_dag.py
[2026-02-18T23:25:21.774+0000] {processor.py:830} INFO - Processing file /opt/airflow/dags/lakehouse_bsg_dag.py for tasks to queue
[2026-02-18T23:25:21.777+0000] {logging_mixin.py:188} INFO - [2026-02-18T23:25:21.776+0000] {dagbag.py:545} INFO - Filling up the DagBag from /opt/airflow/dags/lakehouse_bsg_dag.py
[2026-02-18T23:25:21.792+0000] {processor.py:840} INFO - DAG(s) 'lakehouse_bronze_silver_gold' retrieved from /opt/airflow/dags/lakehouse_bsg_dag.py
[2026-02-18T23:25:21.816+0000] {logging_mixin.py:188} INFO - [2026-02-18T23:25:21.816+0000] {dag.py:3089} INFO - Sync 1 DAGs
[2026-02-18T23:25:21.826+0000] {logging_mixin.py:188} INFO - [2026-02-18T23:25:21.826+0000] {dag.py:3947} INFO - Setting next_dagrun for lakehouse_bronze_silver_gold to None, run_after=None
[2026-02-18T23:25:21.843+0000] {processor.py:183} INFO - Processing /opt/airflow/dags/lakehouse_bsg_dag.py took 0.075 seconds
[2026-02-18T23:25:55.145+0000] {processor.py:161} INFO - Started process (PID=3924) to work on /opt/airflow/dags/lakehouse_bsg_dag.py
[2026-02-18T23:25:55.145+0000] {processor.py:830} INFO - Processing file /opt/airflow/dags/lakehouse_bsg_dag.py for tasks to queue
[2026-02-18T23:25:55.147+0000] {logging_mixin.py:188} INFO - [2026-02-18T23:25:55.147+0000] {dagbag.py:545} INFO - Filling up the DagBag from /opt/airflow/dags/lakehouse_bsg_dag.py
[2026-02-18T23:25:55.162+0000] {processor.py:840} INFO - DAG(s) 'lakehouse_bronze_silver_gold' retrieved from /opt/airflow/dags/lakehouse_bsg_dag.py
[2026-02-18T23:25:55.186+0000] {logging_mixin.py:188} INFO - [2026-02-18T23:25:55.185+0000] {dag.py:3089} INFO - Sync 1 DAGs
[2026-02-18T23:25:55.195+0000] {logging_mixin.py:188} INFO - [2026-02-18T23:25:55.195+0000] {dag.py:3947} INFO - Setting next_dagrun for lakehouse_bronze_silver_gold to None, run_after=None
[2026-02-18T23:25:55.211+0000] {processor.py:183} INFO - Processing /opt/airflow/dags/lakehouse_bsg_dag.py took 0.071 seconds
[2026-02-18T23:26:28.697+0000] {processor.py:161} INFO - Started process (PID=3929) to work on /opt/airflow/dags/lakehouse_bsg_dag.py
[2026-02-18T23:26:28.698+0000] {processor.py:830} INFO - Processing file /opt/airflow/dags/lakehouse_bsg_dag.py for tasks to queue
[2026-02-18T23:26:28.700+0000] {logging_mixin.py:188} INFO - [2026-02-18T23:26:28.700+0000] {dagbag.py:545} INFO - Filling up the DagBag from /opt/airflow/dags/lakehouse_bsg_dag.py
[2026-02-18T23:26:28.725+0000] {processor.py:840} INFO - DAG(s) 'lakehouse_bronze_silver_gold' retrieved from /opt/airflow/dags/lakehouse_bsg_dag.py
[2026-02-18T23:26:28.757+0000] {logging_mixin.py:188} INFO - [2026-02-18T23:26:28.757+0000] {dag.py:3089} INFO - Sync 1 DAGs
[2026-02-18T23:26:28.769+0000] {logging_mixin.py:188} INFO - [2026-02-18T23:26:28.769+0000] {dag.py:3947} INFO - Setting next_dagrun for lakehouse_bronze_silver_gold to None, run_after=None
[2026-02-18T23:26:28.788+0000] {processor.py:183} INFO - Processing /opt/airflow/dags/lakehouse_bsg_dag.py took 0.097 seconds
[2026-02-18T23:27:02.186+0000] {processor.py:161} INFO - Started process (PID=3934) to work on /opt/airflow/dags/lakehouse_bsg_dag.py
[2026-02-18T23:27:02.187+0000] {processor.py:830} INFO - Processing file /opt/airflow/dags/lakehouse_bsg_dag.py for tasks to queue
[2026-02-18T23:27:02.189+0000] {logging_mixin.py:188} INFO - [2026-02-18T23:27:02.188+0000] {dagbag.py:545} INFO - Filling up the DagBag from /opt/airflow/dags/lakehouse_bsg_dag.py
[2026-02-18T23:27:02.206+0000] {processor.py:840} INFO - DAG(s) 'lakehouse_bronze_silver_gold' retrieved from /opt/airflow/dags/lakehouse_bsg_dag.py
[2026-02-18T23:27:02.233+0000] {logging_mixin.py:188} INFO - [2026-02-18T23:27:02.233+0000] {dag.py:3089} INFO - Sync 1 DAGs
[2026-02-18T23:27:02.243+0000] {logging_mixin.py:188} INFO - [2026-02-18T23:27:02.243+0000] {dag.py:3947} INFO - Setting next_dagrun for lakehouse_bronze_silver_gold to None, run_after=None
[2026-02-18T23:27:02.260+0000] {processor.py:183} INFO - Processing /opt/airflow/dags/lakehouse_bsg_dag.py took 0.079 seconds
[2026-02-18T23:27:34.762+0000] {processor.py:161} INFO - Started process (PID=3939) to work on /opt/airflow/dags/lakehouse_bsg_dag.py
[2026-02-18T23:27:34.763+0000] {processor.py:830} INFO - Processing file /opt/airflow/dags/lakehouse_bsg_dag.py for tasks to queue
[2026-02-18T23:27:34.764+0000] {logging_mixin.py:188} INFO - [2026-02-18T23:27:34.764+0000] {dagbag.py:545} INFO - Filling up the DagBag from /opt/airflow/dags/lakehouse_bsg_dag.py
[2026-02-18T23:27:34.783+0000] {processor.py:840} INFO - DAG(s) 'lakehouse_bronze_silver_gold' retrieved from /opt/airflow/dags/lakehouse_bsg_dag.py
[2026-02-18T23:27:34.809+0000] {logging_mixin.py:188} INFO - [2026-02-18T23:27:34.808+0000] {dag.py:3089} INFO - Sync 1 DAGs
[2026-02-18T23:27:34.820+0000] {logging_mixin.py:188} INFO - [2026-02-18T23:27:34.820+0000] {dag.py:3947} INFO - Setting next_dagrun for lakehouse_bronze_silver_gold to None, run_after=None
[2026-02-18T23:27:34.839+0000] {processor.py:183} INFO - Processing /opt/airflow/dags/lakehouse_bsg_dag.py took 0.082 seconds
[2026-02-18T23:28:08.258+0000] {processor.py:161} INFO - Started process (PID=3944) to work on /opt/airflow/dags/lakehouse_bsg_dag.py
[2026-02-18T23:28:08.260+0000] {processor.py:830} INFO - Processing file /opt/airflow/dags/lakehouse_bsg_dag.py for tasks to queue
[2026-02-18T23:28:08.262+0000] {logging_mixin.py:188} INFO - [2026-02-18T23:28:08.262+0000] {dagbag.py:545} INFO - Filling up the DagBag from /opt/airflow/dags/lakehouse_bsg_dag.py
[2026-02-18T23:28:08.282+0000] {processor.py:840} INFO - DAG(s) 'lakehouse_bronze_silver_gold' retrieved from /opt/airflow/dags/lakehouse_bsg_dag.py
[2026-02-18T23:28:08.309+0000] {logging_mixin.py:188} INFO - [2026-02-18T23:28:08.309+0000] {dag.py:3089} INFO - Sync 1 DAGs
[2026-02-18T23:28:08.319+0000] {logging_mixin.py:188} INFO - [2026-02-18T23:28:08.318+0000] {dag.py:3947} INFO - Setting next_dagrun for lakehouse_bronze_silver_gold to None, run_after=None
[2026-02-18T23:28:08.336+0000] {processor.py:183} INFO - Processing /opt/airflow/dags/lakehouse_bsg_dag.py took 0.082 seconds
[2026-02-18T23:28:41.839+0000] {processor.py:161} INFO - Started process (PID=3949) to work on /opt/airflow/dags/lakehouse_bsg_dag.py
[2026-02-18T23:28:41.840+0000] {processor.py:830} INFO - Processing file /opt/airflow/dags/lakehouse_bsg_dag.py for tasks to queue
[2026-02-18T23:28:41.842+0000] {logging_mixin.py:188} INFO - [2026-02-18T23:28:41.842+0000] {dagbag.py:545} INFO - Filling up the DagBag from /opt/airflow/dags/lakehouse_bsg_dag.py
[2026-02-18T23:28:41.862+0000] {processor.py:840} INFO - DAG(s) 'lakehouse_bronze_silver_gold' retrieved from /opt/airflow/dags/lakehouse_bsg_dag.py
[2026-02-18T23:28:41.895+0000] {logging_mixin.py:188} INFO - [2026-02-18T23:28:41.894+0000] {dag.py:3089} INFO - Sync 1 DAGs
[2026-02-18T23:28:41.905+0000] {logging_mixin.py:188} INFO - [2026-02-18T23:28:41.905+0000] {dag.py:3947} INFO - Setting next_dagrun for lakehouse_bronze_silver_gold to None, run_after=None
[2026-02-18T23:28:41.922+0000] {processor.py:183} INFO - Processing /opt/airflow/dags/lakehouse_bsg_dag.py took 0.088 seconds
[2026-02-18T23:29:15.372+0000] {processor.py:161} INFO - Started process (PID=3954) to work on /opt/airflow/dags/lakehouse_bsg_dag.py
[2026-02-18T23:29:15.373+0000] {processor.py:830} INFO - Processing file /opt/airflow/dags/lakehouse_bsg_dag.py for tasks to queue
[2026-02-18T23:29:15.375+0000] {logging_mixin.py:188} INFO - [2026-02-18T23:29:15.375+0000] {dagbag.py:545} INFO - Filling up the DagBag from /opt/airflow/dags/lakehouse_bsg_dag.py
[2026-02-18T23:29:15.391+0000] {processor.py:840} INFO - DAG(s) 'lakehouse_bronze_silver_gold' retrieved from /opt/airflow/dags/lakehouse_bsg_dag.py
[2026-02-18T23:29:15.415+0000] {logging_mixin.py:188} INFO - [2026-02-18T23:29:15.415+0000] {dag.py:3089} INFO - Sync 1 DAGs
[2026-02-18T23:29:15.424+0000] {logging_mixin.py:188} INFO - [2026-02-18T23:29:15.424+0000] {dag.py:3947} INFO - Setting next_dagrun for lakehouse_bronze_silver_gold to None, run_after=None
[2026-02-18T23:29:15.442+0000] {processor.py:183} INFO - Processing /opt/airflow/dags/lakehouse_bsg_dag.py took 0.075 seconds
[2026-02-18T23:29:48.864+0000] {processor.py:161} INFO - Started process (PID=3959) to work on /opt/airflow/dags/lakehouse_bsg_dag.py
[2026-02-18T23:29:48.865+0000] {processor.py:830} INFO - Processing file /opt/airflow/dags/lakehouse_bsg_dag.py for tasks to queue
[2026-02-18T23:29:48.867+0000] {logging_mixin.py:188} INFO - [2026-02-18T23:29:48.867+0000] {dagbag.py:545} INFO - Filling up the DagBag from /opt/airflow/dags/lakehouse_bsg_dag.py
[2026-02-18T23:29:48.884+0000] {processor.py:840} INFO - DAG(s) 'lakehouse_bronze_silver_gold' retrieved from /opt/airflow/dags/lakehouse_bsg_dag.py
[2026-02-18T23:29:48.913+0000] {logging_mixin.py:188} INFO - [2026-02-18T23:29:48.913+0000] {dag.py:3089} INFO - Sync 1 DAGs
[2026-02-18T23:29:48.925+0000] {logging_mixin.py:188} INFO - [2026-02-18T23:29:48.925+0000] {dag.py:3947} INFO - Setting next_dagrun for lakehouse_bronze_silver_gold to None, run_after=None
[2026-02-18T23:29:48.943+0000] {processor.py:183} INFO - Processing /opt/airflow/dags/lakehouse_bsg_dag.py took 0.085 seconds
[2026-02-18T23:30:21.380+0000] {processor.py:161} INFO - Started process (PID=3964) to work on /opt/airflow/dags/lakehouse_bsg_dag.py
[2026-02-18T23:30:21.381+0000] {processor.py:830} INFO - Processing file /opt/airflow/dags/lakehouse_bsg_dag.py for tasks to queue
[2026-02-18T23:30:21.383+0000] {logging_mixin.py:188} INFO - [2026-02-18T23:30:21.382+0000] {dagbag.py:545} INFO - Filling up the DagBag from /opt/airflow/dags/lakehouse_bsg_dag.py
[2026-02-18T23:30:21.397+0000] {processor.py:840} INFO - DAG(s) 'lakehouse_bronze_silver_gold' retrieved from /opt/airflow/dags/lakehouse_bsg_dag.py
[2026-02-18T23:30:21.422+0000] {logging_mixin.py:188} INFO - [2026-02-18T23:30:21.422+0000] {dag.py:3089} INFO - Sync 1 DAGs
[2026-02-18T23:30:21.432+0000] {logging_mixin.py:188} INFO - [2026-02-18T23:30:21.431+0000] {dag.py:3947} INFO - Setting next_dagrun for lakehouse_bronze_silver_gold to None, run_after=None
[2026-02-18T23:30:21.446+0000] {processor.py:183} INFO - Processing /opt/airflow/dags/lakehouse_bsg_dag.py took 0.072 seconds
[2026-02-18T23:30:54.894+0000] {processor.py:161} INFO - Started process (PID=3969) to work on /opt/airflow/dags/lakehouse_bsg_dag.py
[2026-02-18T23:30:54.895+0000] {processor.py:830} INFO - Processing file /opt/airflow/dags/lakehouse_bsg_dag.py for tasks to queue
[2026-02-18T23:30:54.897+0000] {logging_mixin.py:188} INFO - [2026-02-18T23:30:54.896+0000] {dagbag.py:545} INFO - Filling up the DagBag from /opt/airflow/dags/lakehouse_bsg_dag.py
[2026-02-18T23:30:54.913+0000] {processor.py:840} INFO - DAG(s) 'lakehouse_bronze_silver_gold' retrieved from /opt/airflow/dags/lakehouse_bsg_dag.py
[2026-02-18T23:30:54.938+0000] {logging_mixin.py:188} INFO - [2026-02-18T23:30:54.938+0000] {dag.py:3089} INFO - Sync 1 DAGs
[2026-02-18T23:30:54.950+0000] {logging_mixin.py:188} INFO - [2026-02-18T23:30:54.950+0000] {dag.py:3947} INFO - Setting next_dagrun for lakehouse_bronze_silver_gold to None, run_after=None
[2026-02-18T23:30:54.963+0000] {processor.py:183} INFO - Processing /opt/airflow/dags/lakehouse_bsg_dag.py took 0.076 seconds
[2026-02-18T23:31:28.391+0000] {processor.py:161} INFO - Started process (PID=3974) to work on /opt/airflow/dags/lakehouse_bsg_dag.py
[2026-02-18T23:31:28.392+0000] {processor.py:830} INFO - Processing file /opt/airflow/dags/lakehouse_bsg_dag.py for tasks to queue
[2026-02-18T23:31:28.394+0000] {logging_mixin.py:188} INFO - [2026-02-18T23:31:28.394+0000] {dagbag.py:545} INFO - Filling up the DagBag from /opt/airflow/dags/lakehouse_bsg_dag.py
[2026-02-18T23:31:28.412+0000] {processor.py:840} INFO - DAG(s) 'lakehouse_bronze_silver_gold' retrieved from /opt/airflow/dags/lakehouse_bsg_dag.py
[2026-02-18T23:31:28.437+0000] {logging_mixin.py:188} INFO - [2026-02-18T23:31:28.437+0000] {dag.py:3089} INFO - Sync 1 DAGs
[2026-02-18T23:31:28.448+0000] {logging_mixin.py:188} INFO - [2026-02-18T23:31:28.447+0000] {dag.py:3947} INFO - Setting next_dagrun for lakehouse_bronze_silver_gold to None, run_after=None
[2026-02-18T23:31:28.462+0000] {processor.py:183} INFO - Processing /opt/airflow/dags/lakehouse_bsg_dag.py took 0.077 seconds
[2026-02-18T23:32:01.909+0000] {processor.py:161} INFO - Started process (PID=3979) to work on /opt/airflow/dags/lakehouse_bsg_dag.py
[2026-02-18T23:32:01.910+0000] {processor.py:830} INFO - Processing file /opt/airflow/dags/lakehouse_bsg_dag.py for tasks to queue
[2026-02-18T23:32:01.912+0000] {logging_mixin.py:188} INFO - [2026-02-18T23:32:01.912+0000] {dagbag.py:545} INFO - Filling up the DagBag from /opt/airflow/dags/lakehouse_bsg_dag.py
[2026-02-18T23:32:01.927+0000] {processor.py:840} INFO - DAG(s) 'lakehouse_bronze_silver_gold' retrieved from /opt/airflow/dags/lakehouse_bsg_dag.py
[2026-02-18T23:32:01.951+0000] {logging_mixin.py:188} INFO - [2026-02-18T23:32:01.951+0000] {dag.py:3089} INFO - Sync 1 DAGs
[2026-02-18T23:32:01.961+0000] {logging_mixin.py:188} INFO - [2026-02-18T23:32:01.961+0000] {dag.py:3947} INFO - Setting next_dagrun for lakehouse_bronze_silver_gold to None, run_after=None
[2026-02-18T23:32:01.978+0000] {processor.py:183} INFO - Processing /opt/airflow/dags/lakehouse_bsg_dag.py took 0.073 seconds
[2026-02-18T23:32:35.408+0000] {processor.py:161} INFO - Started process (PID=3984) to work on /opt/airflow/dags/lakehouse_bsg_dag.py
[2026-02-18T23:32:35.409+0000] {processor.py:830} INFO - Processing file /opt/airflow/dags/lakehouse_bsg_dag.py for tasks to queue
[2026-02-18T23:32:35.411+0000] {logging_mixin.py:188} INFO - [2026-02-18T23:32:35.410+0000] {dagbag.py:545} INFO - Filling up the DagBag from /opt/airflow/dags/lakehouse_bsg_dag.py
[2026-02-18T23:32:35.426+0000] {processor.py:840} INFO - DAG(s) 'lakehouse_bronze_silver_gold' retrieved from /opt/airflow/dags/lakehouse_bsg_dag.py
[2026-02-18T23:32:35.451+0000] {logging_mixin.py:188} INFO - [2026-02-18T23:32:35.451+0000] {dag.py:3089} INFO - Sync 1 DAGs
[2026-02-18T23:32:35.460+0000] {logging_mixin.py:188} INFO - [2026-02-18T23:32:35.460+0000] {dag.py:3947} INFO - Setting next_dagrun for lakehouse_bronze_silver_gold to None, run_after=None
[2026-02-18T23:32:35.479+0000] {processor.py:183} INFO - Processing /opt/airflow/dags/lakehouse_bsg_dag.py took 0.075 seconds
[2026-02-18T23:33:08.911+0000] {processor.py:161} INFO - Started process (PID=3989) to work on /opt/airflow/dags/lakehouse_bsg_dag.py
[2026-02-18T23:33:08.912+0000] {processor.py:830} INFO - Processing file /opt/airflow/dags/lakehouse_bsg_dag.py for tasks to queue
[2026-02-18T23:33:08.913+0000] {logging_mixin.py:188} INFO - [2026-02-18T23:33:08.913+0000] {dagbag.py:545} INFO - Filling up the DagBag from /opt/airflow/dags/lakehouse_bsg_dag.py
[2026-02-18T23:33:08.932+0000] {processor.py:840} INFO - DAG(s) 'lakehouse_bronze_silver_gold' retrieved from /opt/airflow/dags/lakehouse_bsg_dag.py
[2026-02-18T23:33:08.956+0000] {logging_mixin.py:188} INFO - [2026-02-18T23:33:08.956+0000] {dag.py:3089} INFO - Sync 1 DAGs
[2026-02-18T23:33:08.967+0000] {logging_mixin.py:188} INFO - [2026-02-18T23:33:08.967+0000] {dag.py:3947} INFO - Setting next_dagrun for lakehouse_bronze_silver_gold to None, run_after=None
[2026-02-18T23:33:08.982+0000] {processor.py:183} INFO - Processing /opt/airflow/dags/lakehouse_bsg_dag.py took 0.075 seconds
[2026-02-18T23:33:41.402+0000] {processor.py:161} INFO - Started process (PID=3994) to work on /opt/airflow/dags/lakehouse_bsg_dag.py
[2026-02-18T23:33:41.404+0000] {processor.py:830} INFO - Processing file /opt/airflow/dags/lakehouse_bsg_dag.py for tasks to queue
[2026-02-18T23:33:41.405+0000] {logging_mixin.py:188} INFO - [2026-02-18T23:33:41.405+0000] {dagbag.py:545} INFO - Filling up the DagBag from /opt/airflow/dags/lakehouse_bsg_dag.py
[2026-02-18T23:33:41.421+0000] {processor.py:840} INFO - DAG(s) 'lakehouse_bronze_silver_gold' retrieved from /opt/airflow/dags/lakehouse_bsg_dag.py
[2026-02-18T23:33:41.446+0000] {logging_mixin.py:188} INFO - [2026-02-18T23:33:41.446+0000] {dag.py:3089} INFO - Sync 1 DAGs
[2026-02-18T23:33:41.456+0000] {logging_mixin.py:188} INFO - [2026-02-18T23:33:41.455+0000] {dag.py:3947} INFO - Setting next_dagrun for lakehouse_bronze_silver_gold to None, run_after=None
[2026-02-18T23:33:41.470+0000] {processor.py:183} INFO - Processing /opt/airflow/dags/lakehouse_bsg_dag.py took 0.072 seconds
[2026-02-18T23:34:14.966+0000] {processor.py:161} INFO - Started process (PID=3999) to work on /opt/airflow/dags/lakehouse_bsg_dag.py
[2026-02-18T23:34:14.967+0000] {processor.py:830} INFO - Processing file /opt/airflow/dags/lakehouse_bsg_dag.py for tasks to queue
[2026-02-18T23:34:14.969+0000] {logging_mixin.py:188} INFO - [2026-02-18T23:34:14.968+0000] {dagbag.py:545} INFO - Filling up the DagBag from /opt/airflow/dags/lakehouse_bsg_dag.py
[2026-02-18T23:34:14.985+0000] {processor.py:840} INFO - DAG(s) 'lakehouse_bronze_silver_gold' retrieved from /opt/airflow/dags/lakehouse_bsg_dag.py
[2026-02-18T23:34:15.009+0000] {logging_mixin.py:188} INFO - [2026-02-18T23:34:15.009+0000] {dag.py:3089} INFO - Sync 1 DAGs
[2026-02-18T23:34:15.020+0000] {logging_mixin.py:188} INFO - [2026-02-18T23:34:15.020+0000] {dag.py:3947} INFO - Setting next_dagrun for lakehouse_bronze_silver_gold to None, run_after=None
[2026-02-18T23:34:15.038+0000] {processor.py:183} INFO - Processing /opt/airflow/dags/lakehouse_bsg_dag.py took 0.076 seconds
[2026-02-18T23:34:48.446+0000] {processor.py:161} INFO - Started process (PID=4004) to work on /opt/airflow/dags/lakehouse_bsg_dag.py
[2026-02-18T23:34:48.447+0000] {processor.py:830} INFO - Processing file /opt/airflow/dags/lakehouse_bsg_dag.py for tasks to queue
[2026-02-18T23:34:48.449+0000] {logging_mixin.py:188} INFO - [2026-02-18T23:34:48.449+0000] {dagbag.py:545} INFO - Filling up the DagBag from /opt/airflow/dags/lakehouse_bsg_dag.py
[2026-02-18T23:34:48.463+0000] {processor.py:840} INFO - DAG(s) 'lakehouse_bronze_silver_gold' retrieved from /opt/airflow/dags/lakehouse_bsg_dag.py
[2026-02-18T23:34:48.486+0000] {logging_mixin.py:188} INFO - [2026-02-18T23:34:48.486+0000] {dag.py:3089} INFO - Sync 1 DAGs
[2026-02-18T23:34:48.496+0000] {logging_mixin.py:188} INFO - [2026-02-18T23:34:48.496+0000] {dag.py:3947} INFO - Setting next_dagrun for lakehouse_bronze_silver_gold to None, run_after=None
[2026-02-18T23:34:48.511+0000] {processor.py:183} INFO - Processing /opt/airflow/dags/lakehouse_bsg_dag.py took 0.069 seconds
[2026-02-18T23:35:21.979+0000] {processor.py:161} INFO - Started process (PID=4009) to work on /opt/airflow/dags/lakehouse_bsg_dag.py
[2026-02-18T23:35:21.980+0000] {processor.py:830} INFO - Processing file /opt/airflow/dags/lakehouse_bsg_dag.py for tasks to queue
[2026-02-18T23:35:21.981+0000] {logging_mixin.py:188} INFO - [2026-02-18T23:35:21.981+0000] {dagbag.py:545} INFO - Filling up the DagBag from /opt/airflow/dags/lakehouse_bsg_dag.py
[2026-02-18T23:35:21.998+0000] {processor.py:840} INFO - DAG(s) 'lakehouse_bronze_silver_gold' retrieved from /opt/airflow/dags/lakehouse_bsg_dag.py
[2026-02-18T23:35:22.023+0000] {logging_mixin.py:188} INFO - [2026-02-18T23:35:22.022+0000] {dag.py:3089} INFO - Sync 1 DAGs
[2026-02-18T23:35:22.032+0000] {logging_mixin.py:188} INFO - [2026-02-18T23:35:22.032+0000] {dag.py:3947} INFO - Setting next_dagrun for lakehouse_bronze_silver_gold to None, run_after=None
[2026-02-18T23:35:22.048+0000] {processor.py:183} INFO - Processing /opt/airflow/dags/lakehouse_bsg_dag.py took 0.074 seconds
[2026-02-18T23:35:55.452+0000] {processor.py:161} INFO - Started process (PID=4014) to work on /opt/airflow/dags/lakehouse_bsg_dag.py
[2026-02-18T23:35:55.453+0000] {processor.py:830} INFO - Processing file /opt/airflow/dags/lakehouse_bsg_dag.py for tasks to queue
[2026-02-18T23:35:55.455+0000] {logging_mixin.py:188} INFO - [2026-02-18T23:35:55.455+0000] {dagbag.py:545} INFO - Filling up the DagBag from /opt/airflow/dags/lakehouse_bsg_dag.py
[2026-02-18T23:35:55.472+0000] {processor.py:840} INFO - DAG(s) 'lakehouse_bronze_silver_gold' retrieved from /opt/airflow/dags/lakehouse_bsg_dag.py
[2026-02-18T23:35:55.497+0000] {logging_mixin.py:188} INFO - [2026-02-18T23:35:55.497+0000] {dag.py:3089} INFO - Sync 1 DAGs
[2026-02-18T23:35:55.506+0000] {logging_mixin.py:188} INFO - [2026-02-18T23:35:55.506+0000] {dag.py:3947} INFO - Setting next_dagrun for lakehouse_bronze_silver_gold to None, run_after=None
[2026-02-18T23:35:55.522+0000] {processor.py:183} INFO - Processing /opt/airflow/dags/lakehouse_bsg_dag.py took 0.074 seconds
[2026-02-18T23:36:28.985+0000] {processor.py:161} INFO - Started process (PID=4019) to work on /opt/airflow/dags/lakehouse_bsg_dag.py
[2026-02-18T23:36:28.986+0000] {processor.py:830} INFO - Processing file /opt/airflow/dags/lakehouse_bsg_dag.py for tasks to queue
[2026-02-18T23:36:28.988+0000] {logging_mixin.py:188} INFO - [2026-02-18T23:36:28.988+0000] {dagbag.py:545} INFO - Filling up the DagBag from /opt/airflow/dags/lakehouse_bsg_dag.py
[2026-02-18T23:36:29.002+0000] {processor.py:840} INFO - DAG(s) 'lakehouse_bronze_silver_gold' retrieved from /opt/airflow/dags/lakehouse_bsg_dag.py
[2026-02-18T23:36:29.026+0000] {logging_mixin.py:188} INFO - [2026-02-18T23:36:29.026+0000] {dag.py:3089} INFO - Sync 1 DAGs
[2026-02-18T23:36:29.036+0000] {logging_mixin.py:188} INFO - [2026-02-18T23:36:29.036+0000] {dag.py:3947} INFO - Setting next_dagrun for lakehouse_bronze_silver_gold to None, run_after=None
[2026-02-18T23:36:29.053+0000] {processor.py:183} INFO - Processing /opt/airflow/dags/lakehouse_bsg_dag.py took 0.072 seconds
[2026-02-18T23:37:01.452+0000] {processor.py:161} INFO - Started process (PID=4024) to work on /opt/airflow/dags/lakehouse_bsg_dag.py
[2026-02-18T23:37:01.453+0000] {processor.py:830} INFO - Processing file /opt/airflow/dags/lakehouse_bsg_dag.py for tasks to queue
[2026-02-18T23:37:01.455+0000] {logging_mixin.py:188} INFO - [2026-02-18T23:37:01.455+0000] {dagbag.py:545} INFO - Filling up the DagBag from /opt/airflow/dags/lakehouse_bsg_dag.py
[2026-02-18T23:37:01.474+0000] {processor.py:840} INFO - DAG(s) 'lakehouse_bronze_silver_gold' retrieved from /opt/airflow/dags/lakehouse_bsg_dag.py
[2026-02-18T23:37:01.500+0000] {logging_mixin.py:188} INFO - [2026-02-18T23:37:01.500+0000] {dag.py:3089} INFO - Sync 1 DAGs
[2026-02-18T23:37:01.510+0000] {logging_mixin.py:188} INFO - [2026-02-18T23:37:01.510+0000] {dag.py:3947} INFO - Setting next_dagrun for lakehouse_bronze_silver_gold to None, run_after=None
[2026-02-18T23:37:01.525+0000] {processor.py:183} INFO - Processing /opt/airflow/dags/lakehouse_bsg_dag.py took 0.077 seconds
[2026-02-18T23:37:34.978+0000] {processor.py:161} INFO - Started process (PID=4029) to work on /opt/airflow/dags/lakehouse_bsg_dag.py
[2026-02-18T23:37:34.979+0000] {processor.py:830} INFO - Processing file /opt/airflow/dags/lakehouse_bsg_dag.py for tasks to queue
[2026-02-18T23:37:34.981+0000] {logging_mixin.py:188} INFO - [2026-02-18T23:37:34.981+0000] {dagbag.py:545} INFO - Filling up the DagBag from /opt/airflow/dags/lakehouse_bsg_dag.py
[2026-02-18T23:37:34.999+0000] {processor.py:840} INFO - DAG(s) 'lakehouse_bronze_silver_gold' retrieved from /opt/airflow/dags/lakehouse_bsg_dag.py
[2026-02-18T23:37:35.026+0000] {logging_mixin.py:188} INFO - [2026-02-18T23:37:35.026+0000] {dag.py:3089} INFO - Sync 1 DAGs
[2026-02-18T23:37:35.037+0000] {logging_mixin.py:188} INFO - [2026-02-18T23:37:35.036+0000] {dag.py:3947} INFO - Setting next_dagrun for lakehouse_bronze_silver_gold to None, run_after=None
[2026-02-18T23:37:35.053+0000] {processor.py:183} INFO - Processing /opt/airflow/dags/lakehouse_bsg_dag.py took 0.080 seconds
[2026-02-18T23:38:08.461+0000] {processor.py:161} INFO - Started process (PID=4034) to work on /opt/airflow/dags/lakehouse_bsg_dag.py
[2026-02-18T23:38:08.462+0000] {processor.py:830} INFO - Processing file /opt/airflow/dags/lakehouse_bsg_dag.py for tasks to queue
[2026-02-18T23:38:08.464+0000] {logging_mixin.py:188} INFO - [2026-02-18T23:38:08.464+0000] {dagbag.py:545} INFO - Filling up the DagBag from /opt/airflow/dags/lakehouse_bsg_dag.py
[2026-02-18T23:38:08.478+0000] {processor.py:840} INFO - DAG(s) 'lakehouse_bronze_silver_gold' retrieved from /opt/airflow/dags/lakehouse_bsg_dag.py
[2026-02-18T23:38:08.504+0000] {logging_mixin.py:188} INFO - [2026-02-18T23:38:08.504+0000] {dag.py:3089} INFO - Sync 1 DAGs
[2026-02-18T23:38:08.513+0000] {logging_mixin.py:188} INFO - [2026-02-18T23:38:08.513+0000] {dag.py:3947} INFO - Setting next_dagrun for lakehouse_bronze_silver_gold to None, run_after=None
[2026-02-18T23:38:08.527+0000] {processor.py:183} INFO - Processing /opt/airflow/dags/lakehouse_bsg_dag.py took 0.070 seconds
[2026-02-18T23:38:42.000+0000] {processor.py:161} INFO - Started process (PID=4039) to work on /opt/airflow/dags/lakehouse_bsg_dag.py
[2026-02-18T23:38:42.001+0000] {processor.py:830} INFO - Processing file /opt/airflow/dags/lakehouse_bsg_dag.py for tasks to queue
[2026-02-18T23:38:42.003+0000] {logging_mixin.py:188} INFO - [2026-02-18T23:38:42.003+0000] {dagbag.py:545} INFO - Filling up the DagBag from /opt/airflow/dags/lakehouse_bsg_dag.py
[2026-02-18T23:38:42.019+0000] {processor.py:840} INFO - DAG(s) 'lakehouse_bronze_silver_gold' retrieved from /opt/airflow/dags/lakehouse_bsg_dag.py
[2026-02-18T23:38:42.044+0000] {logging_mixin.py:188} INFO - [2026-02-18T23:38:42.043+0000] {dag.py:3089} INFO - Sync 1 DAGs
[2026-02-18T23:38:42.054+0000] {logging_mixin.py:188} INFO - [2026-02-18T23:38:42.053+0000] {dag.py:3947} INFO - Setting next_dagrun for lakehouse_bronze_silver_gold to None, run_after=None
[2026-02-18T23:38:42.069+0000] {processor.py:183} INFO - Processing /opt/airflow/dags/lakehouse_bsg_dag.py took 0.074 seconds
[2026-02-18T23:39:15.497+0000] {processor.py:161} INFO - Started process (PID=4044) to work on /opt/airflow/dags/lakehouse_bsg_dag.py
[2026-02-18T23:39:15.498+0000] {processor.py:830} INFO - Processing file /opt/airflow/dags/lakehouse_bsg_dag.py for tasks to queue
[2026-02-18T23:39:15.501+0000] {logging_mixin.py:188} INFO - [2026-02-18T23:39:15.501+0000] {dagbag.py:545} INFO - Filling up the DagBag from /opt/airflow/dags/lakehouse_bsg_dag.py
[2026-02-18T23:39:15.520+0000] {processor.py:840} INFO - DAG(s) 'lakehouse_bronze_silver_gold' retrieved from /opt/airflow/dags/lakehouse_bsg_dag.py
[2026-02-18T23:39:15.553+0000] {logging_mixin.py:188} INFO - [2026-02-18T23:39:15.552+0000] {dag.py:3089} INFO - Sync 1 DAGs
[2026-02-18T23:39:15.563+0000] {logging_mixin.py:188} INFO - [2026-02-18T23:39:15.563+0000] {dag.py:3947} INFO - Setting next_dagrun for lakehouse_bronze_silver_gold to None, run_after=None
[2026-02-18T23:39:15.580+0000] {processor.py:183} INFO - Processing /opt/airflow/dags/lakehouse_bsg_dag.py took 0.087 seconds
[2026-02-18T23:39:49.007+0000] {processor.py:161} INFO - Started process (PID=4049) to work on /opt/airflow/dags/lakehouse_bsg_dag.py
[2026-02-18T23:39:49.009+0000] {processor.py:830} INFO - Processing file /opt/airflow/dags/lakehouse_bsg_dag.py for tasks to queue
[2026-02-18T23:39:49.011+0000] {logging_mixin.py:188} INFO - [2026-02-18T23:39:49.010+0000] {dagbag.py:545} INFO - Filling up the DagBag from /opt/airflow/dags/lakehouse_bsg_dag.py
[2026-02-18T23:39:49.026+0000] {processor.py:840} INFO - DAG(s) 'lakehouse_bronze_silver_gold' retrieved from /opt/airflow/dags/lakehouse_bsg_dag.py
[2026-02-18T23:39:49.057+0000] {logging_mixin.py:188} INFO - [2026-02-18T23:39:49.057+0000] {dag.py:3089} INFO - Sync 1 DAGs
[2026-02-18T23:39:49.067+0000] {logging_mixin.py:188} INFO - [2026-02-18T23:39:49.067+0000] {dag.py:3947} INFO - Setting next_dagrun for lakehouse_bronze_silver_gold to None, run_after=None
[2026-02-18T23:39:49.084+0000] {processor.py:183} INFO - Processing /opt/airflow/dags/lakehouse_bsg_dag.py took 0.081 seconds
[2026-02-18T23:40:21.519+0000] {processor.py:161} INFO - Started process (PID=4054) to work on /opt/airflow/dags/lakehouse_bsg_dag.py
[2026-02-18T23:40:21.577+0000] {processor.py:830} INFO - Processing file /opt/airflow/dags/lakehouse_bsg_dag.py for tasks to queue
[2026-02-18T23:40:21.579+0000] {logging_mixin.py:188} INFO - [2026-02-18T23:40:21.579+0000] {dagbag.py:545} INFO - Filling up the DagBag from /opt/airflow/dags/lakehouse_bsg_dag.py
[2026-02-18T23:40:21.609+0000] {processor.py:840} INFO - DAG(s) 'lakehouse_bronze_silver_gold' retrieved from /opt/airflow/dags/lakehouse_bsg_dag.py
[2026-02-18T23:40:21.704+0000] {logging_mixin.py:188} INFO - [2026-02-18T23:40:21.704+0000] {dag.py:3089} INFO - Sync 1 DAGs
[2026-02-18T23:40:21.716+0000] {logging_mixin.py:188} INFO - [2026-02-18T23:40:21.716+0000] {dag.py:3947} INFO - Setting next_dagrun for lakehouse_bronze_silver_gold to None, run_after=None
[2026-02-18T23:40:21.733+0000] {processor.py:183} INFO - Processing /opt/airflow/dags/lakehouse_bsg_dag.py took 0.218 seconds
[2026-02-18T23:40:55.055+0000] {processor.py:161} INFO - Started process (PID=4059) to work on /opt/airflow/dags/lakehouse_bsg_dag.py
[2026-02-18T23:40:55.056+0000] {processor.py:830} INFO - Processing file /opt/airflow/dags/lakehouse_bsg_dag.py for tasks to queue
[2026-02-18T23:40:55.059+0000] {logging_mixin.py:188} INFO - [2026-02-18T23:40:55.059+0000] {dagbag.py:545} INFO - Filling up the DagBag from /opt/airflow/dags/lakehouse_bsg_dag.py
[2026-02-18T23:40:55.075+0000] {processor.py:840} INFO - DAG(s) 'lakehouse_bronze_silver_gold' retrieved from /opt/airflow/dags/lakehouse_bsg_dag.py
[2026-02-18T23:40:55.102+0000] {logging_mixin.py:188} INFO - [2026-02-18T23:40:55.102+0000] {dag.py:3089} INFO - Sync 1 DAGs
[2026-02-18T23:40:55.113+0000] {logging_mixin.py:188} INFO - [2026-02-18T23:40:55.113+0000] {dag.py:3947} INFO - Setting next_dagrun for lakehouse_bronze_silver_gold to None, run_after=None
[2026-02-18T23:40:55.128+0000] {processor.py:183} INFO - Processing /opt/airflow/dags/lakehouse_bsg_dag.py took 0.078 seconds
[2026-02-18T23:41:29.068+0000] {processor.py:161} INFO - Started process (PID=4064) to work on /opt/airflow/dags/lakehouse_bsg_dag.py
[2026-02-18T23:41:29.072+0000] {processor.py:830} INFO - Processing file /opt/airflow/dags/lakehouse_bsg_dag.py for tasks to queue
[2026-02-18T23:41:29.118+0000] {logging_mixin.py:188} INFO - [2026-02-18T23:41:29.111+0000] {dagbag.py:545} INFO - Filling up the DagBag from /opt/airflow/dags/lakehouse_bsg_dag.py
[2026-02-18T23:41:29.427+0000] {processor.py:840} INFO - DAG(s) 'lakehouse_bronze_silver_gold' retrieved from /opt/airflow/dags/lakehouse_bsg_dag.py
[2026-02-18T23:41:29.758+0000] {logging_mixin.py:188} INFO - [2026-02-18T23:41:29.758+0000] {dag.py:3089} INFO - Sync 1 DAGs
[2026-02-18T23:41:29.830+0000] {logging_mixin.py:188} INFO - [2026-02-18T23:41:29.830+0000] {dag.py:3947} INFO - Setting next_dagrun for lakehouse_bronze_silver_gold to None, run_after=None
[2026-02-18T23:41:29.898+0000] {processor.py:183} INFO - Processing /opt/airflow/dags/lakehouse_bsg_dag.py took 1.129 seconds
[2026-02-18T23:42:02.152+0000] {processor.py:161} INFO - Started process (PID=4069) to work on /opt/airflow/dags/lakehouse_bsg_dag.py
[2026-02-18T23:42:02.153+0000] {processor.py:830} INFO - Processing file /opt/airflow/dags/lakehouse_bsg_dag.py for tasks to queue
[2026-02-18T23:42:02.155+0000] {logging_mixin.py:188} INFO - [2026-02-18T23:42:02.155+0000] {dagbag.py:545} INFO - Filling up the DagBag from /opt/airflow/dags/lakehouse_bsg_dag.py
[2026-02-18T23:42:02.173+0000] {processor.py:840} INFO - DAG(s) 'lakehouse_bronze_silver_gold' retrieved from /opt/airflow/dags/lakehouse_bsg_dag.py
[2026-02-18T23:42:02.202+0000] {logging_mixin.py:188} INFO - [2026-02-18T23:42:02.201+0000] {dag.py:3089} INFO - Sync 1 DAGs
[2026-02-18T23:42:02.211+0000] {logging_mixin.py:188} INFO - [2026-02-18T23:42:02.211+0000] {dag.py:3947} INFO - Setting next_dagrun for lakehouse_bronze_silver_gold to None, run_after=None
[2026-02-18T23:42:02.226+0000] {processor.py:183} INFO - Processing /opt/airflow/dags/lakehouse_bsg_dag.py took 0.078 seconds
[2026-02-18T23:42:35.621+0000] {processor.py:161} INFO - Started process (PID=4074) to work on /opt/airflow/dags/lakehouse_bsg_dag.py
[2026-02-18T23:42:35.623+0000] {processor.py:830} INFO - Processing file /opt/airflow/dags/lakehouse_bsg_dag.py for tasks to queue
[2026-02-18T23:42:35.625+0000] {logging_mixin.py:188} INFO - [2026-02-18T23:42:35.624+0000] {dagbag.py:545} INFO - Filling up the DagBag from /opt/airflow/dags/lakehouse_bsg_dag.py
[2026-02-18T23:42:35.643+0000] {processor.py:840} INFO - DAG(s) 'lakehouse_bronze_silver_gold' retrieved from /opt/airflow/dags/lakehouse_bsg_dag.py
[2026-02-18T23:42:35.669+0000] {logging_mixin.py:188} INFO - [2026-02-18T23:42:35.669+0000] {dag.py:3089} INFO - Sync 1 DAGs
[2026-02-18T23:42:35.678+0000] {logging_mixin.py:188} INFO - [2026-02-18T23:42:35.678+0000] {dag.py:3947} INFO - Setting next_dagrun for lakehouse_bronze_silver_gold to None, run_after=None
[2026-02-18T23:42:35.693+0000] {processor.py:183} INFO - Processing /opt/airflow/dags/lakehouse_bsg_dag.py took 0.077 seconds
[2026-02-18T23:43:08.160+0000] {processor.py:161} INFO - Started process (PID=4079) to work on /opt/airflow/dags/lakehouse_bsg_dag.py
[2026-02-18T23:43:08.162+0000] {processor.py:830} INFO - Processing file /opt/airflow/dags/lakehouse_bsg_dag.py for tasks to queue
[2026-02-18T23:43:08.164+0000] {logging_mixin.py:188} INFO - [2026-02-18T23:43:08.163+0000] {dagbag.py:545} INFO - Filling up the DagBag from /opt/airflow/dags/lakehouse_bsg_dag.py
[2026-02-18T23:43:08.181+0000] {processor.py:840} INFO - DAG(s) 'lakehouse_bronze_silver_gold' retrieved from /opt/airflow/dags/lakehouse_bsg_dag.py
[2026-02-18T23:43:08.208+0000] {logging_mixin.py:188} INFO - [2026-02-18T23:43:08.208+0000] {dag.py:3089} INFO - Sync 1 DAGs
[2026-02-18T23:43:08.218+0000] {logging_mixin.py:188} INFO - [2026-02-18T23:43:08.218+0000] {dag.py:3947} INFO - Setting next_dagrun for lakehouse_bronze_silver_gold to None, run_after=None
[2026-02-18T23:43:08.236+0000] {processor.py:183} INFO - Processing /opt/airflow/dags/lakehouse_bsg_dag.py took 0.080 seconds
[2026-02-18T23:43:41.636+0000] {processor.py:161} INFO - Started process (PID=4084) to work on /opt/airflow/dags/lakehouse_bsg_dag.py
[2026-02-18T23:43:41.638+0000] {processor.py:830} INFO - Processing file /opt/airflow/dags/lakehouse_bsg_dag.py for tasks to queue
[2026-02-18T23:43:41.639+0000] {logging_mixin.py:188} INFO - [2026-02-18T23:43:41.639+0000] {dagbag.py:545} INFO - Filling up the DagBag from /opt/airflow/dags/lakehouse_bsg_dag.py
[2026-02-18T23:43:41.661+0000] {processor.py:840} INFO - DAG(s) 'lakehouse_bronze_silver_gold' retrieved from /opt/airflow/dags/lakehouse_bsg_dag.py
[2026-02-18T23:43:41.693+0000] {logging_mixin.py:188} INFO - [2026-02-18T23:43:41.693+0000] {dag.py:3089} INFO - Sync 1 DAGs
[2026-02-18T23:43:41.704+0000] {logging_mixin.py:188} INFO - [2026-02-18T23:43:41.703+0000] {dag.py:3947} INFO - Setting next_dagrun for lakehouse_bronze_silver_gold to None, run_after=None
[2026-02-18T23:43:41.719+0000] {processor.py:183} INFO - Processing /opt/airflow/dags/lakehouse_bsg_dag.py took 0.088 seconds
[2026-02-18T23:44:15.232+0000] {processor.py:161} INFO - Started process (PID=4089) to work on /opt/airflow/dags/lakehouse_bsg_dag.py
[2026-02-18T23:44:15.233+0000] {processor.py:830} INFO - Processing file /opt/airflow/dags/lakehouse_bsg_dag.py for tasks to queue
[2026-02-18T23:44:15.235+0000] {logging_mixin.py:188} INFO - [2026-02-18T23:44:15.234+0000] {dagbag.py:545} INFO - Filling up the DagBag from /opt/airflow/dags/lakehouse_bsg_dag.py
[2026-02-18T23:44:15.252+0000] {processor.py:840} INFO - DAG(s) 'lakehouse_bronze_silver_gold' retrieved from /opt/airflow/dags/lakehouse_bsg_dag.py
[2026-02-18T23:44:15.277+0000] {logging_mixin.py:188} INFO - [2026-02-18T23:44:15.277+0000] {dag.py:3089} INFO - Sync 1 DAGs
[2026-02-18T23:44:15.288+0000] {logging_mixin.py:188} INFO - [2026-02-18T23:44:15.287+0000] {dag.py:3947} INFO - Setting next_dagrun for lakehouse_bronze_silver_gold to None, run_after=None
[2026-02-18T23:44:15.304+0000] {processor.py:183} INFO - Processing /opt/airflow/dags/lakehouse_bsg_dag.py took 0.077 seconds
[2026-02-18T23:44:48.702+0000] {processor.py:161} INFO - Started process (PID=4094) to work on /opt/airflow/dags/lakehouse_bsg_dag.py
[2026-02-18T23:44:48.703+0000] {processor.py:830} INFO - Processing file /opt/airflow/dags/lakehouse_bsg_dag.py for tasks to queue
[2026-02-18T23:44:48.705+0000] {logging_mixin.py:188} INFO - [2026-02-18T23:44:48.705+0000] {dagbag.py:545} INFO - Filling up the DagBag from /opt/airflow/dags/lakehouse_bsg_dag.py
[2026-02-18T23:44:48.723+0000] {processor.py:840} INFO - DAG(s) 'lakehouse_bronze_silver_gold' retrieved from /opt/airflow/dags/lakehouse_bsg_dag.py
[2026-02-18T23:44:48.752+0000] {logging_mixin.py:188} INFO - [2026-02-18T23:44:48.752+0000] {dag.py:3089} INFO - Sync 1 DAGs
[2026-02-18T23:44:48.763+0000] {logging_mixin.py:188} INFO - [2026-02-18T23:44:48.762+0000] {dag.py:3947} INFO - Setting next_dagrun for lakehouse_bronze_silver_gold to None, run_after=None
[2026-02-18T23:44:48.778+0000] {processor.py:183} INFO - Processing /opt/airflow/dags/lakehouse_bsg_dag.py took 0.082 seconds
[2026-02-18T23:45:22.244+0000] {processor.py:161} INFO - Started process (PID=4099) to work on /opt/airflow/dags/lakehouse_bsg_dag.py
[2026-02-18T23:45:22.245+0000] {processor.py:830} INFO - Processing file /opt/airflow/dags/lakehouse_bsg_dag.py for tasks to queue
[2026-02-18T23:45:22.247+0000] {logging_mixin.py:188} INFO - [2026-02-18T23:45:22.247+0000] {dagbag.py:545} INFO - Filling up the DagBag from /opt/airflow/dags/lakehouse_bsg_dag.py
[2026-02-18T23:45:22.261+0000] {processor.py:840} INFO - DAG(s) 'lakehouse_bronze_silver_gold' retrieved from /opt/airflow/dags/lakehouse_bsg_dag.py
[2026-02-18T23:45:22.284+0000] {logging_mixin.py:188} INFO - [2026-02-18T23:45:22.284+0000] {dag.py:3089} INFO - Sync 1 DAGs
[2026-02-18T23:45:22.293+0000] {logging_mixin.py:188} INFO - [2026-02-18T23:45:22.293+0000] {dag.py:3947} INFO - Setting next_dagrun for lakehouse_bronze_silver_gold to None, run_after=None
[2026-02-18T23:45:22.307+0000] {processor.py:183} INFO - Processing /opt/airflow/dags/lakehouse_bsg_dag.py took 0.068 seconds
[2026-02-18T23:45:55.796+0000] {processor.py:161} INFO - Started process (PID=4104) to work on /opt/airflow/dags/lakehouse_bsg_dag.py
[2026-02-18T23:45:55.797+0000] {processor.py:830} INFO - Processing file /opt/airflow/dags/lakehouse_bsg_dag.py for tasks to queue
[2026-02-18T23:45:55.799+0000] {logging_mixin.py:188} INFO - [2026-02-18T23:45:55.799+0000] {dagbag.py:545} INFO - Filling up the DagBag from /opt/airflow/dags/lakehouse_bsg_dag.py
[2026-02-18T23:45:55.813+0000] {processor.py:840} INFO - DAG(s) 'lakehouse_bronze_silver_gold' retrieved from /opt/airflow/dags/lakehouse_bsg_dag.py
[2026-02-18T23:45:55.838+0000] {logging_mixin.py:188} INFO - [2026-02-18T23:45:55.838+0000] {dag.py:3089} INFO - Sync 1 DAGs
[2026-02-18T23:45:55.848+0000] {logging_mixin.py:188} INFO - [2026-02-18T23:45:55.847+0000] {dag.py:3947} INFO - Setting next_dagrun for lakehouse_bronze_silver_gold to None, run_after=None
[2026-02-18T23:45:55.862+0000] {processor.py:183} INFO - Processing /opt/airflow/dags/lakehouse_bsg_dag.py took 0.070 seconds
[2026-02-18T23:46:28.318+0000] {processor.py:161} INFO - Started process (PID=4109) to work on /opt/airflow/dags/lakehouse_bsg_dag.py
[2026-02-18T23:46:28.319+0000] {processor.py:830} INFO - Processing file /opt/airflow/dags/lakehouse_bsg_dag.py for tasks to queue
[2026-02-18T23:46:28.321+0000] {logging_mixin.py:188} INFO - [2026-02-18T23:46:28.321+0000] {dagbag.py:545} INFO - Filling up the DagBag from /opt/airflow/dags/lakehouse_bsg_dag.py
[2026-02-18T23:46:28.336+0000] {processor.py:840} INFO - DAG(s) 'lakehouse_bronze_silver_gold' retrieved from /opt/airflow/dags/lakehouse_bsg_dag.py
[2026-02-18T23:46:28.360+0000] {logging_mixin.py:188} INFO - [2026-02-18T23:46:28.359+0000] {dag.py:3089} INFO - Sync 1 DAGs
[2026-02-18T23:46:28.369+0000] {logging_mixin.py:188} INFO - [2026-02-18T23:46:28.369+0000] {dag.py:3947} INFO - Setting next_dagrun for lakehouse_bronze_silver_gold to None, run_after=None
[2026-02-18T23:46:28.384+0000] {processor.py:183} INFO - Processing /opt/airflow/dags/lakehouse_bsg_dag.py took 0.072 seconds
[2026-02-18T23:47:01.828+0000] {processor.py:161} INFO - Started process (PID=4114) to work on /opt/airflow/dags/lakehouse_bsg_dag.py
[2026-02-18T23:47:01.829+0000] {processor.py:830} INFO - Processing file /opt/airflow/dags/lakehouse_bsg_dag.py for tasks to queue
[2026-02-18T23:47:01.831+0000] {logging_mixin.py:188} INFO - [2026-02-18T23:47:01.831+0000] {dagbag.py:545} INFO - Filling up the DagBag from /opt/airflow/dags/lakehouse_bsg_dag.py
[2026-02-18T23:47:01.846+0000] {processor.py:840} INFO - DAG(s) 'lakehouse_bronze_silver_gold' retrieved from /opt/airflow/dags/lakehouse_bsg_dag.py
[2026-02-18T23:47:01.870+0000] {logging_mixin.py:188} INFO - [2026-02-18T23:47:01.870+0000] {dag.py:3089} INFO - Sync 1 DAGs
[2026-02-18T23:47:01.880+0000] {logging_mixin.py:188} INFO - [2026-02-18T23:47:01.880+0000] {dag.py:3947} INFO - Setting next_dagrun for lakehouse_bronze_silver_gold to None, run_after=None
[2026-02-18T23:47:01.896+0000] {processor.py:183} INFO - Processing /opt/airflow/dags/lakehouse_bsg_dag.py took 0.074 seconds
[2026-02-18T23:47:35.330+0000] {processor.py:161} INFO - Started process (PID=4119) to work on /opt/airflow/dags/lakehouse_bsg_dag.py
[2026-02-18T23:47:35.331+0000] {processor.py:830} INFO - Processing file /opt/airflow/dags/lakehouse_bsg_dag.py for tasks to queue
[2026-02-18T23:47:35.333+0000] {logging_mixin.py:188} INFO - [2026-02-18T23:47:35.333+0000] {dagbag.py:545} INFO - Filling up the DagBag from /opt/airflow/dags/lakehouse_bsg_dag.py
[2026-02-18T23:47:35.347+0000] {processor.py:840} INFO - DAG(s) 'lakehouse_bronze_silver_gold' retrieved from /opt/airflow/dags/lakehouse_bsg_dag.py
[2026-02-18T23:47:35.371+0000] {logging_mixin.py:188} INFO - [2026-02-18T23:47:35.371+0000] {dag.py:3089} INFO - Sync 1 DAGs
[2026-02-18T23:47:35.381+0000] {logging_mixin.py:188} INFO - [2026-02-18T23:47:35.381+0000] {dag.py:3947} INFO - Setting next_dagrun for lakehouse_bronze_silver_gold to None, run_after=None
[2026-02-18T23:47:35.395+0000] {processor.py:183} INFO - Processing /opt/airflow/dags/lakehouse_bsg_dag.py took 0.070 seconds
[2026-02-18T23:48:08.890+0000] {processor.py:161} INFO - Started process (PID=4124) to work on /opt/airflow/dags/lakehouse_bsg_dag.py
[2026-02-18T23:48:08.891+0000] {processor.py:830} INFO - Processing file /opt/airflow/dags/lakehouse_bsg_dag.py for tasks to queue
[2026-02-18T23:48:08.893+0000] {logging_mixin.py:188} INFO - [2026-02-18T23:48:08.892+0000] {dagbag.py:545} INFO - Filling up the DagBag from /opt/airflow/dags/lakehouse_bsg_dag.py
[2026-02-18T23:48:08.909+0000] {processor.py:840} INFO - DAG(s) 'lakehouse_bronze_silver_gold' retrieved from /opt/airflow/dags/lakehouse_bsg_dag.py
[2026-02-18T23:48:08.932+0000] {logging_mixin.py:188} INFO - [2026-02-18T23:48:08.932+0000] {dag.py:3089} INFO - Sync 1 DAGs
[2026-02-18T23:48:08.942+0000] {logging_mixin.py:188} INFO - [2026-02-18T23:48:08.942+0000] {dag.py:3947} INFO - Setting next_dagrun for lakehouse_bronze_silver_gold to None, run_after=None
[2026-02-18T23:48:08.956+0000] {processor.py:183} INFO - Processing /opt/airflow/dags/lakehouse_bsg_dag.py took 0.070 seconds
[2026-02-18T23:48:42.393+0000] {processor.py:161} INFO - Started process (PID=4129) to work on /opt/airflow/dags/lakehouse_bsg_dag.py
[2026-02-18T23:48:42.394+0000] {processor.py:830} INFO - Processing file /opt/airflow/dags/lakehouse_bsg_dag.py for tasks to queue
[2026-02-18T23:48:42.396+0000] {logging_mixin.py:188} INFO - [2026-02-18T23:48:42.395+0000] {dagbag.py:545} INFO - Filling up the DagBag from /opt/airflow/dags/lakehouse_bsg_dag.py
[2026-02-18T23:48:42.437+0000] {processor.py:840} INFO - DAG(s) 'lakehouse_bronze_silver_gold' retrieved from /opt/airflow/dags/lakehouse_bsg_dag.py
[2026-02-18T23:48:42.464+0000] {logging_mixin.py:188} INFO - [2026-02-18T23:48:42.464+0000] {dag.py:3089} INFO - Sync 1 DAGs
[2026-02-18T23:48:42.474+0000] {logging_mixin.py:188} INFO - [2026-02-18T23:48:42.474+0000] {dag.py:3947} INFO - Setting next_dagrun for lakehouse_bronze_silver_gold to None, run_after=None
[2026-02-18T23:48:42.491+0000] {processor.py:183} INFO - Processing /opt/airflow/dags/lakehouse_bsg_dag.py took 0.103 seconds
[2026-02-18T23:49:14.989+0000] {processor.py:161} INFO - Started process (PID=4134) to work on /opt/airflow/dags/lakehouse_bsg_dag.py
[2026-02-18T23:49:14.990+0000] {processor.py:830} INFO - Processing file /opt/airflow/dags/lakehouse_bsg_dag.py for tasks to queue
[2026-02-18T23:49:14.991+0000] {logging_mixin.py:188} INFO - [2026-02-18T23:49:14.991+0000] {dagbag.py:545} INFO - Filling up the DagBag from /opt/airflow/dags/lakehouse_bsg_dag.py
[2026-02-18T23:49:15.005+0000] {processor.py:840} INFO - DAG(s) 'lakehouse_bronze_silver_gold' retrieved from /opt/airflow/dags/lakehouse_bsg_dag.py
[2026-02-18T23:49:15.030+0000] {logging_mixin.py:188} INFO - [2026-02-18T23:49:15.030+0000] {dag.py:3089} INFO - Sync 1 DAGs
[2026-02-18T23:49:15.040+0000] {logging_mixin.py:188} INFO - [2026-02-18T23:49:15.040+0000] {dag.py:3947} INFO - Setting next_dagrun for lakehouse_bronze_silver_gold to None, run_after=None
[2026-02-18T23:49:15.055+0000] {processor.py:183} INFO - Processing /opt/airflow/dags/lakehouse_bsg_dag.py took 0.070 seconds
[2026-02-18T23:49:48.505+0000] {processor.py:161} INFO - Started process (PID=4139) to work on /opt/airflow/dags/lakehouse_bsg_dag.py
[2026-02-18T23:49:48.506+0000] {processor.py:830} INFO - Processing file /opt/airflow/dags/lakehouse_bsg_dag.py for tasks to queue
[2026-02-18T23:49:48.508+0000] {logging_mixin.py:188} INFO - [2026-02-18T23:49:48.508+0000] {dagbag.py:545} INFO - Filling up the DagBag from /opt/airflow/dags/lakehouse_bsg_dag.py
[2026-02-18T23:49:48.523+0000] {processor.py:840} INFO - DAG(s) 'lakehouse_bronze_silver_gold' retrieved from /opt/airflow/dags/lakehouse_bsg_dag.py
[2026-02-18T23:49:48.555+0000] {logging_mixin.py:188} INFO - [2026-02-18T23:49:48.555+0000] {dag.py:3089} INFO - Sync 1 DAGs
[2026-02-18T23:49:48.564+0000] {logging_mixin.py:188} INFO - [2026-02-18T23:49:48.564+0000] {dag.py:3947} INFO - Setting next_dagrun for lakehouse_bronze_silver_gold to None, run_after=None
[2026-02-18T23:49:48.579+0000] {processor.py:183} INFO - Processing /opt/airflow/dags/lakehouse_bsg_dag.py took 0.079 seconds
[2026-02-18T23:50:22.041+0000] {processor.py:161} INFO - Started process (PID=4144) to work on /opt/airflow/dags/lakehouse_bsg_dag.py
[2026-02-18T23:50:22.042+0000] {processor.py:830} INFO - Processing file /opt/airflow/dags/lakehouse_bsg_dag.py for tasks to queue
[2026-02-18T23:50:22.044+0000] {logging_mixin.py:188} INFO - [2026-02-18T23:50:22.043+0000] {dagbag.py:545} INFO - Filling up the DagBag from /opt/airflow/dags/lakehouse_bsg_dag.py
[2026-02-18T23:50:22.061+0000] {processor.py:840} INFO - DAG(s) 'lakehouse_bronze_silver_gold' retrieved from /opt/airflow/dags/lakehouse_bsg_dag.py
[2026-02-18T23:50:22.084+0000] {logging_mixin.py:188} INFO - [2026-02-18T23:50:22.084+0000] {dag.py:3089} INFO - Sync 1 DAGs
[2026-02-18T23:50:22.093+0000] {logging_mixin.py:188} INFO - [2026-02-18T23:50:22.093+0000] {dag.py:3947} INFO - Setting next_dagrun for lakehouse_bronze_silver_gold to None, run_after=None
[2026-02-18T23:50:22.109+0000] {processor.py:183} INFO - Processing /opt/airflow/dags/lakehouse_bsg_dag.py took 0.073 seconds
[2026-02-18T23:50:55.573+0000] {processor.py:161} INFO - Started process (PID=4149) to work on /opt/airflow/dags/lakehouse_bsg_dag.py
[2026-02-18T23:50:55.575+0000] {processor.py:830} INFO - Processing file /opt/airflow/dags/lakehouse_bsg_dag.py for tasks to queue
[2026-02-18T23:50:55.578+0000] {logging_mixin.py:188} INFO - [2026-02-18T23:50:55.577+0000] {dagbag.py:545} INFO - Filling up the DagBag from /opt/airflow/dags/lakehouse_bsg_dag.py
[2026-02-18T23:50:55.596+0000] {processor.py:840} INFO - DAG(s) 'lakehouse_bronze_silver_gold' retrieved from /opt/airflow/dags/lakehouse_bsg_dag.py
[2026-02-18T23:50:55.621+0000] {logging_mixin.py:188} INFO - [2026-02-18T23:50:55.621+0000] {dag.py:3089} INFO - Sync 1 DAGs
[2026-02-18T23:50:55.630+0000] {logging_mixin.py:188} INFO - [2026-02-18T23:50:55.630+0000] {dag.py:3947} INFO - Setting next_dagrun for lakehouse_bronze_silver_gold to None, run_after=None
[2026-02-18T23:50:55.644+0000] {processor.py:183} INFO - Processing /opt/airflow/dags/lakehouse_bsg_dag.py took 0.078 seconds
[2026-02-18T23:51:29.127+0000] {processor.py:161} INFO - Started process (PID=4154) to work on /opt/airflow/dags/lakehouse_bsg_dag.py
[2026-02-18T23:51:29.128+0000] {processor.py:830} INFO - Processing file /opt/airflow/dags/lakehouse_bsg_dag.py for tasks to queue
[2026-02-18T23:51:29.130+0000] {logging_mixin.py:188} INFO - [2026-02-18T23:51:29.130+0000] {dagbag.py:545} INFO - Filling up the DagBag from /opt/airflow/dags/lakehouse_bsg_dag.py
[2026-02-18T23:51:29.145+0000] {processor.py:840} INFO - DAG(s) 'lakehouse_bronze_silver_gold' retrieved from /opt/airflow/dags/lakehouse_bsg_dag.py
[2026-02-18T23:51:29.170+0000] {logging_mixin.py:188} INFO - [2026-02-18T23:51:29.170+0000] {dag.py:3089} INFO - Sync 1 DAGs
[2026-02-18T23:51:29.180+0000] {logging_mixin.py:188} INFO - [2026-02-18T23:51:29.180+0000] {dag.py:3947} INFO - Setting next_dagrun for lakehouse_bronze_silver_gold to None, run_after=None
[2026-02-18T23:51:29.197+0000] {processor.py:183} INFO - Processing /opt/airflow/dags/lakehouse_bsg_dag.py took 0.074 seconds
[2026-02-18T23:52:01.718+0000] {processor.py:161} INFO - Started process (PID=4159) to work on /opt/airflow/dags/lakehouse_bsg_dag.py
[2026-02-18T23:52:01.719+0000] {processor.py:830} INFO - Processing file /opt/airflow/dags/lakehouse_bsg_dag.py for tasks to queue
[2026-02-18T23:52:01.721+0000] {logging_mixin.py:188} INFO - [2026-02-18T23:52:01.720+0000] {dagbag.py:545} INFO - Filling up the DagBag from /opt/airflow/dags/lakehouse_bsg_dag.py
[2026-02-18T23:52:01.735+0000] {processor.py:840} INFO - DAG(s) 'lakehouse_bronze_silver_gold' retrieved from /opt/airflow/dags/lakehouse_bsg_dag.py
[2026-02-18T23:52:01.758+0000] {logging_mixin.py:188} INFO - [2026-02-18T23:52:01.758+0000] {dag.py:3089} INFO - Sync 1 DAGs
[2026-02-18T23:52:01.768+0000] {logging_mixin.py:188} INFO - [2026-02-18T23:52:01.768+0000] {dag.py:3947} INFO - Setting next_dagrun for lakehouse_bronze_silver_gold to None, run_after=None
[2026-02-18T23:52:01.783+0000] {processor.py:183} INFO - Processing /opt/airflow/dags/lakehouse_bsg_dag.py took 0.069 seconds
[2026-02-18T23:52:35.249+0000] {processor.py:161} INFO - Started process (PID=4164) to work on /opt/airflow/dags/lakehouse_bsg_dag.py
[2026-02-18T23:52:35.250+0000] {processor.py:830} INFO - Processing file /opt/airflow/dags/lakehouse_bsg_dag.py for tasks to queue
[2026-02-18T23:52:35.252+0000] {logging_mixin.py:188} INFO - [2026-02-18T23:52:35.252+0000] {dagbag.py:545} INFO - Filling up the DagBag from /opt/airflow/dags/lakehouse_bsg_dag.py
[2026-02-18T23:52:35.268+0000] {processor.py:840} INFO - DAG(s) 'lakehouse_bronze_silver_gold' retrieved from /opt/airflow/dags/lakehouse_bsg_dag.py
[2026-02-18T23:52:35.291+0000] {logging_mixin.py:188} INFO - [2026-02-18T23:52:35.291+0000] {dag.py:3089} INFO - Sync 1 DAGs
[2026-02-18T23:52:35.301+0000] {logging_mixin.py:188} INFO - [2026-02-18T23:52:35.301+0000] {dag.py:3947} INFO - Setting next_dagrun for lakehouse_bronze_silver_gold to None, run_after=None
[2026-02-18T23:52:35.333+0000] {processor.py:183} INFO - Processing /opt/airflow/dags/lakehouse_bsg_dag.py took 0.089 seconds
[2026-02-18T23:53:08.849+0000] {processor.py:161} INFO - Started process (PID=4169) to work on /opt/airflow/dags/lakehouse_bsg_dag.py
[2026-02-18T23:53:08.850+0000] {processor.py:830} INFO - Processing file /opt/airflow/dags/lakehouse_bsg_dag.py for tasks to queue
[2026-02-18T23:53:08.852+0000] {logging_mixin.py:188} INFO - [2026-02-18T23:53:08.851+0000] {dagbag.py:545} INFO - Filling up the DagBag from /opt/airflow/dags/lakehouse_bsg_dag.py
[2026-02-18T23:53:08.867+0000] {processor.py:840} INFO - DAG(s) 'lakehouse_bronze_silver_gold' retrieved from /opt/airflow/dags/lakehouse_bsg_dag.py
[2026-02-18T23:53:08.888+0000] {logging_mixin.py:188} INFO - [2026-02-18T23:53:08.888+0000] {dag.py:3089} INFO - Sync 1 DAGs
[2026-02-18T23:53:08.897+0000] {logging_mixin.py:188} INFO - [2026-02-18T23:53:08.897+0000] {dag.py:3947} INFO - Setting next_dagrun for lakehouse_bronze_silver_gold to None, run_after=None
[2026-02-18T23:53:08.913+0000] {processor.py:183} INFO - Processing /opt/airflow/dags/lakehouse_bsg_dag.py took 0.067 seconds
[2026-02-18T23:53:42.365+0000] {processor.py:161} INFO - Started process (PID=4174) to work on /opt/airflow/dags/lakehouse_bsg_dag.py
[2026-02-18T23:53:42.366+0000] {processor.py:830} INFO - Processing file /opt/airflow/dags/lakehouse_bsg_dag.py for tasks to queue
[2026-02-18T23:53:42.368+0000] {logging_mixin.py:188} INFO - [2026-02-18T23:53:42.367+0000] {dagbag.py:545} INFO - Filling up the DagBag from /opt/airflow/dags/lakehouse_bsg_dag.py
[2026-02-18T23:53:42.383+0000] {processor.py:840} INFO - DAG(s) 'lakehouse_bronze_silver_gold' retrieved from /opt/airflow/dags/lakehouse_bsg_dag.py
[2026-02-18T23:53:42.407+0000] {logging_mixin.py:188} INFO - [2026-02-18T23:53:42.407+0000] {dag.py:3089} INFO - Sync 1 DAGs
[2026-02-18T23:53:42.418+0000] {logging_mixin.py:188} INFO - [2026-02-18T23:53:42.417+0000] {dag.py:3947} INFO - Setting next_dagrun for lakehouse_bronze_silver_gold to None, run_after=None
[2026-02-18T23:53:42.434+0000] {processor.py:183} INFO - Processing /opt/airflow/dags/lakehouse_bsg_dag.py took 0.073 seconds
[2026-02-18T23:54:14.956+0000] {processor.py:161} INFO - Started process (PID=4179) to work on /opt/airflow/dags/lakehouse_bsg_dag.py
[2026-02-18T23:54:14.957+0000] {processor.py:830} INFO - Processing file /opt/airflow/dags/lakehouse_bsg_dag.py for tasks to queue
[2026-02-18T23:54:14.958+0000] {logging_mixin.py:188} INFO - [2026-02-18T23:54:14.958+0000] {dagbag.py:545} INFO - Filling up the DagBag from /opt/airflow/dags/lakehouse_bsg_dag.py
[2026-02-18T23:54:14.973+0000] {processor.py:840} INFO - DAG(s) 'lakehouse_bronze_silver_gold' retrieved from /opt/airflow/dags/lakehouse_bsg_dag.py
[2026-02-18T23:54:14.997+0000] {logging_mixin.py:188} INFO - [2026-02-18T23:54:14.997+0000] {dag.py:3089} INFO - Sync 1 DAGs
[2026-02-18T23:54:15.007+0000] {logging_mixin.py:188} INFO - [2026-02-18T23:54:15.007+0000] {dag.py:3947} INFO - Setting next_dagrun for lakehouse_bronze_silver_gold to None, run_after=None
[2026-02-18T23:54:15.023+0000] {processor.py:183} INFO - Processing /opt/airflow/dags/lakehouse_bsg_dag.py took 0.072 seconds
[2026-02-18T23:54:48.471+0000] {processor.py:161} INFO - Started process (PID=4184) to work on /opt/airflow/dags/lakehouse_bsg_dag.py
[2026-02-18T23:54:48.473+0000] {processor.py:830} INFO - Processing file /opt/airflow/dags/lakehouse_bsg_dag.py for tasks to queue
[2026-02-18T23:54:48.474+0000] {logging_mixin.py:188} INFO - [2026-02-18T23:54:48.474+0000] {dagbag.py:545} INFO - Filling up the DagBag from /opt/airflow/dags/lakehouse_bsg_dag.py
[2026-02-18T23:54:48.489+0000] {processor.py:840} INFO - DAG(s) 'lakehouse_bronze_silver_gold' retrieved from /opt/airflow/dags/lakehouse_bsg_dag.py
[2026-02-18T23:54:48.513+0000] {logging_mixin.py:188} INFO - [2026-02-18T23:54:48.513+0000] {dag.py:3089} INFO - Sync 1 DAGs
[2026-02-18T23:54:48.523+0000] {logging_mixin.py:188} INFO - [2026-02-18T23:54:48.523+0000] {dag.py:3947} INFO - Setting next_dagrun for lakehouse_bronze_silver_gold to None, run_after=None
[2026-02-18T23:54:48.539+0000] {processor.py:183} INFO - Processing /opt/airflow/dags/lakehouse_bsg_dag.py took 0.072 seconds
[2026-02-18T23:55:22.065+0000] {processor.py:161} INFO - Started process (PID=4189) to work on /opt/airflow/dags/lakehouse_bsg_dag.py
[2026-02-18T23:55:22.066+0000] {processor.py:830} INFO - Processing file /opt/airflow/dags/lakehouse_bsg_dag.py for tasks to queue
[2026-02-18T23:55:22.068+0000] {logging_mixin.py:188} INFO - [2026-02-18T23:55:22.067+0000] {dagbag.py:545} INFO - Filling up the DagBag from /opt/airflow/dags/lakehouse_bsg_dag.py
[2026-02-18T23:55:22.080+0000] {processor.py:840} INFO - DAG(s) 'lakehouse_bronze_silver_gold' retrieved from /opt/airflow/dags/lakehouse_bsg_dag.py
[2026-02-18T23:55:22.107+0000] {logging_mixin.py:188} INFO - [2026-02-18T23:55:22.106+0000] {dag.py:3089} INFO - Sync 1 DAGs
[2026-02-18T23:55:22.116+0000] {logging_mixin.py:188} INFO - [2026-02-18T23:55:22.116+0000] {dag.py:3947} INFO - Setting next_dagrun for lakehouse_bronze_silver_gold to None, run_after=None
[2026-02-18T23:55:22.129+0000] {processor.py:183} INFO - Processing /opt/airflow/dags/lakehouse_bsg_dag.py took 0.068 seconds
[2026-02-18T23:55:55.612+0000] {processor.py:161} INFO - Started process (PID=4194) to work on /opt/airflow/dags/lakehouse_bsg_dag.py
[2026-02-18T23:55:55.613+0000] {processor.py:830} INFO - Processing file /opt/airflow/dags/lakehouse_bsg_dag.py for tasks to queue
[2026-02-18T23:55:55.615+0000] {logging_mixin.py:188} INFO - [2026-02-18T23:55:55.614+0000] {dagbag.py:545} INFO - Filling up the DagBag from /opt/airflow/dags/lakehouse_bsg_dag.py
[2026-02-18T23:55:55.629+0000] {processor.py:840} INFO - DAG(s) 'lakehouse_bronze_silver_gold' retrieved from /opt/airflow/dags/lakehouse_bsg_dag.py
[2026-02-18T23:55:55.653+0000] {logging_mixin.py:188} INFO - [2026-02-18T23:55:55.653+0000] {dag.py:3089} INFO - Sync 1 DAGs
[2026-02-18T23:55:55.663+0000] {logging_mixin.py:188} INFO - [2026-02-18T23:55:55.663+0000] {dag.py:3947} INFO - Setting next_dagrun for lakehouse_bronze_silver_gold to None, run_after=None
[2026-02-18T23:55:55.679+0000] {processor.py:183} INFO - Processing /opt/airflow/dags/lakehouse_bsg_dag.py took 0.071 seconds
[2026-02-18T23:56:29.170+0000] {processor.py:161} INFO - Started process (PID=4199) to work on /opt/airflow/dags/lakehouse_bsg_dag.py
[2026-02-18T23:56:29.171+0000] {processor.py:830} INFO - Processing file /opt/airflow/dags/lakehouse_bsg_dag.py for tasks to queue
[2026-02-18T23:56:29.173+0000] {logging_mixin.py:188} INFO - [2026-02-18T23:56:29.173+0000] {dagbag.py:545} INFO - Filling up the DagBag from /opt/airflow/dags/lakehouse_bsg_dag.py
[2026-02-18T23:56:29.191+0000] {processor.py:840} INFO - DAG(s) 'lakehouse_bronze_silver_gold' retrieved from /opt/airflow/dags/lakehouse_bsg_dag.py
[2026-02-18T23:56:29.217+0000] {logging_mixin.py:188} INFO - [2026-02-18T23:56:29.217+0000] {dag.py:3089} INFO - Sync 1 DAGs
[2026-02-18T23:56:29.229+0000] {logging_mixin.py:188} INFO - [2026-02-18T23:56:29.229+0000] {dag.py:3947} INFO - Setting next_dagrun for lakehouse_bronze_silver_gold to None, run_after=None
[2026-02-18T23:56:29.243+0000] {processor.py:183} INFO - Processing /opt/airflow/dags/lakehouse_bsg_dag.py took 0.079 seconds
[2026-02-18T23:57:01.950+0000] {processor.py:161} INFO - Started process (PID=4204) to work on /opt/airflow/dags/lakehouse_bsg_dag.py
[2026-02-18T23:57:01.958+0000] {processor.py:830} INFO - Processing file /opt/airflow/dags/lakehouse_bsg_dag.py for tasks to queue
[2026-02-18T23:57:02.039+0000] {logging_mixin.py:188} INFO - [2026-02-18T23:57:02.029+0000] {dagbag.py:545} INFO - Filling up the DagBag from /opt/airflow/dags/lakehouse_bsg_dag.py
[2026-02-18T23:57:02.305+0000] {processor.py:840} INFO - DAG(s) 'lakehouse_bronze_silver_gold' retrieved from /opt/airflow/dags/lakehouse_bsg_dag.py
[2026-02-18T23:57:02.752+0000] {logging_mixin.py:188} INFO - [2026-02-18T23:57:02.752+0000] {dag.py:3089} INFO - Sync 1 DAGs
[2026-02-18T23:57:02.939+0000] {logging_mixin.py:188} INFO - [2026-02-18T23:57:02.939+0000] {dag.py:3947} INFO - Setting next_dagrun for lakehouse_bronze_silver_gold to None, run_after=None
[2026-02-18T23:57:04.218+0000] {processor.py:183} INFO - Processing /opt/airflow/dags/lakehouse_bsg_dag.py took 2.400 seconds
[2026-02-18T23:57:35.244+0000] {processor.py:161} INFO - Started process (PID=4209) to work on /opt/airflow/dags/lakehouse_bsg_dag.py
[2026-02-18T23:57:35.246+0000] {processor.py:830} INFO - Processing file /opt/airflow/dags/lakehouse_bsg_dag.py for tasks to queue
[2026-02-18T23:57:35.247+0000] {logging_mixin.py:188} INFO - [2026-02-18T23:57:35.247+0000] {dagbag.py:545} INFO - Filling up the DagBag from /opt/airflow/dags/lakehouse_bsg_dag.py
[2026-02-18T23:57:35.272+0000] {processor.py:840} INFO - DAG(s) 'lakehouse_bronze_silver_gold' retrieved from /opt/airflow/dags/lakehouse_bsg_dag.py
[2026-02-18T23:57:35.299+0000] {logging_mixin.py:188} INFO - [2026-02-18T23:57:35.298+0000] {dag.py:3089} INFO - Sync 1 DAGs
[2026-02-18T23:57:35.308+0000] {logging_mixin.py:188} INFO - [2026-02-18T23:57:35.308+0000] {dag.py:3947} INFO - Setting next_dagrun for lakehouse_bronze_silver_gold to None, run_after=None
[2026-02-18T23:57:35.328+0000] {processor.py:183} INFO - Processing /opt/airflow/dags/lakehouse_bsg_dag.py took 0.089 seconds
[2026-02-18T23:58:08.769+0000] {processor.py:161} INFO - Started process (PID=4214) to work on /opt/airflow/dags/lakehouse_bsg_dag.py
[2026-02-18T23:58:08.770+0000] {processor.py:830} INFO - Processing file /opt/airflow/dags/lakehouse_bsg_dag.py for tasks to queue
[2026-02-18T23:58:08.773+0000] {logging_mixin.py:188} INFO - [2026-02-18T23:58:08.773+0000] {dagbag.py:545} INFO - Filling up the DagBag from /opt/airflow/dags/lakehouse_bsg_dag.py
[2026-02-18T23:58:08.791+0000] {processor.py:840} INFO - DAG(s) 'lakehouse_bronze_silver_gold' retrieved from /opt/airflow/dags/lakehouse_bsg_dag.py
[2026-02-18T23:58:08.822+0000] {logging_mixin.py:188} INFO - [2026-02-18T23:58:08.821+0000] {dag.py:3089} INFO - Sync 1 DAGs
[2026-02-18T23:58:08.833+0000] {logging_mixin.py:188} INFO - [2026-02-18T23:58:08.832+0000] {dag.py:3947} INFO - Setting next_dagrun for lakehouse_bronze_silver_gold to None, run_after=None
[2026-02-18T23:58:08.848+0000] {processor.py:183} INFO - Processing /opt/airflow/dags/lakehouse_bsg_dag.py took 0.086 seconds
[2026-02-18T23:58:42.310+0000] {processor.py:161} INFO - Started process (PID=4219) to work on /opt/airflow/dags/lakehouse_bsg_dag.py
[2026-02-18T23:58:42.311+0000] {processor.py:830} INFO - Processing file /opt/airflow/dags/lakehouse_bsg_dag.py for tasks to queue
[2026-02-18T23:58:42.313+0000] {logging_mixin.py:188} INFO - [2026-02-18T23:58:42.313+0000] {dagbag.py:545} INFO - Filling up the DagBag from /opt/airflow/dags/lakehouse_bsg_dag.py
[2026-02-18T23:58:42.328+0000] {processor.py:840} INFO - DAG(s) 'lakehouse_bronze_silver_gold' retrieved from /opt/airflow/dags/lakehouse_bsg_dag.py
[2026-02-18T23:58:42.352+0000] {logging_mixin.py:188} INFO - [2026-02-18T23:58:42.351+0000] {dag.py:3089} INFO - Sync 1 DAGs
[2026-02-18T23:58:42.361+0000] {logging_mixin.py:188} INFO - [2026-02-18T23:58:42.361+0000] {dag.py:3947} INFO - Setting next_dagrun for lakehouse_bronze_silver_gold to None, run_after=None
[2026-02-18T23:58:42.375+0000] {processor.py:183} INFO - Processing /opt/airflow/dags/lakehouse_bsg_dag.py took 0.069 seconds
[2026-02-18T23:59:15.882+0000] {processor.py:161} INFO - Started process (PID=4224) to work on /opt/airflow/dags/lakehouse_bsg_dag.py
[2026-02-18T23:59:15.883+0000] {processor.py:830} INFO - Processing file /opt/airflow/dags/lakehouse_bsg_dag.py for tasks to queue
[2026-02-18T23:59:15.885+0000] {logging_mixin.py:188} INFO - [2026-02-18T23:59:15.885+0000] {dagbag.py:545} INFO - Filling up the DagBag from /opt/airflow/dags/lakehouse_bsg_dag.py
[2026-02-18T23:59:15.904+0000] {processor.py:840} INFO - DAG(s) 'lakehouse_bronze_silver_gold' retrieved from /opt/airflow/dags/lakehouse_bsg_dag.py
[2026-02-18T23:59:15.938+0000] {logging_mixin.py:188} INFO - [2026-02-18T23:59:15.938+0000] {dag.py:3089} INFO - Sync 1 DAGs
[2026-02-18T23:59:15.950+0000] {logging_mixin.py:188} INFO - [2026-02-18T23:59:15.950+0000] {dag.py:3947} INFO - Setting next_dagrun for lakehouse_bronze_silver_gold to None, run_after=None
[2026-02-18T23:59:15.968+0000] {processor.py:183} INFO - Processing /opt/airflow/dags/lakehouse_bsg_dag.py took 0.094 seconds
[2026-02-18T23:59:48.349+0000] {processor.py:161} INFO - Started process (PID=4229) to work on /opt/airflow/dags/lakehouse_bsg_dag.py
[2026-02-18T23:59:48.350+0000] {processor.py:830} INFO - Processing file /opt/airflow/dags/lakehouse_bsg_dag.py for tasks to queue
[2026-02-18T23:59:48.352+0000] {logging_mixin.py:188} INFO - [2026-02-18T23:59:48.351+0000] {dagbag.py:545} INFO - Filling up the DagBag from /opt/airflow/dags/lakehouse_bsg_dag.py
[2026-02-18T23:59:48.369+0000] {processor.py:840} INFO - DAG(s) 'lakehouse_bronze_silver_gold' retrieved from /opt/airflow/dags/lakehouse_bsg_dag.py
[2026-02-18T23:59:48.397+0000] {logging_mixin.py:188} INFO - [2026-02-18T23:59:48.397+0000] {dag.py:3089} INFO - Sync 1 DAGs
[2026-02-18T23:59:48.407+0000] {logging_mixin.py:188} INFO - [2026-02-18T23:59:48.407+0000] {dag.py:3947} INFO - Setting next_dagrun for lakehouse_bronze_silver_gold to None, run_after=None
[2026-02-18T23:59:48.423+0000] {processor.py:183} INFO - Processing /opt/airflow/dags/lakehouse_bsg_dag.py took 0.078 seconds
